09:45:36.933  SCK Ground Station ready.
09:45:37.511  Log folder: C:\Users\maxor\source\repos\2022_projects\OpenLST_GroundStation\bin\Release\net8.0-windows\Log
09:45:37.513  Flights folder: C:\Users\maxor\source\repos\2022_projects\OpenLST_GroundStation\bin\Release\net8.0-windows\Flights
09:45:56.391  Board: SCK-2400 (CCSDS)
09:45:58.579  Connected: COM12 @ 921600
09:46:07.287    → TX [0000]  [CCSDS] get_telem seq=2 dest=0x010
09:46:12.522    ✗ No telem reply
09:46:22.920    → TX [0000]  [CCSDS] get_telem seq=3 dest=0x010
09:46:27.974    ✗ No telem reply
09:49:33.361    → TX [0000]  [CCSDS] get_telem seq=4 dest=0x010
09:49:38.155    ✗ No telem reply
09:52:00.050  RF Power: patched radio.h → TX_POWER = BENCH (0 dBm bench)
09:52:00.065  Board: patched ccsds.h → SCK_APID_THIS_BOARD = 0x010 (GS Board  (APID 0x010))
09:52:00.081  ══════════════════════════════════════════════════
09:52:00.083    SCK-2400 Build  →  GS Board  (APID 0x010)
09:52:00.084    SCK_APID_THIS_BOARD = 0x010
09:52:00.086    Build type: full
09:52:00.087  ══════════════════════════════════════════════════
09:52:10.775  # ================================================================================
09:52:10.778  # [Tue Jun 09 09:52:10 CDT 2026]: CCS headless build starting...
09:52:11.643  **** Clean-only build of configuration 'Debug' for project 'sck2400_firmware' ****
09:52:12.063  "C:\\ti\\ccs2051\\ccs\\utils\\bin\\gmake" -k -j 12 clean -r -O
09:52:12.526  DEL /F "syscfg\ti_radio_config.h" "syscfg\ti_drivers_config.h" "syscfg\ti_utils_build_linker.cmd.genlibs" "syscfg\ti_utils_build_linker.cmd.genmap" "syscfg\syscfg_c.rov.xs" "syscfg\ti_sysbios_config.h" "syscfg\ti_devices_config.c" "syscfg\ti_radio_config.c" "syscfg\ti_drivers_config.c" "syscfg\ti_utils_build_compiler.opt" "syscfg\ti_sysbios_config.c" "sck2400_firmware.out"
09:52:12.528  DEL /F "RFQueue.o" "ccsds.o" "main.o" "main_tirtos.o" "oad_image_header_app.o" "radio.o" "syscfg\ti_devices_config.o" "syscfg\ti_radio_config.o" "syscfg\ti_drivers_config.o" "syscfg\ti_sysbios_config.o" "telemetry.o" "uart.o"
09:52:12.530  DEL /F "RFQueue.d" "ccsds.d" "main.d" "main_tirtos.d" "oad_image_header_app.d" "radio.d" "syscfg\ti_devices_config.d" "syscfg\ti_radio_config.d" "syscfg\ti_drivers_config.d" "syscfg\ti_sysbios_config.d" "telemetry.d" "uart.d"
09:52:12.540  RMDIR /S/Q "syscfg"
09:52:12.609  **** Build finished ****
09:52:17.493  **** Build of configuration 'Debug' for project 'sck2400_firmware' ****
09:52:17.507  "C:\\ti\\ccs2051\\ccs\\utils\\bin\\gmake" -k -j 12 all -r -O
09:52:25.936  SysConfig - building file: "../sck2400.syscfg"
09:52:25.942  "C:/ti/sysconfig_1.21.1/sysconfig_cli.bat" -s "C:/ti/simplelink_cc13xx_cc26xx_sdk_8_32_00_07/.metadata/product.json" --script "C:/Users/maxor/workspace_ccstheia/sck2400_firmware/sck2400.syscfg" -o "syscfg" --compiler ticlang
09:52:25.945  Running script...
09:52:25.948  Validating...
09:52:25.951  warning: CONFIG_SPI_0(/ti/drivers/SPI) spi.csnPin: Connected to hardware
09:52:25.954  DIO20/38 is connected to MX25R8035F SPI Flash Chip Select on the CC1352P-2 LaunchPad. Consider selecting it in 'use hardware' above. Using a custom board?
09:52:25.957  0 error(s), 1 warning(s)
09:52:25.960  Generating Code (sck2400.syscfg)...
09:52:25.964  Writing C:\Users\maxor\workspace_ccstheia\sck2400_firmware\Debug\syscfg\ti_devices_config.c...
09:52:25.966  Writing C:\Users\maxor\workspace_ccstheia\sck2400_firmware\Debug\syscfg\ti_radio_config.c...
09:52:25.970  Writing C:\Users\maxor\workspace_ccstheia\sck2400_firmware\Debug\syscfg\ti_radio_config.h...
09:52:25.973  Writing C:\Users\maxor\workspace_ccstheia\sck2400_firmware\Debug\syscfg\ti_drivers_config.c...
09:52:25.977  Writing C:\Users\maxor\workspace_ccstheia\sck2400_firmware\Debug\syscfg\ti_drivers_config.h...
09:52:25.980  Writing C:\Users\maxor\workspace_ccstheia\sck2400_firmware\Debug\syscfg\ti_utils_build_linker.cmd.genlibs...
09:52:25.984  Writing C:\Users\maxor\workspace_ccstheia\sck2400_firmware\Debug\syscfg\ti_utils_build_linker.cmd.genmap...
09:52:25.987  Writing C:\Users\maxor\workspace_ccstheia\sck2400_firmware\Debug\syscfg\ti_utils_build_compiler.opt...
09:52:25.990  Writing C:\Users\maxor\workspace_ccstheia\sck2400_firmware\Debug\syscfg\syscfg_c.rov.xs...
09:52:25.992  Writing C:\Users\maxor\workspace_ccstheia\sck2400_firmware\Debug\syscfg\ti_sysbios_config.h...
09:52:25.995  Writing C:\Users\maxor\workspace_ccstheia\sck2400_firmware\Debug\syscfg\ti_sysbios_config.c...
09:52:25.998  Finished building: "../sck2400.syscfg"
09:52:29.560  Arm Compiler - building file: "../oad_image_header_app.c"
09:52:29.566  "C:/ti/ti_cgt_arm_llvm_3.2.2.LTS/bin/tiarmclang.exe" -c -mcpu=cortex-m4 -mfloat-abi=hard -mfpu=fpv4-sp-d16 -mlittle-endian -mthumb -Oz -I"C:/Users/maxor/workspace_ccstheia/sck2400_firmware" -I"C:/Users/maxor/workspace_ccstheia/sck2400_firmware/Debug" -I"C:/ti/simplelink_cc13xx_cc26xx_sdk_8_32_00_07/source" -I"C:/ti/simplelink_cc13xx_cc26xx_sdk_8_32_00_07/kernel/tirtos7/packages" -I"C:/ti/simplelink_cc13xx_cc26xx_sdk_8_32_00_07/source/ti/posix/ticlang" -gdwarf-3 -march=armv7e-m -MMD -MP -MF"oad_image_header_app.d_raw" -MT"oad_image_header_app.o" -I"C:/Users/maxor/workspace_ccstheia/sck2400_firmware/Debug/syscfg"  @"syscfg/ti_utils_build_compiler.opt"  -o"oad_image_header_app.o" "../oad_image_header_app.c"
09:52:29.572  Finished building: "../oad_image_header_app.c"
09:52:29.639  Arm Compiler - building file: "syscfg/ti_devices_config.c"
09:52:29.644  "C:/ti/ti_cgt_arm_llvm_3.2.2.LTS/bin/tiarmclang.exe" -c -mcpu=cortex-m4 -mfloat-abi=hard -mfpu=fpv4-sp-d16 -mlittle-endian -mthumb -Oz -I"C:/Users/maxor/workspace_ccstheia/sck2400_firmware" -I"C:/Users/maxor/workspace_ccstheia/sck2400_firmware/Debug" -I"C:/ti/simplelink_cc13xx_cc26xx_sdk_8_32_00_07/source" -I"C:/ti/simplelink_cc13xx_cc26xx_sdk_8_32_00_07/kernel/tirtos7/packages" -I"C:/ti/simplelink_cc13xx_cc26xx_sdk_8_32_00_07/source/ti/posix/ticlang" -gdwarf-3 -march=armv7e-m -MMD -MP -MF"syscfg/ti_devices_config.d_raw" -MT"syscfg/ti_devices_config.o" -I"C:/Users/maxor/workspace_ccstheia/sck2400_firmware/Debug/syscfg"  @"syscfg/ti_utils_build_compiler.opt"  -o"syscfg/ti_devices_config.o" "syscfg/ti_devices_config.c"
09:52:29.653  Finished building: "syscfg/ti_devices_config.c"
09:52:29.657  Arm Compiler - building file: "syscfg/ti_radio_config.c"
09:52:29.661  "C:/ti/ti_cgt_arm_llvm_3.2.2.LTS/bin/tiarmclang.exe" -c -mcpu=cortex-m4 -mfloat-abi=hard -mfpu=fpv4-sp-d16 -mlittle-endian -mthumb -Oz -I"C:/Users/maxor/workspace_ccstheia/sck2400_firmware" -I"C:/Users/maxor/workspace_ccstheia/sck2400_firmware/Debug" -I"C:/ti/simplelink_cc13xx_cc26xx_sdk_8_32_00_07/source" -I"C:/ti/simplelink_cc13xx_cc26xx_sdk_8_32_00_07/kernel/tirtos7/packages" -I"C:/ti/simplelink_cc13xx_cc26xx_sdk_8_32_00_07/source/ti/posix/ticlang" -gdwarf-3 -march=armv7e-m -MMD -MP -MF"syscfg/ti_radio_config.d_raw" -MT"syscfg/ti_radio_config.o" -I"C:/Users/maxor/workspace_ccstheia/sck2400_firmware/Debug/syscfg"  @"syscfg/ti_utils_build_compiler.opt"  -o"syscfg/ti_radio_config.o" "syscfg/ti_radio_config.c"
09:52:29.666  Finished building: "syscfg/ti_radio_config.c"
09:52:29.670  Arm Compiler - building file: "../RFQueue.c"
09:52:29.675  "C:/ti/ti_cgt_arm_llvm_3.2.2.LTS/bin/tiarmclang.exe" -c -mcpu=cortex-m4 -mfloat-abi=hard -mfpu=fpv4-sp-d16 -mlittle-endian -mthumb -Oz -I"C:/Users/maxor/workspace_ccstheia/sck2400_firmware" -I"C:/Users/maxor/workspace_ccstheia/sck2400_firmware/Debug" -I"C:/ti/simplelink_cc13xx_cc26xx_sdk_8_32_00_07/source" -I"C:/ti/simplelink_cc13xx_cc26xx_sdk_8_32_00_07/kernel/tirtos7/packages" -I"C:/ti/simplelink_cc13xx_cc26xx_sdk_8_32_00_07/source/ti/posix/ticlang" -gdwarf-3 -march=armv7e-m -MMD -MP -MF"RFQueue.d_raw" -MT"RFQueue.o" -I"C:/Users/maxor/workspace_ccstheia/sck2400_firmware/Debug/syscfg"  @"syscfg/ti_utils_build_compiler.opt"  -o"RFQueue.o" "../RFQueue.c"
09:52:29.680  Finished building: "../RFQueue.c"
09:52:29.684  Arm Compiler - building file: "../ccsds.c"
09:52:29.687  "C:/ti/ti_cgt_arm_llvm_3.2.2.LTS/bin/tiarmclang.exe" -c -mcpu=cortex-m4 -mfloat-abi=hard -mfpu=fpv4-sp-d16 -mlittle-endian -mthumb -Oz -I"C:/Users/maxor/workspace_ccstheia/sck2400_firmware" -I"C:/Users/maxor/workspace_ccstheia/sck2400_firmware/Debug" -I"C:/ti/simplelink_cc13xx_cc26xx_sdk_8_32_00_07/source" -I"C:/ti/simplelink_cc13xx_cc26xx_sdk_8_32_00_07/kernel/tirtos7/packages" -I"C:/ti/simplelink_cc13xx_cc26xx_sdk_8_32_00_07/source/ti/posix/ticlang" -gdwarf-3 -march=armv7e-m -MMD -MP -MF"ccsds.d_raw" -MT"ccsds.o" -I"C:/Users/maxor/workspace_ccstheia/sck2400_firmware/Debug/syscfg"  @"syscfg/ti_utils_build_compiler.opt"  -o"ccsds.o" "../ccsds.c"
09:52:29.691  Finished building: "../ccsds.c"
09:52:29.694  Arm Compiler - building file: "../main.c"
09:52:29.696  "C:/ti/ti_cgt_arm_llvm_3.2.2.LTS/bin/tiarmclang.exe" -c -mcpu=cortex-m4 -mfloat-abi=hard -mfpu=fpv4-sp-d16 -mlittle-endian -mthumb -Oz -I"C:/Users/maxor/workspace_ccstheia/sck2400_firmware" -I"C:/Users/maxor/workspace_ccstheia/sck2400_firmware/Debug" -I"C:/ti/simplelink_cc13xx_cc26xx_sdk_8_32_00_07/source" -I"C:/ti/simplelink_cc13xx_cc26xx_sdk_8_32_00_07/kernel/tirtos7/packages" -I"C:/ti/simplelink_cc13xx_cc26xx_sdk_8_32_00_07/source/ti/posix/ticlang" -gdwarf-3 -march=armv7e-m -MMD -MP -MF"main.d_raw" -MT"main.o" -I"C:/Users/maxor/workspace_ccstheia/sck2400_firmware/Debug/syscfg"  @"syscfg/ti_utils_build_compiler.opt"  -o"main.o" "../main.c"
09:52:29.700  Finished building: "../main.c"
09:52:29.704  Arm Compiler - building file: "../main_tirtos.c"
09:52:29.707  "C:/ti/ti_cgt_arm_llvm_3.2.2.LTS/bin/tiarmclang.exe" -c -mcpu=cortex-m4 -mfloat-abi=hard -mfpu=fpv4-sp-d16 -mlittle-endian -mthumb -Oz -I"C:/Users/maxor/workspace_ccstheia/sck2400_firmware" -I"C:/Users/maxor/workspace_ccstheia/sck2400_firmware/Debug" -I"C:/ti/simplelink_cc13xx_cc26xx_sdk_8_32_00_07/source" -I"C:/ti/simplelink_cc13xx_cc26xx_sdk_8_32_00_07/kernel/tirtos7/packages" -I"C:/ti/simplelink_cc13xx_cc26xx_sdk_8_32_00_07/source/ti/posix/ticlang" -gdwarf-3 -march=armv7e-m -MMD -MP -MF"main_tirtos.d_raw" -MT"main_tirtos.o" -I"C:/Users/maxor/workspace_ccstheia/sck2400_firmware/Debug/syscfg"  @"syscfg/ti_utils_build_compiler.opt"  -o"main_tirtos.o" "../main_tirtos.c"
09:52:29.711  Finished building: "../main_tirtos.c"
09:52:30.020  Arm Compiler - building file: "../telemetry.c"
09:52:30.028  "C:/ti/ti_cgt_arm_llvm_3.2.2.LTS/bin/tiarmclang.exe" -c -mcpu=cortex-m4 -mfloat-abi=hard -mfpu=fpv4-sp-d16 -mlittle-endian -mthumb -Oz -I"C:/Users/maxor/workspace_ccstheia/sck2400_firmware" -I"C:/Users/maxor/workspace_ccstheia/sck2400_firmware/Debug" -I"C:/ti/simplelink_cc13xx_cc26xx_sdk_8_32_00_07/source" -I"C:/ti/simplelink_cc13xx_cc26xx_sdk_8_32_00_07/kernel/tirtos7/packages" -I"C:/ti/simplelink_cc13xx_cc26xx_sdk_8_32_00_07/source/ti/posix/ticlang" -gdwarf-3 -march=armv7e-m -MMD -MP -MF"telemetry.d_raw" -MT"telemetry.o" -I"C:/Users/maxor/workspace_ccstheia/sck2400_firmware/Debug/syscfg"  @"syscfg/ti_utils_build_compiler.opt"  -o"telemetry.o" "../telemetry.c"
09:52:30.032  Finished building: "../telemetry.c"
09:52:30.037  Arm Compiler - building file: "../radio.c"
09:52:30.040  "C:/ti/ti_cgt_arm_llvm_3.2.2.LTS/bin/tiarmclang.exe" -c -mcpu=cortex-m4 -mfloat-abi=hard -mfpu=fpv4-sp-d16 -mlittle-endian -mthumb -Oz -I"C:/Users/maxor/workspace_ccstheia/sck2400_firmware" -I"C:/Users/maxor/workspace_ccstheia/sck2400_firmware/Debug" -I"C:/ti/simplelink_cc13xx_cc26xx_sdk_8_32_00_07/source" -I"C:/ti/simplelink_cc13xx_cc26xx_sdk_8_32_00_07/kernel/tirtos7/packages" -I"C:/ti/simplelink_cc13xx_cc26xx_sdk_8_32_00_07/source/ti/posix/ticlang" -gdwarf-3 -march=armv7e-m -MMD -MP -MF"radio.d_raw" -MT"radio.o" -I"C:/Users/maxor/workspace_ccstheia/sck2400_firmware/Debug/syscfg"  @"syscfg/ti_utils_build_compiler.opt"  -o"radio.o" "../radio.c"
09:52:30.045  Finished building: "../radio.c"
09:52:30.048  Arm Compiler - building file: "syscfg/ti_drivers_config.c"
09:52:30.052  "C:/ti/ti_cgt_arm_llvm_3.2.2.LTS/bin/tiarmclang.exe" -c -mcpu=cortex-m4 -mfloat-abi=hard -mfpu=fpv4-sp-d16 -mlittle-endian -mthumb -Oz -I"C:/Users/maxor/workspace_ccstheia/sck2400_firmware" -I"C:/Users/maxor/workspace_ccstheia/sck2400_firmware/Debug" -I"C:/ti/simplelink_cc13xx_cc26xx_sdk_8_32_00_07/source" -I"C:/ti/simplelink_cc13xx_cc26xx_sdk_8_32_00_07/kernel/tirtos7/packages" -I"C:/ti/simplelink_cc13xx_cc26xx_sdk_8_32_00_07/source/ti/posix/ticlang" -gdwarf-3 -march=armv7e-m -MMD -MP -MF"syscfg/ti_drivers_config.d_raw" -MT"syscfg/ti_drivers_config.o" -I"C:/Users/maxor/workspace_ccstheia/sck2400_firmware/Debug/syscfg"  @"syscfg/ti_utils_build_compiler.opt"  -o"syscfg/ti_drivers_config.o" "syscfg/ti_drivers_config.c"
09:52:30.056  Finished building: "syscfg/ti_drivers_config.c"
09:52:30.058  Arm Compiler - building file: "../uart.c"
09:52:30.061  "C:/ti/ti_cgt_arm_llvm_3.2.2.LTS/bin/tiarmclang.exe" -c -mcpu=cortex-m4 -mfloat-abi=hard -mfpu=fpv4-sp-d16 -mlittle-endian -mthumb -Oz -I"C:/Users/maxor/workspace_ccstheia/sck2400_firmware" -I"C:/Users/maxor/workspace_ccstheia/sck2400_firmware/Debug" -I"C:/ti/simplelink_cc13xx_cc26xx_sdk_8_32_00_07/source" -I"C:/ti/simplelink_cc13xx_cc26xx_sdk_8_32_00_07/kernel/tirtos7/packages" -I"C:/ti/simplelink_cc13xx_cc26xx_sdk_8_32_00_07/source/ti/posix/ticlang" -gdwarf-3 -march=armv7e-m -MMD -MP -MF"uart.d_raw" -MT"uart.o" -I"C:/Users/maxor/workspace_ccstheia/sck2400_firmware/Debug/syscfg"  @"syscfg/ti_utils_build_compiler.opt"  -o"uart.o" "../uart.c"
09:52:30.065  Finished building: "../uart.c"
09:52:34.704  Arm Compiler - building file: "syscfg/ti_sysbios_config.c"
09:52:34.709  "C:/ti/ti_cgt_arm_llvm_3.2.2.LTS/bin/tiarmclang.exe" -c -mcpu=cortex-m4 -mfloat-abi=hard -mfpu=fpv4-sp-d16 -mlittle-endian -mthumb -Oz -I"C:/Users/maxor/workspace_ccstheia/sck2400_firmware" -I"C:/Users/maxor/workspace_ccstheia/sck2400_firmware/Debug" -I"C:/ti/simplelink_cc13xx_cc26xx_sdk_8_32_00_07/source" -I"C:/ti/simplelink_cc13xx_cc26xx_sdk_8_32_00_07/kernel/tirtos7/packages" -I"C:/ti/simplelink_cc13xx_cc26xx_sdk_8_32_00_07/source/ti/posix/ticlang" -gdwarf-3 -march=armv7e-m -MMD -MP -MF"syscfg/ti_sysbios_config.d_raw" -MT"syscfg/ti_sysbios_config.o" -I"C:/Users/maxor/workspace_ccstheia/sck2400_firmware/Debug/syscfg"  @"syscfg/ti_utils_build_compiler.opt"  -o"syscfg/ti_sysbios_config.o" "syscfg/ti_sysbios_config.c"
09:52:34.715  Finished building: "syscfg/ti_sysbios_config.c"
09:52:34.762  Arm Linker - building target: "sck2400_firmware.out"
09:52:34.766  "C:/ti/ti_cgt_arm_llvm_3.2.2.LTS/bin/tiarmclang.exe" -mcpu=cortex-m4 -mfloat-abi=hard -mfpu=fpv4-sp-d16 -mlittle-endian -mthumb -Oz -gdwarf-3 -march=armv7e-m -Wl,-m"sck2400_firmware.map" -Wl,-i"C:/ti/simplelink_cc13xx_cc26xx_sdk_8_32_00_07/source" -Wl,-i"C:/ti/simplelink_cc13xx_cc26xx_sdk_8_32_00_07/kernel/tirtos7/packages" -Wl,-i"C:/Users/maxor/workspace_ccstheia/sck2400_firmware/Debug/syscfg" -Wl,-i"C:/ti/ti_cgt_arm_llvm_3.2.2.LTS/lib" -Wl,--diag_wrap=off -Wl,--display_error_number -Wl,--warn_sections -Wl,--xml_link_info="sck2400_firmware_linkInfo.xml" -Wl,--rom_model -o "sck2400_firmware.out" "./RFQueue.o" "./ccsds.o" "./main.o" "./main_tirtos.o" "./oad_image_header_app.o" "./radio.o" "./syscfg/ti_devices_config.o" "./syscfg/ti_radio_config.o" "./syscfg/ti_drivers_config.o" "./syscfg/ti_sysbios_config.o" "./telemetry.o" "./uart.o" "../cc13x2_cc26x2_tirtos7.cmd"  -Wl,-lti_utils_build_linker.cmd.genlibs -Wl,-llibc.a
09:52:40.885  Finished building target: "sck2400_firmware.out"
09:52:40.935  "C:/ti/ti_cgt_arm_llvm_3.2.2.LTS/bin/tiarmhex" -order MS --memwidth=8 --romwidth=8 --intel -o "sck2400_firmware.hex" "sck2400_firmware"
09:52:40.947  Translating to Intel format...
09:52:40.952  "sck2400_firmware.out" .image_header ==> .image_header
09:52:40.956  "sck2400_firmware.out" .text ==> .text
09:52:40.960  "sck2400_firmware.out" .rodata ==> .rodata
09:52:40.963  "sck2400_firmware.out" .resetVecs ==> .resetVecs
09:52:40.966  "sck2400_firmware.out" .args ==> .args
09:52:40.969  "sck2400_firmware.out" .cinit ==> .cinit
09:52:40.972  "sck2400_firmware.out" .ccfg ==> .ccfg
09:52:41.055  **** Build finished ****
09:52:41.293  # ----------------------------------------
09:52:41.297  # Problem summary for project 'sck2400_firmware': 0 errors, 1 warnings
09:52:41.302  Warning: sck2400.syscfg [CONFIG_SPI_0(/ti/drivers/SPI) spi.csnPin]: Connected to hardware
09:52:41.305  # --------------------------------------------------------------------------------
09:52:41.308  # [Tue Jun 09 09:52:41 CDT 2026]: CCS headless build complete - 0 out of 1 projects have errors
09:52:42.433  ✓ Build succeeded: C:\Users\maxor\workspace_ccstheia\sck2400_firmware\Debug\sck2400_firmware.hex
09:52:42.437    Board: GS Board  (APID 0x010)  APID: 0x010
09:54:03.756    → TX [0000]  [CCSDS] get_telem seq=5 dest=0x010
09:54:08.471    ✗ No telem reply
09:54:12.407    → TX [0000]  [CCSDS] get_telem seq=6 dest=0x010
09:54:17.084    ✗ No telem reply
10:03:13.088  RF Power: patched radio.h → TX_POWER = BENCH (0 dBm bench)
10:03:13.092  Board: patched ccsds.h → SCK_APID_THIS_BOARD = 0x010 (GS Board  (APID 0x010))
10:03:13.101  ══════════════════════════════════════════════════
10:03:13.102    SCK-2400 Build  →  GS Board  (APID 0x010)
10:03:13.104    SCK_APID_THIS_BOARD = 0x010
10:03:13.105    Build type: full
10:03:13.106  ══════════════════════════════════════════════════
10:03:16.446  # ================================================================================
10:03:16.451  # [Tue Jun 09 10:03:16 CDT 2026]: CCS headless build starting...
10:03:16.591  **** Clean-only build of configuration 'Debug' for project 'sck2400_firmware' ****
10:03:16.641  "C:\\ti\\ccs2051\\ccs\\utils\\bin\\gmake" -k -j 12 clean -r -O
10:03:16.872  DEL /F "syscfg\ti_radio_config.h" "syscfg\ti_drivers_config.h" "syscfg\ti_utils_build_linker.cmd.genlibs" "syscfg\ti_utils_build_linker.cmd.genmap" "syscfg\syscfg_c.rov.xs" "syscfg\ti_sysbios_config.h" "syscfg\ti_devices_config.c" "syscfg\ti_radio_config.c" "syscfg\ti_drivers_config.c" "syscfg\ti_utils_build_compiler.opt" "syscfg\ti_sysbios_config.c" "sck2400_firmware.out"
10:03:16.882  DEL /F "RFQueue.o" "ccsds.o" "main.o" "main_tirtos.o" "oad_image_header_app.o" "radio.o" "syscfg\ti_devices_config.o" "syscfg\ti_radio_config.o" "syscfg\ti_drivers_config.o" "syscfg\ti_sysbios_config.o" "telemetry.o" "uart.o"
10:03:16.884  DEL /F "RFQueue.d" "ccsds.d" "main.d" "main_tirtos.d" "oad_image_header_app.d" "radio.d" "syscfg\ti_devices_config.d" "syscfg\ti_radio_config.d" "syscfg\ti_drivers_config.d" "syscfg\ti_sysbios_config.d" "telemetry.d" "uart.d"
10:03:16.885  RMDIR /S/Q "syscfg"
10:03:16.913  **** Build finished ****
10:03:19.020  **** Build of configuration 'Debug' for project 'sck2400_firmware' ****
10:03:19.031  "C:\\ti\\ccs2051\\ccs\\utils\\bin\\gmake" -k -j 12 all -r -O
10:03:21.036  SysConfig - building file: "../sck2400.syscfg"
10:03:21.038  "C:/ti/sysconfig_1.21.1/sysconfig_cli.bat" -s "C:/ti/simplelink_cc13xx_cc26xx_sdk_8_32_00_07/.metadata/product.json" --script "C:/Users/maxor/workspace_ccstheia/sck2400_firmware/sck2400.syscfg" -o "syscfg" --compiler ticlang
10:03:21.040  Running script...
10:03:21.043  Validating...
10:03:21.044  warning: CONFIG_SPI_0(/ti/drivers/SPI) spi.csnPin: Connected to hardware
10:03:21.051  DIO20/38 is connected to MX25R8035F SPI Flash Chip Select on the CC1352P-2 LaunchPad. Consider selecting it in 'use hardware' above. Using a custom board?
10:03:21.056  0 error(s), 1 warning(s)
10:03:21.059  Generating Code (sck2400.syscfg)...
10:03:21.062  Writing C:\Users\maxor\workspace_ccstheia\sck2400_firmware\Debug\syscfg\ti_devices_config.c...
10:03:21.065  Writing C:\Users\maxor\workspace_ccstheia\sck2400_firmware\Debug\syscfg\ti_radio_config.c...
10:03:21.068  Writing C:\Users\maxor\workspace_ccstheia\sck2400_firmware\Debug\syscfg\ti_radio_config.h...
10:03:21.071  Writing C:\Users\maxor\workspace_ccstheia\sck2400_firmware\Debug\syscfg\ti_drivers_config.c...
10:03:21.074  Writing C:\Users\maxor\workspace_ccstheia\sck2400_firmware\Debug\syscfg\ti_drivers_config.h...
10:03:21.077  Writing C:\Users\maxor\workspace_ccstheia\sck2400_firmware\Debug\syscfg\ti_utils_build_linker.cmd.genlibs...
10:03:21.081  Writing C:\Users\maxor\workspace_ccstheia\sck2400_firmware\Debug\syscfg\ti_utils_build_linker.cmd.genmap...
10:03:21.084  Writing C:\Users\maxor\workspace_ccstheia\sck2400_firmware\Debug\syscfg\ti_utils_build_compiler.opt...
10:03:21.088  Writing C:\Users\maxor\workspace_ccstheia\sck2400_firmware\Debug\syscfg\syscfg_c.rov.xs...
10:03:21.091  Writing C:\Users\maxor\workspace_ccstheia\sck2400_firmware\Debug\syscfg\ti_sysbios_config.h...
10:03:21.094  Writing C:\Users\maxor\workspace_ccstheia\sck2400_firmware\Debug\syscfg\ti_sysbios_config.c...
10:03:21.097  Finished building: "../sck2400.syscfg"
10:03:21.515  Arm Compiler - building file: "../RFQueue.c"
10:03:21.520  "C:/ti/ti_cgt_arm_llvm_3.2.2.LTS/bin/tiarmclang.exe" -c -mcpu=cortex-m4 -mfloat-abi=hard -mfpu=fpv4-sp-d16 -mlittle-endian -mthumb -Oz -I"C:/Users/maxor/workspace_ccstheia/sck2400_firmware" -I"C:/Users/maxor/workspace_ccstheia/sck2400_firmware/Debug" -I"C:/ti/simplelink_cc13xx_cc26xx_sdk_8_32_00_07/source" -I"C:/ti/simplelink_cc13xx_cc26xx_sdk_8_32_00_07/kernel/tirtos7/packages" -I"C:/ti/simplelink_cc13xx_cc26xx_sdk_8_32_00_07/source/ti/posix/ticlang" -gdwarf-3 -march=armv7e-m -MMD -MP -MF"RFQueue.d_raw" -MT"RFQueue.o" -I"C:/Users/maxor/workspace_ccstheia/sck2400_firmware/Debug/syscfg"  @"syscfg/ti_utils_build_compiler.opt"  -o"RFQueue.o" "../RFQueue.c"
10:03:21.525  Finished building: "../RFQueue.c"
10:03:21.528  Arm Compiler - building file: "../ccsds.c"
10:03:21.531  "C:/ti/ti_cgt_arm_llvm_3.2.2.LTS/bin/tiarmclang.exe" -c -mcpu=cortex-m4 -mfloat-abi=hard -mfpu=fpv4-sp-d16 -mlittle-endian -mthumb -Oz -I"C:/Users/maxor/workspace_ccstheia/sck2400_firmware" -I"C:/Users/maxor/workspace_ccstheia/sck2400_firmware/Debug" -I"C:/ti/simplelink_cc13xx_cc26xx_sdk_8_32_00_07/source" -I"C:/ti/simplelink_cc13xx_cc26xx_sdk_8_32_00_07/kernel/tirtos7/packages" -I"C:/ti/simplelink_cc13xx_cc26xx_sdk_8_32_00_07/source/ti/posix/ticlang" -gdwarf-3 -march=armv7e-m -MMD -MP -MF"ccsds.d_raw" -MT"ccsds.o" -I"C:/Users/maxor/workspace_ccstheia/sck2400_firmware/Debug/syscfg"  @"syscfg/ti_utils_build_compiler.opt"  -o"ccsds.o" "../ccsds.c"
10:03:21.536  Finished building: "../ccsds.c"
10:03:21.898  Arm Compiler - building file: "../main.c"
10:03:21.905  "C:/ti/ti_cgt_arm_llvm_3.2.2.LTS/bin/tiarmclang.exe" -c -mcpu=cortex-m4 -mfloat-abi=hard -mfpu=fpv4-sp-d16 -mlittle-endian -mthumb -Oz -I"C:/Users/maxor/workspace_ccstheia/sck2400_firmware" -I"C:/Users/maxor/workspace_ccstheia/sck2400_firmware/Debug" -I"C:/ti/simplelink_cc13xx_cc26xx_sdk_8_32_00_07/source" -I"C:/ti/simplelink_cc13xx_cc26xx_sdk_8_32_00_07/kernel/tirtos7/packages" -I"C:/ti/simplelink_cc13xx_cc26xx_sdk_8_32_00_07/source/ti/posix/ticlang" -gdwarf-3 -march=armv7e-m -MMD -MP -MF"main.d_raw" -MT"main.o" -I"C:/Users/maxor/workspace_ccstheia/sck2400_firmware/Debug/syscfg"  @"syscfg/ti_utils_build_compiler.opt"  -o"main.o" "../main.c"
10:03:21.911  Finished building: "../main.c"
10:03:21.915  Arm Compiler - building file: "../main_tirtos.c"
10:03:21.919  "C:/ti/ti_cgt_arm_llvm_3.2.2.LTS/bin/tiarmclang.exe" -c -mcpu=cortex-m4 -mfloat-abi=hard -mfpu=fpv4-sp-d16 -mlittle-endian -mthumb -Oz -I"C:/Users/maxor/workspace_ccstheia/sck2400_firmware" -I"C:/Users/maxor/workspace_ccstheia/sck2400_firmware/Debug" -I"C:/ti/simplelink_cc13xx_cc26xx_sdk_8_32_00_07/source" -I"C:/ti/simplelink_cc13xx_cc26xx_sdk_8_32_00_07/kernel/tirtos7/packages" -I"C:/ti/simplelink_cc13xx_cc26xx_sdk_8_32_00_07/source/ti/posix/ticlang" -gdwarf-3 -march=armv7e-m -MMD -MP -MF"main_tirtos.d_raw" -MT"main_tirtos.o" -I"C:/Users/maxor/workspace_ccstheia/sck2400_firmware/Debug/syscfg"  @"syscfg/ti_utils_build_compiler.opt"  -o"main_tirtos.o" "../main_tirtos.c"
10:03:21.927  Finished building: "../main_tirtos.c"
10:03:21.931  Arm Compiler - building file: "../oad_image_header_app.c"
10:03:21.935  "C:/ti/ti_cgt_arm_llvm_3.2.2.LTS/bin/tiarmclang.exe" -c -mcpu=cortex-m4 -mfloat-abi=hard -mfpu=fpv4-sp-d16 -mlittle-endian -mthumb -Oz -I"C:/Users/maxor/workspace_ccstheia/sck2400_firmware" -I"C:/Users/maxor/workspace_ccstheia/sck2400_firmware/Debug" -I"C:/ti/simplelink_cc13xx_cc26xx_sdk_8_32_00_07/source" -I"C:/ti/simplelink_cc13xx_cc26xx_sdk_8_32_00_07/kernel/tirtos7/packages" -I"C:/ti/simplelink_cc13xx_cc26xx_sdk_8_32_00_07/source/ti/posix/ticlang" -gdwarf-3 -march=armv7e-m -MMD -MP -MF"oad_image_header_app.d_raw" -MT"oad_image_header_app.o" -I"C:/Users/maxor/workspace_ccstheia/sck2400_firmware/Debug/syscfg"  @"syscfg/ti_utils_build_compiler.opt"  -o"oad_image_header_app.o" "../oad_image_header_app.c"
10:03:21.941  Finished building: "../oad_image_header_app.c"
10:03:22.391  Arm Compiler - building file: "../radio.c"
10:03:22.481  "C:/ti/ti_cgt_arm_llvm_3.2.2.LTS/bin/tiarmclang.exe" -c -mcpu=cortex-m4 -mfloat-abi=hard -mfpu=fpv4-sp-d16 -mlittle-endian -mthumb -Oz -I"C:/Users/maxor/workspace_ccstheia/sck2400_firmware" -I"C:/Users/maxor/workspace_ccstheia/sck2400_firmware/Debug" -I"C:/ti/simplelink_cc13xx_cc26xx_sdk_8_32_00_07/source" -I"C:/ti/simplelink_cc13xx_cc26xx_sdk_8_32_00_07/kernel/tirtos7/packages" -I"C:/ti/simplelink_cc13xx_cc26xx_sdk_8_32_00_07/source/ti/posix/ticlang" -gdwarf-3 -march=armv7e-m -MMD -MP -MF"radio.d_raw" -MT"radio.o" -I"C:/Users/maxor/workspace_ccstheia/sck2400_firmware/Debug/syscfg"  @"syscfg/ti_utils_build_compiler.opt"  -o"radio.o" "../radio.c"
10:03:22.486  Finished building: "../radio.c"
10:03:22.490  Arm Compiler - building file: "syscfg/ti_devices_config.c"
10:03:22.493  "C:/ti/ti_cgt_arm_llvm_3.2.2.LTS/bin/tiarmclang.exe" -c -mcpu=cortex-m4 -mfloat-abi=hard -mfpu=fpv4-sp-d16 -mlittle-endian -mthumb -Oz -I"C:/Users/maxor/workspace_ccstheia/sck2400_firmware" -I"C:/Users/maxor/workspace_ccstheia/sck2400_firmware/Debug" -I"C:/ti/simplelink_cc13xx_cc26xx_sdk_8_32_00_07/source" -I"C:/ti/simplelink_cc13xx_cc26xx_sdk_8_32_00_07/kernel/tirtos7/packages" -I"C:/ti/simplelink_cc13xx_cc26xx_sdk_8_32_00_07/source/ti/posix/ticlang" -gdwarf-3 -march=armv7e-m -MMD -MP -MF"syscfg/ti_devices_config.d_raw" -MT"syscfg/ti_devices_config.o" -I"C:/Users/maxor/workspace_ccstheia/sck2400_firmware/Debug/syscfg"  @"syscfg/ti_utils_build_compiler.opt"  -o"syscfg/ti_devices_config.o" "syscfg/ti_devices_config.c"
10:03:22.497  Finished building: "syscfg/ti_devices_config.c"
10:03:22.908  Arm Compiler - building file: "syscfg/ti_radio_config.c"
10:03:22.912  "C:/ti/ti_cgt_arm_llvm_3.2.2.LTS/bin/tiarmclang.exe" -c -mcpu=cortex-m4 -mfloat-abi=hard -mfpu=fpv4-sp-d16 -mlittle-endian -mthumb -Oz -I"C:/Users/maxor/workspace_ccstheia/sck2400_firmware" -I"C:/Users/maxor/workspace_ccstheia/sck2400_firmware/Debug" -I"C:/ti/simplelink_cc13xx_cc26xx_sdk_8_32_00_07/source" -I"C:/ti/simplelink_cc13xx_cc26xx_sdk_8_32_00_07/kernel/tirtos7/packages" -I"C:/ti/simplelink_cc13xx_cc26xx_sdk_8_32_00_07/source/ti/posix/ticlang" -gdwarf-3 -march=armv7e-m -MMD -MP -MF"syscfg/ti_radio_config.d_raw" -MT"syscfg/ti_radio_config.o" -I"C:/Users/maxor/workspace_ccstheia/sck2400_firmware/Debug/syscfg"  @"syscfg/ti_utils_build_compiler.opt"  -o"syscfg/ti_radio_config.o" "syscfg/ti_radio_config.c"
10:03:22.916  Finished building: "syscfg/ti_radio_config.c"
10:03:23.068  Arm Compiler - building file: "../telemetry.c"
10:03:23.160  "C:/ti/ti_cgt_arm_llvm_3.2.2.LTS/bin/tiarmclang.exe" -c -mcpu=cortex-m4 -mfloat-abi=hard -mfpu=fpv4-sp-d16 -mlittle-endian -mthumb -Oz -I"C:/Users/maxor/workspace_ccstheia/sck2400_firmware" -I"C:/Users/maxor/workspace_ccstheia/sck2400_firmware/Debug" -I"C:/ti/simplelink_cc13xx_cc26xx_sdk_8_32_00_07/source" -I"C:/ti/simplelink_cc13xx_cc26xx_sdk_8_32_00_07/kernel/tirtos7/packages" -I"C:/ti/simplelink_cc13xx_cc26xx_sdk_8_32_00_07/source/ti/posix/ticlang" -gdwarf-3 -march=armv7e-m -MMD -MP -MF"telemetry.d_raw" -MT"telemetry.o" -I"C:/Users/maxor/workspace_ccstheia/sck2400_firmware/Debug/syscfg"  @"syscfg/ti_utils_build_compiler.opt"  -o"telemetry.o" "../telemetry.c"
10:03:23.166  Finished building: "../telemetry.c"
10:03:23.176  Arm Compiler - building file: "syscfg/ti_drivers_config.c"
10:03:23.179  "C:/ti/ti_cgt_arm_llvm_3.2.2.LTS/bin/tiarmclang.exe" -c -mcpu=cortex-m4 -mfloat-abi=hard -mfpu=fpv4-sp-d16 -mlittle-endian -mthumb -Oz -I"C:/Users/maxor/workspace_ccstheia/sck2400_firmware" -I"C:/Users/maxor/workspace_ccstheia/sck2400_firmware/Debug" -I"C:/ti/simplelink_cc13xx_cc26xx_sdk_8_32_00_07/source" -I"C:/ti/simplelink_cc13xx_cc26xx_sdk_8_32_00_07/kernel/tirtos7/packages" -I"C:/ti/simplelink_cc13xx_cc26xx_sdk_8_32_00_07/source/ti/posix/ticlang" -gdwarf-3 -march=armv7e-m -MMD -MP -MF"syscfg/ti_drivers_config.d_raw" -MT"syscfg/ti_drivers_config.o" -I"C:/Users/maxor/workspace_ccstheia/sck2400_firmware/Debug/syscfg"  @"syscfg/ti_utils_build_compiler.opt"  -o"syscfg/ti_drivers_config.o" "syscfg/ti_drivers_config.c"
10:03:23.184  Finished building: "syscfg/ti_drivers_config.c"
10:03:23.470  Arm Compiler - building file: "../uart.c"
10:03:23.474  "C:/ti/ti_cgt_arm_llvm_3.2.2.LTS/bin/tiarmclang.exe" -c -mcpu=cortex-m4 -mfloat-abi=hard -mfpu=fpv4-sp-d16 -mlittle-endian -mthumb -Oz -I"C:/Users/maxor/workspace_ccstheia/sck2400_firmware" -I"C:/Users/maxor/workspace_ccstheia/sck2400_firmware/Debug" -I"C:/ti/simplelink_cc13xx_cc26xx_sdk_8_32_00_07/source" -I"C:/ti/simplelink_cc13xx_cc26xx_sdk_8_32_00_07/kernel/tirtos7/packages" -I"C:/ti/simplelink_cc13xx_cc26xx_sdk_8_32_00_07/source/ti/posix/ticlang" -gdwarf-3 -march=armv7e-m -MMD -MP -MF"uart.d_raw" -MT"uart.o" -I"C:/Users/maxor/workspace_ccstheia/sck2400_firmware/Debug/syscfg"  @"syscfg/ti_utils_build_compiler.opt"  -o"uart.o" "../uart.c"
10:03:23.478  Finished building: "../uart.c"
10:03:24.467  Arm Compiler - building file: "syscfg/ti_sysbios_config.c"
10:03:24.471  "C:/ti/ti_cgt_arm_llvm_3.2.2.LTS/bin/tiarmclang.exe" -c -mcpu=cortex-m4 -mfloat-abi=hard -mfpu=fpv4-sp-d16 -mlittle-endian -mthumb -Oz -I"C:/Users/maxor/workspace_ccstheia/sck2400_firmware" -I"C:/Users/maxor/workspace_ccstheia/sck2400_firmware/Debug" -I"C:/ti/simplelink_cc13xx_cc26xx_sdk_8_32_00_07/source" -I"C:/ti/simplelink_cc13xx_cc26xx_sdk_8_32_00_07/kernel/tirtos7/packages" -I"C:/ti/simplelink_cc13xx_cc26xx_sdk_8_32_00_07/source/ti/posix/ticlang" -gdwarf-3 -march=armv7e-m -MMD -MP -MF"syscfg/ti_sysbios_config.d_raw" -MT"syscfg/ti_sysbios_config.o" -I"C:/Users/maxor/workspace_ccstheia/sck2400_firmware/Debug/syscfg"  @"syscfg/ti_utils_build_compiler.opt"  -o"syscfg/ti_sysbios_config.o" "syscfg/ti_sysbios_config.c"
10:03:24.477  Finished building: "syscfg/ti_sysbios_config.c"
10:03:24.574  Arm Linker - building target: "sck2400_firmware.out"
10:03:24.578  "C:/ti/ti_cgt_arm_llvm_3.2.2.LTS/bin/tiarmclang.exe" -mcpu=cortex-m4 -mfloat-abi=hard -mfpu=fpv4-sp-d16 -mlittle-endian -mthumb -Oz -gdwarf-3 -march=armv7e-m -Wl,-m"sck2400_firmware.map" -Wl,-i"C:/ti/simplelink_cc13xx_cc26xx_sdk_8_32_00_07/source" -Wl,-i"C:/ti/simplelink_cc13xx_cc26xx_sdk_8_32_00_07/kernel/tirtos7/packages" -Wl,-i"C:/Users/maxor/workspace_ccstheia/sck2400_firmware/Debug/syscfg" -Wl,-i"C:/ti/ti_cgt_arm_llvm_3.2.2.LTS/lib" -Wl,--diag_wrap=off -Wl,--display_error_number -Wl,--warn_sections -Wl,--xml_link_info="sck2400_firmware_linkInfo.xml" -Wl,--rom_model -o "sck2400_firmware.out" "./RFQueue.o" "./ccsds.o" "./main.o" "./main_tirtos.o" "./oad_image_header_app.o" "./radio.o" "./syscfg/ti_devices_config.o" "./syscfg/ti_radio_config.o" "./syscfg/ti_drivers_config.o" "./syscfg/ti_sysbios_config.o" "./telemetry.o" "./uart.o" "../cc13x2_cc26x2_tirtos7.cmd"  -Wl,-lti_utils_build_linker.cmd.genlibs -Wl,-llibc.a
10:03:25.363  Finished building target: "sck2400_firmware.out"
10:03:25.415  "C:/ti/ti_cgt_arm_llvm_3.2.2.LTS/bin/tiarmhex" -order MS --memwidth=8 --romwidth=8 --intel -o "sck2400_firmware.hex" "sck2400_firmware"
10:03:25.426  Translating to Intel format...
10:03:25.429  "sck2400_firmware.out" .image_header ==> .image_header
10:03:25.432  "sck2400_firmware.out" .text ==> .text
10:03:25.435  "sck2400_firmware.out" .rodata ==> .rodata
10:03:25.438  "sck2400_firmware.out" .resetVecs ==> .resetVecs
10:03:25.441  "sck2400_firmware.out" .oad_entry_vec ==> .oad_entry_vec
10:03:25.444  "sck2400_firmware.out" .args ==> .args
10:03:25.447  "sck2400_firmware.out" .cinit ==> .cinit
10:03:25.450  "sck2400_firmware.out" .ccfg ==> .ccfg
10:03:25.524  **** Build finished ****
10:03:25.633  # ----------------------------------------
10:03:25.637  # Problem summary for project 'sck2400_firmware': 0 errors, 1 warnings
10:03:25.641  Warning: sck2400.syscfg [CONFIG_SPI_0(/ti/drivers/SPI) spi.csnPin]: Connected to hardware
10:03:25.644  # --------------------------------------------------------------------------------
10:03:25.649  # [Tue Jun 09 10:03:25 CDT 2026]: CCS headless build complete - 0 out of 1 projects have errors
10:03:25.970  ✓ Build succeeded: C:\Users\maxor\workspace_ccstheia\sck2400_firmware\Debug\sck2400_firmware.hex
10:03:25.974    Board: GS Board  (APID 0x010)  APID: 0x010
10:05:23.754    → TX [0000]  [CCSDS] get_telem seq=7 dest=0x010
10:05:28.451    ✗ No telem reply
10:05:30.141    → TX [0000]  [CCSDS] get_telem seq=8 dest=0x010
10:05:34.839    ✗ No telem reply
10:15:26.233    → TX [0000]  [CCSDS] get_telem seq=9 dest=0x010
10:15:31.258    ✗ No telem reply
10:23:18.088    → TX [0000]  [CCSDS] get_telem seq=10 dest=0x010
10:23:22.799    ✗ No telem reply
10:23:23.922    → TX [0000]  [CCSDS] get_telem seq=11 dest=0x010
10:23:28.629    ✗ No telem reply
10:27:43.192    → TX [0000]  [CCSDS] get_telem seq=12 dest=0x010
10:27:47.918    ✗ No telem reply
10:27:50.330    → TX [0000]  [CCSDS] get_telem seq=13 dest=0x010
10:27:55.346    ✗ No telem reply
10:34:33.814    → TX [0000]  [CCSDS] get_telem seq=14 dest=0x010
10:34:38.858    ✗ No telem reply
10:34:40.816    → TX [0000]  [CCSDS] get_telem seq=15 dest=0x010
10:34:45.518    ✗ No telem reply
10:38:50.605    → TX [0000]  [CCSDS] get_telem seq=16 dest=0x010
10:38:55.324    ✗ No telem reply
10:39:08.552    → TX [0000]  [CCSDS] get_telem seq=17 dest=0x010
10:39:13.244    ✗ No telem reply
10:47:29.206    → TX [0000]  [CCSDS] get_telem seq=18 dest=0x010
10:47:34.222    ✗ No telem reply
10:47:34.887    → TX [0000]  [CCSDS] get_telem seq=19 dest=0x010
10:47:39.927    ✗ No telem reply
11:05:27.369    → TX [0000]  [CCSDS] get_telem seq=20 dest=0x010
11:05:27.398    ← RX  [CCSDS RAW] 08 01 C0 14 00 1F 15 00 00 00 00 00 00 00 00 00 15 00 00 00 00 00 00 00 07 00 00 00 00 00 00 00 00 00 A8 04 B6 0C
11:05:27.402    ← RX  tlm_beacon  apid=0x001 seq=20
11:05:27.410    ✓ tlm_beacon received seq=20
11:11:53.629  RF Power: patched radio.h → TX_POWER = BENCH (0 dBm bench)
11:11:53.633  Board: patched ccsds.h → SCK_APID_THIS_BOARD = 0x010 (GS Board  (APID 0x010))
11:11:53.643  ══════════════════════════════════════════════════
11:11:53.645    SCK-2400 Build  →  GS Board  (APID 0x010)
11:11:53.646    SCK_APID_THIS_BOARD = 0x010
11:11:53.647    Build type: full
11:11:53.648  ══════════════════════════════════════════════════
11:11:56.976  # ================================================================================
11:11:56.980  # [Tue Jun 09 11:11:56 CDT 2026]: CCS headless build starting...
11:11:57.054  **** Clean-only build of configuration 'Debug' for project 'sck2400_firmware' ****
11:11:57.107  "C:\\ti\\ccs2051\\ccs\\utils\\bin\\gmake" -k -j 12 clean -r -O
11:11:57.311  DEL /F "syscfg\ti_radio_config.h" "syscfg\ti_drivers_config.h" "syscfg\ti_utils_build_linker.cmd.genlibs" "syscfg\ti_utils_build_linker.cmd.genmap" "syscfg\syscfg_c.rov.xs" "syscfg\ti_sysbios_config.h" "syscfg\ti_devices_config.c" "syscfg\ti_radio_config.c" "syscfg\ti_drivers_config.c" "syscfg\ti_utils_build_compiler.opt" "syscfg\ti_sysbios_config.c" "sck2400_firmware.out"
11:11:57.317  DEL /F "RFQueue.o" "ccsds.o" "main.o" "main_tirtos.o" "oad_image_header_app.o" "radio.o" "syscfg\ti_devices_config.o" "syscfg\ti_radio_config.o" "syscfg\ti_drivers_config.o" "syscfg\ti_sysbios_config.o" "telemetry.o" "uart.o"
11:11:57.319  DEL /F "RFQueue.d" "ccsds.d" "main.d" "main_tirtos.d" "oad_image_header_app.d" "radio.d" "syscfg\ti_devices_config.d" "syscfg\ti_radio_config.d" "syscfg\ti_drivers_config.d" "syscfg\ti_sysbios_config.d" "telemetry.d" "uart.d"
11:11:57.320  RMDIR /S/Q "syscfg"
11:11:57.351  **** Build finished ****
11:11:59.241  **** Build of configuration 'Debug' for project 'sck2400_firmware' ****
11:11:59.253  "C:\\ti\\ccs2051\\ccs\\utils\\bin\\gmake" -k -j 12 all -r -O
11:12:01.188  SysConfig - building file: "../sck2400.syscfg"
11:12:01.194  "C:/ti/sysconfig_1.21.1/sysconfig_cli.bat" -s "C:/ti/simplelink_cc13xx_cc26xx_sdk_8_32_00_07/.metadata/product.json" --script "C:/Users/maxor/workspace_ccstheia/sck2400_firmware/sck2400.syscfg" -o "syscfg" --compiler ticlang
11:12:01.198  Running script...
11:12:01.202  Validating...
11:12:01.206  warning: CONFIG_SPI_0(/ti/drivers/SPI) spi.csnPin: Connected to hardware
11:12:01.210  DIO20/38 is connected to MX25R8035F SPI Flash Chip Select on the CC1352P-2 LaunchPad. Consider selecting it in 'use hardware' above. Using a custom board?
11:12:01.213  0 error(s), 1 warning(s)
11:12:01.216  Generating Code (sck2400.syscfg)...
11:12:01.220  Writing C:\Users\maxor\workspace_ccstheia\sck2400_firmware\Debug\syscfg\ti_devices_config.c...
11:12:01.223  Writing C:\Users\maxor\workspace_ccstheia\sck2400_firmware\Debug\syscfg\ti_radio_config.c...
11:12:01.227  Writing C:\Users\maxor\workspace_ccstheia\sck2400_firmware\Debug\syscfg\ti_radio_config.h...
11:12:01.230  Writing C:\Users\maxor\workspace_ccstheia\sck2400_firmware\Debug\syscfg\ti_drivers_config.c...
11:12:01.233  Writing C:\Users\maxor\workspace_ccstheia\sck2400_firmware\Debug\syscfg\ti_drivers_config.h...
11:12:01.237  Writing C:\Users\maxor\workspace_ccstheia\sck2400_firmware\Debug\syscfg\ti_utils_build_linker.cmd.genlibs...
11:12:01.240  Writing C:\Users\maxor\workspace_ccstheia\sck2400_firmware\Debug\syscfg\ti_utils_build_linker.cmd.genmap...
11:12:01.243  Writing C:\Users\maxor\workspace_ccstheia\sck2400_firmware\Debug\syscfg\ti_utils_build_compiler.opt...
11:12:01.247  Writing C:\Users\maxor\workspace_ccstheia\sck2400_firmware\Debug\syscfg\syscfg_c.rov.xs...
11:12:01.250  Writing C:\Users\maxor\workspace_ccstheia\sck2400_firmware\Debug\syscfg\ti_sysbios_config.h...
11:12:01.254  Writing C:\Users\maxor\workspace_ccstheia\sck2400_firmware\Debug\syscfg\ti_sysbios_config.c...
11:12:01.267  Finished building: "../sck2400.syscfg"
11:12:01.440  Arm Compiler - building file: "../RFQueue.c"
11:12:01.446  "C:/ti/ti_cgt_arm_llvm_3.2.2.LTS/bin/tiarmclang.exe" -c -mcpu=cortex-m4 -mfloat-abi=hard -mfpu=fpv4-sp-d16 -mlittle-endian -mthumb -Oz -I"C:/Users/maxor/workspace_ccstheia/sck2400_firmware" -I"C:/Users/maxor/workspace_ccstheia/sck2400_firmware/Debug" -I"C:/ti/simplelink_cc13xx_cc26xx_sdk_8_32_00_07/source" -I"C:/ti/simplelink_cc13xx_cc26xx_sdk_8_32_00_07/kernel/tirtos7/packages" -I"C:/ti/simplelink_cc13xx_cc26xx_sdk_8_32_00_07/source/ti/posix/ticlang" -gdwarf-3 -march=armv7e-m -MMD -MP -MF"RFQueue.d_raw" -MT"RFQueue.o" -I"C:/Users/maxor/workspace_ccstheia/sck2400_firmware/Debug/syscfg"  @"syscfg/ti_utils_build_compiler.opt"  -o"RFQueue.o" "../RFQueue.c"
11:12:01.452  Finished building: "../RFQueue.c"
11:12:01.479  Arm Compiler - building file: "../ccsds.c"
11:12:01.484  "C:/ti/ti_cgt_arm_llvm_3.2.2.LTS/bin/tiarmclang.exe" -c -mcpu=cortex-m4 -mfloat-abi=hard -mfpu=fpv4-sp-d16 -mlittle-endian -mthumb -Oz -I"C:/Users/maxor/workspace_ccstheia/sck2400_firmware" -I"C:/Users/maxor/workspace_ccstheia/sck2400_firmware/Debug" -I"C:/ti/simplelink_cc13xx_cc26xx_sdk_8_32_00_07/source" -I"C:/ti/simplelink_cc13xx_cc26xx_sdk_8_32_00_07/kernel/tirtos7/packages" -I"C:/ti/simplelink_cc13xx_cc26xx_sdk_8_32_00_07/source/ti/posix/ticlang" -gdwarf-3 -march=armv7e-m -MMD -MP -MF"ccsds.d_raw" -MT"ccsds.o" -I"C:/Users/maxor/workspace_ccstheia/sck2400_firmware/Debug/syscfg"  @"syscfg/ti_utils_build_compiler.opt"  -o"ccsds.o" "../ccsds.c"
11:12:01.492  Finished building: "../ccsds.c"
11:12:01.502  Arm Compiler - building file: "../main_tirtos.c"
11:12:01.508  "C:/ti/ti_cgt_arm_llvm_3.2.2.LTS/bin/tiarmclang.exe" -c -mcpu=cortex-m4 -mfloat-abi=hard -mfpu=fpv4-sp-d16 -mlittle-endian -mthumb -Oz -I"C:/Users/maxor/workspace_ccstheia/sck2400_firmware" -I"C:/Users/maxor/workspace_ccstheia/sck2400_firmware/Debug" -I"C:/ti/simplelink_cc13xx_cc26xx_sdk_8_32_00_07/source" -I"C:/ti/simplelink_cc13xx_cc26xx_sdk_8_32_00_07/kernel/tirtos7/packages" -I"C:/ti/simplelink_cc13xx_cc26xx_sdk_8_32_00_07/source/ti/posix/ticlang" -gdwarf-3 -march=armv7e-m -MMD -MP -MF"main_tirtos.d_raw" -MT"main_tirtos.o" -I"C:/Users/maxor/workspace_ccstheia/sck2400_firmware/Debug/syscfg"  @"syscfg/ti_utils_build_compiler.opt"  -o"main_tirtos.o" "../main_tirtos.c"
11:12:01.514  Finished building: "../main_tirtos.c"
11:12:01.517  Arm Compiler - building file: "../main.c"
11:12:01.521  "C:/ti/ti_cgt_arm_llvm_3.2.2.LTS/bin/tiarmclang.exe" -c -mcpu=cortex-m4 -mfloat-abi=hard -mfpu=fpv4-sp-d16 -mlittle-endian -mthumb -Oz -I"C:/Users/maxor/workspace_ccstheia/sck2400_firmware" -I"C:/Users/maxor/workspace_ccstheia/sck2400_firmware/Debug" -I"C:/ti/simplelink_cc13xx_cc26xx_sdk_8_32_00_07/source" -I"C:/ti/simplelink_cc13xx_cc26xx_sdk_8_32_00_07/kernel/tirtos7/packages" -I"C:/ti/simplelink_cc13xx_cc26xx_sdk_8_32_00_07/source/ti/posix/ticlang" -gdwarf-3 -march=armv7e-m -MMD -MP -MF"main.d_raw" -MT"main.o" -I"C:/Users/maxor/workspace_ccstheia/sck2400_firmware/Debug/syscfg"  @"syscfg/ti_utils_build_compiler.opt"  -o"main.o" "../main.c"
11:12:01.527  Finished building: "../main.c"
11:12:01.532  Arm Compiler - building file: "../oad_image_header_app.c"
11:12:01.536  "C:/ti/ti_cgt_arm_llvm_3.2.2.LTS/bin/tiarmclang.exe" -c -mcpu=cortex-m4 -mfloat-abi=hard -mfpu=fpv4-sp-d16 -mlittle-endian -mthumb -Oz -I"C:/Users/maxor/workspace_ccstheia/sck2400_firmware" -I"C:/Users/maxor/workspace_ccstheia/sck2400_firmware/Debug" -I"C:/ti/simplelink_cc13xx_cc26xx_sdk_8_32_00_07/source" -I"C:/ti/simplelink_cc13xx_cc26xx_sdk_8_32_00_07/kernel/tirtos7/packages" -I"C:/ti/simplelink_cc13xx_cc26xx_sdk_8_32_00_07/source/ti/posix/ticlang" -gdwarf-3 -march=armv7e-m -MMD -MP -MF"oad_image_header_app.d_raw" -MT"oad_image_header_app.o" -I"C:/Users/maxor/workspace_ccstheia/sck2400_firmware/Debug/syscfg"  @"syscfg/ti_utils_build_compiler.opt"  -o"oad_image_header_app.o" "../oad_image_header_app.c"
11:12:01.542  Finished building: "../oad_image_header_app.c"
11:12:01.757  Arm Compiler - building file: "syscfg/ti_devices_config.c"
11:12:01.762  "C:/ti/ti_cgt_arm_llvm_3.2.2.LTS/bin/tiarmclang.exe" -c -mcpu=cortex-m4 -mfloat-abi=hard -mfpu=fpv4-sp-d16 -mlittle-endian -mthumb -Oz -I"C:/Users/maxor/workspace_ccstheia/sck2400_firmware" -I"C:/Users/maxor/workspace_ccstheia/sck2400_firmware/Debug" -I"C:/ti/simplelink_cc13xx_cc26xx_sdk_8_32_00_07/source" -I"C:/ti/simplelink_cc13xx_cc26xx_sdk_8_32_00_07/kernel/tirtos7/packages" -I"C:/ti/simplelink_cc13xx_cc26xx_sdk_8_32_00_07/source/ti/posix/ticlang" -gdwarf-3 -march=armv7e-m -MMD -MP -MF"syscfg/ti_devices_config.d_raw" -MT"syscfg/ti_devices_config.o" -I"C:/Users/maxor/workspace_ccstheia/sck2400_firmware/Debug/syscfg"  @"syscfg/ti_utils_build_compiler.opt"  -o"syscfg/ti_devices_config.o" "syscfg/ti_devices_config.c"
11:12:01.767  Finished building: "syscfg/ti_devices_config.c"
11:12:01.783  Arm Compiler - building file: "syscfg/ti_radio_config.c"
11:12:01.788  "C:/ti/ti_cgt_arm_llvm_3.2.2.LTS/bin/tiarmclang.exe" -c -mcpu=cortex-m4 -mfloat-abi=hard -mfpu=fpv4-sp-d16 -mlittle-endian -mthumb -Oz -I"C:/Users/maxor/workspace_ccstheia/sck2400_firmware" -I"C:/Users/maxor/workspace_ccstheia/sck2400_firmware/Debug" -I"C:/ti/simplelink_cc13xx_cc26xx_sdk_8_32_00_07/source" -I"C:/ti/simplelink_cc13xx_cc26xx_sdk_8_32_00_07/kernel/tirtos7/packages" -I"C:/ti/simplelink_cc13xx_cc26xx_sdk_8_32_00_07/source/ti/posix/ticlang" -gdwarf-3 -march=armv7e-m -MMD -MP -MF"syscfg/ti_radio_config.d_raw" -MT"syscfg/ti_radio_config.o" -I"C:/Users/maxor/workspace_ccstheia/sck2400_firmware/Debug/syscfg"  @"syscfg/ti_utils_build_compiler.opt"  -o"syscfg/ti_radio_config.o" "syscfg/ti_radio_config.c"
11:12:01.794  Finished building: "syscfg/ti_radio_config.c"
11:12:01.827  Arm Compiler - building file: "../radio.c"
11:12:01.832  "C:/ti/ti_cgt_arm_llvm_3.2.2.LTS/bin/tiarmclang.exe" -c -mcpu=cortex-m4 -mfloat-abi=hard -mfpu=fpv4-sp-d16 -mlittle-endian -mthumb -Oz -I"C:/Users/maxor/workspace_ccstheia/sck2400_firmware" -I"C:/Users/maxor/workspace_ccstheia/sck2400_firmware/Debug" -I"C:/ti/simplelink_cc13xx_cc26xx_sdk_8_32_00_07/source" -I"C:/ti/simplelink_cc13xx_cc26xx_sdk_8_32_00_07/kernel/tirtos7/packages" -I"C:/ti/simplelink_cc13xx_cc26xx_sdk_8_32_00_07/source/ti/posix/ticlang" -gdwarf-3 -march=armv7e-m -MMD -MP -MF"radio.d_raw" -MT"radio.o" -I"C:/Users/maxor/workspace_ccstheia/sck2400_firmware/Debug/syscfg"  @"syscfg/ti_utils_build_compiler.opt"  -o"radio.o" "../radio.c"
11:12:01.839  Finished building: "../radio.c"
11:12:01.892  Arm Compiler - building file: "syscfg/ti_drivers_config.c"
11:12:01.898  "C:/ti/ti_cgt_arm_llvm_3.2.2.LTS/bin/tiarmclang.exe" -c -mcpu=cortex-m4 -mfloat-abi=hard -mfpu=fpv4-sp-d16 -mlittle-endian -mthumb -Oz -I"C:/Users/maxor/workspace_ccstheia/sck2400_firmware" -I"C:/Users/maxor/workspace_ccstheia/sck2400_firmware/Debug" -I"C:/ti/simplelink_cc13xx_cc26xx_sdk_8_32_00_07/source" -I"C:/ti/simplelink_cc13xx_cc26xx_sdk_8_32_00_07/kernel/tirtos7/packages" -I"C:/ti/simplelink_cc13xx_cc26xx_sdk_8_32_00_07/source/ti/posix/ticlang" -gdwarf-3 -march=armv7e-m -MMD -MP -MF"syscfg/ti_drivers_config.d_raw" -MT"syscfg/ti_drivers_config.o" -I"C:/Users/maxor/workspace_ccstheia/sck2400_firmware/Debug/syscfg"  @"syscfg/ti_utils_build_compiler.opt"  -o"syscfg/ti_drivers_config.o" "syscfg/ti_drivers_config.c"
11:12:01.905  Finished building: "syscfg/ti_drivers_config.c"
11:12:01.949  Arm Compiler - building file: "../telemetry.c"
11:12:01.955  "C:/ti/ti_cgt_arm_llvm_3.2.2.LTS/bin/tiarmclang.exe" -c -mcpu=cortex-m4 -mfloat-abi=hard -mfpu=fpv4-sp-d16 -mlittle-endian -mthumb -Oz -I"C:/Users/maxor/workspace_ccstheia/sck2400_firmware" -I"C:/Users/maxor/workspace_ccstheia/sck2400_firmware/Debug" -I"C:/ti/simplelink_cc13xx_cc26xx_sdk_8_32_00_07/source" -I"C:/ti/simplelink_cc13xx_cc26xx_sdk_8_32_00_07/kernel/tirtos7/packages" -I"C:/ti/simplelink_cc13xx_cc26xx_sdk_8_32_00_07/source/ti/posix/ticlang" -gdwarf-3 -march=armv7e-m -MMD -MP -MF"telemetry.d_raw" -MT"telemetry.o" -I"C:/Users/maxor/workspace_ccstheia/sck2400_firmware/Debug/syscfg"  @"syscfg/ti_utils_build_compiler.opt"  -o"telemetry.o" "../telemetry.c"
11:12:01.961  Finished building: "../telemetry.c"
11:12:02.047  Arm Compiler - building file: "../uart.c"
11:12:02.052  "C:/ti/ti_cgt_arm_llvm_3.2.2.LTS/bin/tiarmclang.exe" -c -mcpu=cortex-m4 -mfloat-abi=hard -mfpu=fpv4-sp-d16 -mlittle-endian -mthumb -Oz -I"C:/Users/maxor/workspace_ccstheia/sck2400_firmware" -I"C:/Users/maxor/workspace_ccstheia/sck2400_firmware/Debug" -I"C:/ti/simplelink_cc13xx_cc26xx_sdk_8_32_00_07/source" -I"C:/ti/simplelink_cc13xx_cc26xx_sdk_8_32_00_07/kernel/tirtos7/packages" -I"C:/ti/simplelink_cc13xx_cc26xx_sdk_8_32_00_07/source/ti/posix/ticlang" -gdwarf-3 -march=armv7e-m -MMD -MP -MF"uart.d_raw" -MT"uart.o" -I"C:/Users/maxor/workspace_ccstheia/sck2400_firmware/Debug/syscfg"  @"syscfg/ti_utils_build_compiler.opt"  -o"uart.o" "../uart.c"
11:12:02.057  Finished building: "../uart.c"
11:12:03.164  Arm Compiler - building file: "syscfg/ti_sysbios_config.c"
11:12:03.170  "C:/ti/ti_cgt_arm_llvm_3.2.2.LTS/bin/tiarmclang.exe" -c -mcpu=cortex-m4 -mfloat-abi=hard -mfpu=fpv4-sp-d16 -mlittle-endian -mthumb -Oz -I"C:/Users/maxor/workspace_ccstheia/sck2400_firmware" -I"C:/Users/maxor/workspace_ccstheia/sck2400_firmware/Debug" -I"C:/ti/simplelink_cc13xx_cc26xx_sdk_8_32_00_07/source" -I"C:/ti/simplelink_cc13xx_cc26xx_sdk_8_32_00_07/kernel/tirtos7/packages" -I"C:/ti/simplelink_cc13xx_cc26xx_sdk_8_32_00_07/source/ti/posix/ticlang" -gdwarf-3 -march=armv7e-m -MMD -MP -MF"syscfg/ti_sysbios_config.d_raw" -MT"syscfg/ti_sysbios_config.o" -I"C:/Users/maxor/workspace_ccstheia/sck2400_firmware/Debug/syscfg"  @"syscfg/ti_utils_build_compiler.opt"  -o"syscfg/ti_sysbios_config.o" "syscfg/ti_sysbios_config.c"
11:12:03.176  Finished building: "syscfg/ti_sysbios_config.c"
11:12:03.219  Arm Linker - building target: "sck2400_firmware.out"
11:12:03.235  "C:/ti/ti_cgt_arm_llvm_3.2.2.LTS/bin/tiarmclang.exe" -mcpu=cortex-m4 -mfloat-abi=hard -mfpu=fpv4-sp-d16 -mlittle-endian -mthumb -Oz -gdwarf-3 -march=armv7e-m -Wl,-m"sck2400_firmware.map" -Wl,-i"C:/ti/simplelink_cc13xx_cc26xx_sdk_8_32_00_07/source" -Wl,-i"C:/ti/simplelink_cc13xx_cc26xx_sdk_8_32_00_07/kernel/tirtos7/packages" -Wl,-i"C:/Users/maxor/workspace_ccstheia/sck2400_firmware/Debug/syscfg" -Wl,-i"C:/ti/ti_cgt_arm_llvm_3.2.2.LTS/lib" -Wl,--diag_wrap=off -Wl,--display_error_number -Wl,--warn_sections -Wl,--xml_link_info="sck2400_firmware_linkInfo.xml" -Wl,--rom_model -o "sck2400_firmware.out" "./RFQueue.o" "./ccsds.o" "./main.o" "./main_tirtos.o" "./oad_image_header_app.o" "./radio.o" "./syscfg/ti_devices_config.o" "./syscfg/ti_radio_config.o" "./syscfg/ti_drivers_config.o" "./syscfg/ti_sysbios_config.o" "./telemetry.o" "./uart.o" "../cc13x2_cc26x2_tirtos7.cmd"  -Wl,-lti_utils_build_linker.cmd.genlibs -Wl,-llibc.a
11:12:03.739  Finished building target: "sck2400_firmware.out"
11:12:03.791  "C:/ti/ti_cgt_arm_llvm_3.2.2.LTS/bin/tiarmhex" -order MS --memwidth=8 --romwidth=8 --intel -o "sck2400_firmware.hex" "sck2400_firmware"
11:12:03.804  Translating to Intel format...
11:12:03.809  "sck2400_firmware.out" .image_header ==> .image_header
11:12:03.813  "sck2400_firmware.out" .text ==> .text
11:12:03.817  "sck2400_firmware.out" .rodata ==> .rodata
11:12:03.822  "sck2400_firmware.out" .resetVecs ==> .resetVecs
11:12:03.826  "sck2400_firmware.out" .oad_entry_vec ==> .oad_entry_vec
11:12:03.829  "sck2400_firmware.out" .args ==> .args
11:12:03.833  "sck2400_firmware.out" .cinit ==> .cinit
11:12:03.836  "sck2400_firmware.out" .ccfg ==> .ccfg
11:12:03.892  **** Build finished ****
11:12:03.996  # ----------------------------------------
11:12:04.000  # Problem summary for project 'sck2400_firmware': 0 errors, 1 warnings
11:12:04.006  Warning: sck2400.syscfg [CONFIG_SPI_0(/ti/drivers/SPI) spi.csnPin]: Connected to hardware
11:12:04.012  # --------------------------------------------------------------------------------
11:12:04.016  # [Tue Jun 09 11:12:03 CDT 2026]: CCS headless build complete - 0 out of 1 projects have errors
11:12:04.420  ✓ Build succeeded: C:\Users\maxor\workspace_ccstheia\sck2400_firmware\Debug\sck2400_firmware.hex
11:12:04.425    Board: GS Board  (APID 0x010)  APID: 0x010
11:13:29.208    → TX [0000]  [CCSDS] get_telem seq=21 dest=0x010
11:13:33.909    ✗ No telem reply
11:13:36.147    → TX [0000]  [CCSDS] get_telem seq=22 dest=0x010
11:13:40.831    ✗ No telem reply
11:15:53.984    → TX [0000]  [CCSDS] get_telem seq=23 dest=0x010
11:15:58.669    ✗ No telem reply
11:15:59.298    → TX [0000]  [CCSDS] get_telem seq=24 dest=0x010
11:16:04.005    ✗ No telem reply
11:22:32.849  Not connected.
11:22:35.105  Connected: COM12 @ 921600
11:22:37.512    → TX [0000]  [CCSDS] get_telem seq=25 dest=0x010
11:22:42.527    ✗ No telem reply
11:24:40.833  Not connected.
11:24:42.816  Connected: COM12 @ 921600
11:24:45.982    → TX [0000]  [CCSDS] get_telem seq=26 dest=0x010
11:24:51.009    ✗ No telem reply
11:24:51.689    → TX [0000]  [CCSDS] get_telem seq=27 dest=0x010
11:24:56.709    ✗ No telem reply
11:30:12.958    → TX [0000]  [CCSDS] get_telem seq=28 dest=0x010
11:30:17.643    ✗ No telem reply
11:32:39.741  Serial port closed.
11:32:41.660  Connected: COM12 @ 921600
11:32:44.152    → TX [0000]  [CCSDS] get_telem seq=29 dest=0x010
11:32:44.181    ← RX  [CCSDS RAW] 08 01 C0 1D 00 1F 0B 00 00 00 00 00 00 00 00 00 0C 00 00 00 00 00 00 00 07 00 00 00 00 00 00 00 00 00 A9 04 B8 0C
11:32:44.183    ← RX  tlm_beacon  apid=0x001 seq=29
11:32:44.195    ✓ tlm_beacon received seq=29
13:49:11.232  SCK Ground Station ready.
13:49:11.273  Log folder: C:\Users\maxor\source\repos\2022_projects\OpenLST_GroundStation\bin\Release\net8.0-windows\Log
13:49:11.276  Flights folder: C:\Users\maxor\source\repos\2022_projects\OpenLST_GroundStation\bin\Release\net8.0-windows\Flights
13:50:20.368  Connected: COM12 @ 921600
13:50:35.259  Clean complete — 0 radio files deleted, 0 bootloader files preserved.
13:50:35.266  board.h not found in project directory.
13:50:35.284  Starting build: mingw32-make openlst_437_radio
13:50:35.377  mingw32-make: *** No rule to make target 'openlst_437_radio'.  Stop.
13:50:35.379  Build FAILED (exit 2)
13:50:41.520  Board: SCK-2400 (CCSDS)
13:50:43.677  RF Power: patched radio.h → TX_POWER = BENCH (0 dBm bench)
13:50:43.692  Board: patched ccsds.h → SCK_APID_THIS_BOARD = 0x010 (GS Board  (APID 0x010))
13:50:43.704  ══════════════════════════════════════════════════
13:50:43.707    SCK-2400 Build  →  GS Board  (APID 0x010)
13:50:43.708    SCK_APID_THIS_BOARD = 0x010
13:50:43.710    Build type: full
13:50:43.712  ══════════════════════════════════════════════════
13:50:50.999  # ================================================================================
13:50:51.002  # [Tue Jun 09 13:50:50 CDT 2026]: CCS headless build starting...
13:50:51.213  **** Clean-only build of configuration 'Debug' for project 'sck2400_firmware' ****
13:50:51.302  "C:\\ti\\ccs2051\\ccs\\utils\\bin\\gmake" -k -j 12 clean -r -O
13:50:51.542  DEL /F "syscfg\ti_radio_config.h" "syscfg\ti_drivers_config.h" "syscfg\ti_utils_build_linker.cmd.genlibs" "syscfg\ti_utils_build_linker.cmd.genmap" "syscfg\syscfg_c.rov.xs" "syscfg\ti_sysbios_config.h" "syscfg\ti_devices_config.c" "syscfg\ti_radio_config.c" "syscfg\ti_drivers_config.c" "syscfg\ti_utils_build_compiler.opt" "syscfg\ti_sysbios_config.c" "sck2400_firmware.out"
13:50:51.546  DEL /F "RFQueue.o" "ccsds.o" "main.o" "main_tirtos.o" "oad_image_header_app.o" "radio.o" "syscfg\ti_devices_config.o" "syscfg\ti_radio_config.o" "syscfg\ti_drivers_config.o" "syscfg\ti_sysbios_config.o" "telemetry.o" "uart.o"
13:50:51.547  DEL /F "RFQueue.d" "ccsds.d" "main.d" "main_tirtos.d" "oad_image_header_app.d" "radio.d" "syscfg\ti_devices_config.d" "syscfg\ti_radio_config.d" "syscfg\ti_drivers_config.d" "syscfg\ti_sysbios_config.d" "telemetry.d" "uart.d"
13:50:51.549  RMDIR /S/Q "syscfg"
13:50:51.629  **** Build finished ****
13:50:55.182  **** Build of configuration 'Debug' for project 'sck2400_firmware' ****
13:50:55.193  "C:\\ti\\ccs2051\\ccs\\utils\\bin\\gmake" -k -j 12 all -r -O
13:50:57.516  SysConfig - building file: "../sck2400.syscfg"
13:50:57.519  "C:/ti/sysconfig_1.21.1/sysconfig_cli.bat" -s "C:/ti/simplelink_cc13xx_cc26xx_sdk_8_32_00_07/.metadata/product.json" --script "C:/Users/maxor/workspace_ccstheia/sck2400_firmware/sck2400.syscfg" -o "syscfg" --compiler ticlang
13:50:57.522  Running script...
13:50:57.524  Validating...
13:50:57.525  warning: CONFIG_SPI_0(/ti/drivers/SPI) spi.csnPin: Connected to hardware
13:50:57.535  DIO20/38 is connected to MX25R8035F SPI Flash Chip Select on the CC1352P-2 LaunchPad. Consider selecting it in 'use hardware' above. Using a custom board?
13:50:57.538  0 error(s), 1 warning(s)
13:50:57.543  Generating Code (sck2400.syscfg)...
13:50:57.548  Writing C:\Users\maxor\workspace_ccstheia\sck2400_firmware\Debug\syscfg\ti_devices_config.c...
13:50:57.551  Writing C:\Users\maxor\workspace_ccstheia\sck2400_firmware\Debug\syscfg\ti_radio_config.c...
13:50:57.554  Writing C:\Users\maxor\workspace_ccstheia\sck2400_firmware\Debug\syscfg\ti_radio_config.h...
13:50:57.557  Writing C:\Users\maxor\workspace_ccstheia\sck2400_firmware\Debug\syscfg\ti_drivers_config.c...
13:50:57.562  Writing C:\Users\maxor\workspace_ccstheia\sck2400_firmware\Debug\syscfg\ti_drivers_config.h...
13:50:57.566  Writing C:\Users\maxor\workspace_ccstheia\sck2400_firmware\Debug\syscfg\ti_utils_build_linker.cmd.genlibs...
13:50:57.569  Writing C:\Users\maxor\workspace_ccstheia\sck2400_firmware\Debug\syscfg\ti_utils_build_linker.cmd.genmap...
13:50:57.572  Writing C:\Users\maxor\workspace_ccstheia\sck2400_firmware\Debug\syscfg\ti_utils_build_compiler.opt...
13:50:57.576  Writing C:\Users\maxor\workspace_ccstheia\sck2400_firmware\Debug\syscfg\syscfg_c.rov.xs...
13:50:57.580  Writing C:\Users\maxor\workspace_ccstheia\sck2400_firmware\Debug\syscfg\ti_sysbios_config.h...
13:50:57.584  Writing C:\Users\maxor\workspace_ccstheia\sck2400_firmware\Debug\syscfg\ti_sysbios_config.c...
13:50:57.587  Finished building: "../sck2400.syscfg"
13:50:58.021  Arm Compiler - building file: "../ccsds.c"
13:50:58.027  "C:/ti/ti_cgt_arm_llvm_3.2.2.LTS/bin/tiarmclang.exe" -c -mcpu=cortex-m4 -mfloat-abi=hard -mfpu=fpv4-sp-d16 -mlittle-endian -mthumb -Oz -I"C:/Users/maxor/workspace_ccstheia/sck2400_firmware" -I"C:/Users/maxor/workspace_ccstheia/sck2400_firmware/Debug" -I"C:/ti/simplelink_cc13xx_cc26xx_sdk_8_32_00_07/source" -I"C:/ti/simplelink_cc13xx_cc26xx_sdk_8_32_00_07/kernel/tirtos7/packages" -I"C:/ti/simplelink_cc13xx_cc26xx_sdk_8_32_00_07/source/ti/posix/ticlang" -gdwarf-3 -march=armv7e-m -MMD -MP -MF"ccsds.d_raw" -MT"ccsds.o" -I"C:/Users/maxor/workspace_ccstheia/sck2400_firmware/Debug/syscfg"  @"syscfg/ti_utils_build_compiler.opt"  -o"ccsds.o" "../ccsds.c"
13:50:58.034  Finished building: "../ccsds.c"
13:50:58.045  Arm Compiler - building file: "../RFQueue.c"
13:50:58.057  "C:/ti/ti_cgt_arm_llvm_3.2.2.LTS/bin/tiarmclang.exe" -c -mcpu=cortex-m4 -mfloat-abi=hard -mfpu=fpv4-sp-d16 -mlittle-endian -mthumb -Oz -I"C:/Users/maxor/workspace_ccstheia/sck2400_firmware" -I"C:/Users/maxor/workspace_ccstheia/sck2400_firmware/Debug" -I"C:/ti/simplelink_cc13xx_cc26xx_sdk_8_32_00_07/source" -I"C:/ti/simplelink_cc13xx_cc26xx_sdk_8_32_00_07/kernel/tirtos7/packages" -I"C:/ti/simplelink_cc13xx_cc26xx_sdk_8_32_00_07/source/ti/posix/ticlang" -gdwarf-3 -march=armv7e-m -MMD -MP -MF"RFQueue.d_raw" -MT"RFQueue.o" -I"C:/Users/maxor/workspace_ccstheia/sck2400_firmware/Debug/syscfg"  @"syscfg/ti_utils_build_compiler.opt"  -o"RFQueue.o" "../RFQueue.c"
13:50:58.064  Finished building: "../RFQueue.c"
13:50:58.070  Arm Compiler - building file: "../oad_image_header_app.c"
13:50:58.076  "C:/ti/ti_cgt_arm_llvm_3.2.2.LTS/bin/tiarmclang.exe" -c -mcpu=cortex-m4 -mfloat-abi=hard -mfpu=fpv4-sp-d16 -mlittle-endian -mthumb -Oz -I"C:/Users/maxor/workspace_ccstheia/sck2400_firmware" -I"C:/Users/maxor/workspace_ccstheia/sck2400_firmware/Debug" -I"C:/ti/simplelink_cc13xx_cc26xx_sdk_8_32_00_07/source" -I"C:/ti/simplelink_cc13xx_cc26xx_sdk_8_32_00_07/kernel/tirtos7/packages" -I"C:/ti/simplelink_cc13xx_cc26xx_sdk_8_32_00_07/source/ti/posix/ticlang" -gdwarf-3 -march=armv7e-m -MMD -MP -MF"oad_image_header_app.d_raw" -MT"oad_image_header_app.o" -I"C:/Users/maxor/workspace_ccstheia/sck2400_firmware/Debug/syscfg"  @"syscfg/ti_utils_build_compiler.opt"  -o"oad_image_header_app.o" "../oad_image_header_app.c"
13:50:58.084  Finished building: "../oad_image_header_app.c"
13:50:58.122  Arm Compiler - building file: "../main_tirtos.c"
13:50:58.130  "C:/ti/ti_cgt_arm_llvm_3.2.2.LTS/bin/tiarmclang.exe" -c -mcpu=cortex-m4 -mfloat-abi=hard -mfpu=fpv4-sp-d16 -mlittle-endian -mthumb -Oz -I"C:/Users/maxor/workspace_ccstheia/sck2400_firmware" -I"C:/Users/maxor/workspace_ccstheia/sck2400_firmware/Debug" -I"C:/ti/simplelink_cc13xx_cc26xx_sdk_8_32_00_07/source" -I"C:/ti/simplelink_cc13xx_cc26xx_sdk_8_32_00_07/kernel/tirtos7/packages" -I"C:/ti/simplelink_cc13xx_cc26xx_sdk_8_32_00_07/source/ti/posix/ticlang" -gdwarf-3 -march=armv7e-m -MMD -MP -MF"main_tirtos.d_raw" -MT"main_tirtos.o" -I"C:/Users/maxor/workspace_ccstheia/sck2400_firmware/Debug/syscfg"  @"syscfg/ti_utils_build_compiler.opt"  -o"main_tirtos.o" "../main_tirtos.c"
13:50:58.136  Finished building: "../main_tirtos.c"
13:50:58.140  Arm Compiler - building file: "syscfg/ti_devices_config.c"
13:50:58.145  "C:/ti/ti_cgt_arm_llvm_3.2.2.LTS/bin/tiarmclang.exe" -c -mcpu=cortex-m4 -mfloat-abi=hard -mfpu=fpv4-sp-d16 -mlittle-endian -mthumb -Oz -I"C:/Users/maxor/workspace_ccstheia/sck2400_firmware" -I"C:/Users/maxor/workspace_ccstheia/sck2400_firmware/Debug" -I"C:/ti/simplelink_cc13xx_cc26xx_sdk_8_32_00_07/source" -I"C:/ti/simplelink_cc13xx_cc26xx_sdk_8_32_00_07/kernel/tirtos7/packages" -I"C:/ti/simplelink_cc13xx_cc26xx_sdk_8_32_00_07/source/ti/posix/ticlang" -gdwarf-3 -march=armv7e-m -MMD -MP -MF"syscfg/ti_devices_config.d_raw" -MT"syscfg/ti_devices_config.o" -I"C:/Users/maxor/workspace_ccstheia/sck2400_firmware/Debug/syscfg"  @"syscfg/ti_utils_build_compiler.opt"  -o"syscfg/ti_devices_config.o" "syscfg/ti_devices_config.c"
13:50:58.153  Finished building: "syscfg/ti_devices_config.c"
13:50:58.207  Arm Compiler - building file: "../main.c"
13:50:58.215  "C:/ti/ti_cgt_arm_llvm_3.2.2.LTS/bin/tiarmclang.exe" -c -mcpu=cortex-m4 -mfloat-abi=hard -mfpu=fpv4-sp-d16 -mlittle-endian -mthumb -Oz -I"C:/Users/maxor/workspace_ccstheia/sck2400_firmware" -I"C:/Users/maxor/workspace_ccstheia/sck2400_firmware/Debug" -I"C:/ti/simplelink_cc13xx_cc26xx_sdk_8_32_00_07/source" -I"C:/ti/simplelink_cc13xx_cc26xx_sdk_8_32_00_07/kernel/tirtos7/packages" -I"C:/ti/simplelink_cc13xx_cc26xx_sdk_8_32_00_07/source/ti/posix/ticlang" -gdwarf-3 -march=armv7e-m -MMD -MP -MF"main.d_raw" -MT"main.o" -I"C:/Users/maxor/workspace_ccstheia/sck2400_firmware/Debug/syscfg"  @"syscfg/ti_utils_build_compiler.opt"  -o"main.o" "../main.c"
13:50:58.219  Finished building: "../main.c"
13:50:58.223  Arm Compiler - building file: "syscfg/ti_radio_config.c"
13:50:58.228  "C:/ti/ti_cgt_arm_llvm_3.2.2.LTS/bin/tiarmclang.exe" -c -mcpu=cortex-m4 -mfloat-abi=hard -mfpu=fpv4-sp-d16 -mlittle-endian -mthumb -Oz -I"C:/Users/maxor/workspace_ccstheia/sck2400_firmware" -I"C:/Users/maxor/workspace_ccstheia/sck2400_firmware/Debug" -I"C:/ti/simplelink_cc13xx_cc26xx_sdk_8_32_00_07/source" -I"C:/ti/simplelink_cc13xx_cc26xx_sdk_8_32_00_07/kernel/tirtos7/packages" -I"C:/ti/simplelink_cc13xx_cc26xx_sdk_8_32_00_07/source/ti/posix/ticlang" -gdwarf-3 -march=armv7e-m -MMD -MP -MF"syscfg/ti_radio_config.d_raw" -MT"syscfg/ti_radio_config.o" -I"C:/Users/maxor/workspace_ccstheia/sck2400_firmware/Debug/syscfg"  @"syscfg/ti_utils_build_compiler.opt"  -o"syscfg/ti_radio_config.o" "syscfg/ti_radio_config.c"
13:50:58.234  Finished building: "syscfg/ti_radio_config.c"
13:50:58.271  Arm Compiler - building file: "../radio.c"
13:50:58.279  "C:/ti/ti_cgt_arm_llvm_3.2.2.LTS/bin/tiarmclang.exe" -c -mcpu=cortex-m4 -mfloat-abi=hard -mfpu=fpv4-sp-d16 -mlittle-endian -mthumb -Oz -I"C:/Users/maxor/workspace_ccstheia/sck2400_firmware" -I"C:/Users/maxor/workspace_ccstheia/sck2400_firmware/Debug" -I"C:/ti/simplelink_cc13xx_cc26xx_sdk_8_32_00_07/source" -I"C:/ti/simplelink_cc13xx_cc26xx_sdk_8_32_00_07/kernel/tirtos7/packages" -I"C:/ti/simplelink_cc13xx_cc26xx_sdk_8_32_00_07/source/ti/posix/ticlang" -gdwarf-3 -march=armv7e-m -MMD -MP -MF"radio.d_raw" -MT"radio.o" -I"C:/Users/maxor/workspace_ccstheia/sck2400_firmware/Debug/syscfg"  @"syscfg/ti_utils_build_compiler.opt"  -o"radio.o" "../radio.c"
13:50:58.286  Finished building: "../radio.c"
13:50:58.734  Arm Compiler - building file: "../telemetry.c"
13:50:58.749  "C:/ti/ti_cgt_arm_llvm_3.2.2.LTS/bin/tiarmclang.exe" -c -mcpu=cortex-m4 -mfloat-abi=hard -mfpu=fpv4-sp-d16 -mlittle-endian -mthumb -Oz -I"C:/Users/maxor/workspace_ccstheia/sck2400_firmware" -I"C:/Users/maxor/workspace_ccstheia/sck2400_firmware/Debug" -I"C:/ti/simplelink_cc13xx_cc26xx_sdk_8_32_00_07/source" -I"C:/ti/simplelink_cc13xx_cc26xx_sdk_8_32_00_07/kernel/tirtos7/packages" -I"C:/ti/simplelink_cc13xx_cc26xx_sdk_8_32_00_07/source/ti/posix/ticlang" -gdwarf-3 -march=armv7e-m -MMD -MP -MF"telemetry.d_raw" -MT"telemetry.o" -I"C:/Users/maxor/workspace_ccstheia/sck2400_firmware/Debug/syscfg"  @"syscfg/ti_utils_build_compiler.opt"  -o"telemetry.o" "../telemetry.c"
13:50:58.754  Finished building: "../telemetry.c"
13:50:58.768  Arm Compiler - building file: "../uart.c"
13:50:58.773  "C:/ti/ti_cgt_arm_llvm_3.2.2.LTS/bin/tiarmclang.exe" -c -mcpu=cortex-m4 -mfloat-abi=hard -mfpu=fpv4-sp-d16 -mlittle-endian -mthumb -Oz -I"C:/Users/maxor/workspace_ccstheia/sck2400_firmware" -I"C:/Users/maxor/workspace_ccstheia/sck2400_firmware/Debug" -I"C:/ti/simplelink_cc13xx_cc26xx_sdk_8_32_00_07/source" -I"C:/ti/simplelink_cc13xx_cc26xx_sdk_8_32_00_07/kernel/tirtos7/packages" -I"C:/ti/simplelink_cc13xx_cc26xx_sdk_8_32_00_07/source/ti/posix/ticlang" -gdwarf-3 -march=armv7e-m -MMD -MP -MF"uart.d_raw" -MT"uart.o" -I"C:/Users/maxor/workspace_ccstheia/sck2400_firmware/Debug/syscfg"  @"syscfg/ti_utils_build_compiler.opt"  -o"uart.o" "../uart.c"
13:50:58.780  Finished building: "../uart.c"
13:50:58.825  Arm Compiler - building file: "syscfg/ti_drivers_config.c"
13:50:58.849  "C:/ti/ti_cgt_arm_llvm_3.2.2.LTS/bin/tiarmclang.exe" -c -mcpu=cortex-m4 -mfloat-abi=hard -mfpu=fpv4-sp-d16 -mlittle-endian -mthumb -Oz -I"C:/Users/maxor/workspace_ccstheia/sck2400_firmware" -I"C:/Users/maxor/workspace_ccstheia/sck2400_firmware/Debug" -I"C:/ti/simplelink_cc13xx_cc26xx_sdk_8_32_00_07/source" -I"C:/ti/simplelink_cc13xx_cc26xx_sdk_8_32_00_07/kernel/tirtos7/packages" -I"C:/ti/simplelink_cc13xx_cc26xx_sdk_8_32_00_07/source/ti/posix/ticlang" -gdwarf-3 -march=armv7e-m -MMD -MP -MF"syscfg/ti_drivers_config.d_raw" -MT"syscfg/ti_drivers_config.o" -I"C:/Users/maxor/workspace_ccstheia/sck2400_firmware/Debug/syscfg"  @"syscfg/ti_utils_build_compiler.opt"  -o"syscfg/ti_drivers_config.o" "syscfg/ti_drivers_config.c"
13:50:58.853  Finished building: "syscfg/ti_drivers_config.c"
13:51:00.437  Arm Compiler - building file: "syscfg/ti_sysbios_config.c"
13:51:00.441  "C:/ti/ti_cgt_arm_llvm_3.2.2.LTS/bin/tiarmclang.exe" -c -mcpu=cortex-m4 -mfloat-abi=hard -mfpu=fpv4-sp-d16 -mlittle-endian -mthumb -Oz -I"C:/Users/maxor/workspace_ccstheia/sck2400_firmware" -I"C:/Users/maxor/workspace_ccstheia/sck2400_firmware/Debug" -I"C:/ti/simplelink_cc13xx_cc26xx_sdk_8_32_00_07/source" -I"C:/ti/simplelink_cc13xx_cc26xx_sdk_8_32_00_07/kernel/tirtos7/packages" -I"C:/ti/simplelink_cc13xx_cc26xx_sdk_8_32_00_07/source/ti/posix/ticlang" -gdwarf-3 -march=armv7e-m -MMD -MP -MF"syscfg/ti_sysbios_config.d_raw" -MT"syscfg/ti_sysbios_config.o" -I"C:/Users/maxor/workspace_ccstheia/sck2400_firmware/Debug/syscfg"  @"syscfg/ti_utils_build_compiler.opt"  -o"syscfg/ti_sysbios_config.o" "syscfg/ti_sysbios_config.c"
13:51:00.447  Finished building: "syscfg/ti_sysbios_config.c"
13:51:00.487  Arm Linker - building target: "sck2400_firmware.out"
13:51:00.490  "C:/ti/ti_cgt_arm_llvm_3.2.2.LTS/bin/tiarmclang.exe" -mcpu=cortex-m4 -mfloat-abi=hard -mfpu=fpv4-sp-d16 -mlittle-endian -mthumb -Oz -gdwarf-3 -march=armv7e-m -Wl,-m"sck2400_firmware.map" -Wl,-i"C:/ti/simplelink_cc13xx_cc26xx_sdk_8_32_00_07/source" -Wl,-i"C:/ti/simplelink_cc13xx_cc26xx_sdk_8_32_00_07/kernel/tirtos7/packages" -Wl,-i"C:/Users/maxor/workspace_ccstheia/sck2400_firmware/Debug/syscfg" -Wl,-i"C:/ti/ti_cgt_arm_llvm_3.2.2.LTS/lib" -Wl,--diag_wrap=off -Wl,--display_error_number -Wl,--warn_sections -Wl,--xml_link_info="sck2400_firmware_linkInfo.xml" -Wl,--rom_model -o "sck2400_firmware.out" "./RFQueue.o" "./ccsds.o" "./main.o" "./main_tirtos.o" "./oad_image_header_app.o" "./radio.o" "./syscfg/ti_devices_config.o" "./syscfg/ti_radio_config.o" "./syscfg/ti_drivers_config.o" "./syscfg/ti_sysbios_config.o" "./telemetry.o" "./uart.o" "../cc13x2_cc26x2_tirtos7.cmd"  -Wl,-lti_utils_build_linker.cmd.genlibs -Wl,-llibc.a
13:51:01.178  Finished building target: "sck2400_firmware.out"
13:51:01.229  "C:/ti/ti_cgt_arm_llvm_3.2.2.LTS/bin/tiarmhex" -order MS --memwidth=8 --romwidth=8 --intel -o "sck2400_firmware.hex" "sck2400_firmware"
13:51:01.296  Translating to Intel format...
13:51:01.300  "sck2400_firmware.out" .image_header ==> .image_header
13:51:01.304  "sck2400_firmware.out" .text ==> .text
13:51:01.307  "sck2400_firmware.out" .rodata ==> .rodata
13:51:01.312  "sck2400_firmware.out" .resetVecs ==> .resetVecs
13:51:01.315  "sck2400_firmware.out" .oad_entry_vec ==> .oad_entry_vec
13:51:01.319  "sck2400_firmware.out" .args ==> .args
13:51:01.323  "sck2400_firmware.out" .cinit ==> .cinit
13:51:01.327  "sck2400_firmware.out" .ccfg ==> .ccfg
13:51:01.440  **** Build finished ****
13:51:01.606  # ----------------------------------------
13:51:01.610  # Problem summary for project 'sck2400_firmware': 0 errors, 1 warnings
13:51:01.614  Warning: sck2400.syscfg [CONFIG_SPI_0(/ti/drivers/SPI) spi.csnPin]: Connected to hardware
13:51:01.619  # --------------------------------------------------------------------------------
13:51:01.623  # [Tue Jun 09 13:51:01 CDT 2026]: CCS headless build complete - 0 out of 1 projects have errors
13:51:02.022  ✓ Build succeeded: C:\Users\maxor\workspace_ccstheia\sck2400_firmware\Debug\sck2400_firmware.hex
13:51:02.025    Board: GS Board  (APID 0x010)  APID: 0x010
13:51:02.032  OAD patch: scanning hex for oad_entry_vec...
13:51:02.059  OAD patch: ResetISR = 0x0000B6DA
13:51:02.066  OAD patch: oad_entry_vec not found in hex — prgEntry not updated.
13:51:02.069  ⚠ OAD prgEntry patch failed — firmware may not boot via BIM.
13:52:21.813  SCK Ground Station ready.
13:52:21.833  Log folder: C:\Users\maxor\source\repos\2022_projects\OpenLST_GroundStation\bin\Release\net8.0-windows\Log
13:52:21.834  Flights folder: C:\Users\maxor\source\repos\2022_projects\OpenLST_GroundStation\bin\Release\net8.0-windows\Flights
13:52:25.300  Connected: COM12 @ 921600
13:52:32.272  Board: SCK-2400 (CCSDS)
13:52:33.261  RF Power: patched radio.h → TX_POWER = BENCH (0 dBm bench)
13:52:33.267  Board: patched ccsds.h → SCK_APID_THIS_BOARD = 0x010 (GS Board  (APID 0x010))
13:52:33.284  ══════════════════════════════════════════════════
13:52:33.287    SCK-2400 Build  →  GS Board  (APID 0x010)
13:52:33.289    SCK_APID_THIS_BOARD = 0x010
13:52:33.290    Build type: full
13:52:33.292  ══════════════════════════════════════════════════
13:52:36.596  # ================================================================================
13:52:36.599  # [Tue Jun 09 13:52:36 CDT 2026]: CCS headless build starting...
13:52:36.738  **** Clean-only build of configuration 'Debug' for project 'sck2400_firmware' ****
13:52:36.793  "C:\\ti\\ccs2051\\ccs\\utils\\bin\\gmake" -k -j 12 clean -r -O
13:52:37.007  DEL /F "syscfg\ti_radio_config.h" "syscfg\ti_drivers_config.h" "syscfg\ti_utils_build_linker.cmd.genlibs" "syscfg\ti_utils_build_linker.cmd.genmap" "syscfg\syscfg_c.rov.xs" "syscfg\ti_sysbios_config.h" "syscfg\ti_devices_config.c" "syscfg\ti_radio_config.c" "syscfg\ti_drivers_config.c" "syscfg\ti_utils_build_compiler.opt" "syscfg\ti_sysbios_config.c" "sck2400_firmware.out"
13:52:37.009  DEL /F "RFQueue.o" "ccsds.o" "main.o" "main_tirtos.o" "oad_image_header_app.o" "radio.o" "syscfg\ti_devices_config.o" "syscfg\ti_radio_config.o" "syscfg\ti_drivers_config.o" "syscfg\ti_sysbios_config.o" "telemetry.o" "uart.o"
13:52:37.011  DEL /F "RFQueue.d" "ccsds.d" "main.d" "main_tirtos.d" "oad_image_header_app.d" "radio.d" "syscfg\ti_devices_config.d" "syscfg\ti_radio_config.d" "syscfg\ti_drivers_config.d" "syscfg\ti_sysbios_config.d" "telemetry.d" "uart.d"
13:52:37.012  RMDIR /S/Q "syscfg"
13:52:37.065  **** Build finished ****
13:52:39.003  **** Build of configuration 'Debug' for project 'sck2400_firmware' ****
13:52:39.017  "C:\\ti\\ccs2051\\ccs\\utils\\bin\\gmake" -k -j 12 all -r -O
13:52:40.963  SysConfig - building file: "../sck2400.syscfg"
13:52:40.978  "C:/ti/sysconfig_1.21.1/sysconfig_cli.bat" -s "C:/ti/simplelink_cc13xx_cc26xx_sdk_8_32_00_07/.metadata/product.json" --script "C:/Users/maxor/workspace_ccstheia/sck2400_firmware/sck2400.syscfg" -o "syscfg" --compiler ticlang
13:52:40.981  Running script...
13:52:40.984  Validating...
13:52:40.987  warning: CONFIG_SPI_0(/ti/drivers/SPI) spi.csnPin: Connected to hardware
13:52:40.990  DIO20/38 is connected to MX25R8035F SPI Flash Chip Select on the CC1352P-2 LaunchPad. Consider selecting it in 'use hardware' above. Using a custom board?
13:52:40.994  0 error(s), 1 warning(s)
13:52:40.997  Generating Code (sck2400.syscfg)...
13:52:41.025  Writing C:\Users\maxor\workspace_ccstheia\sck2400_firmware\Debug\syscfg\ti_devices_config.c...
13:52:41.028  Writing C:\Users\maxor\workspace_ccstheia\sck2400_firmware\Debug\syscfg\ti_radio_config.c...
13:52:41.031  Writing C:\Users\maxor\workspace_ccstheia\sck2400_firmware\Debug\syscfg\ti_radio_config.h...
13:52:41.033  Writing C:\Users\maxor\workspace_ccstheia\sck2400_firmware\Debug\syscfg\ti_drivers_config.c...
13:52:41.036  Writing C:\Users\maxor\workspace_ccstheia\sck2400_firmware\Debug\syscfg\ti_drivers_config.h...
13:52:41.039  Writing C:\Users\maxor\workspace_ccstheia\sck2400_firmware\Debug\syscfg\ti_utils_build_linker.cmd.genlibs...
13:52:41.043  Writing C:\Users\maxor\workspace_ccstheia\sck2400_firmware\Debug\syscfg\ti_utils_build_linker.cmd.genmap...
13:52:41.046  Writing C:\Users\maxor\workspace_ccstheia\sck2400_firmware\Debug\syscfg\ti_utils_build_compiler.opt...
13:52:41.049  Writing C:\Users\maxor\workspace_ccstheia\sck2400_firmware\Debug\syscfg\syscfg_c.rov.xs...
13:52:41.052  Writing C:\Users\maxor\workspace_ccstheia\sck2400_firmware\Debug\syscfg\ti_sysbios_config.h...
13:52:41.055  Writing C:\Users\maxor\workspace_ccstheia\sck2400_firmware\Debug\syscfg\ti_sysbios_config.c...
13:52:41.058  Finished building: "../sck2400.syscfg"
13:52:41.186  Arm Compiler - building file: "../RFQueue.c"
13:52:41.191  "C:/ti/ti_cgt_arm_llvm_3.2.2.LTS/bin/tiarmclang.exe" -c -mcpu=cortex-m4 -mfloat-abi=hard -mfpu=fpv4-sp-d16 -mlittle-endian -mthumb -Oz -I"C:/Users/maxor/workspace_ccstheia/sck2400_firmware" -I"C:/Users/maxor/workspace_ccstheia/sck2400_firmware/Debug" -I"C:/ti/simplelink_cc13xx_cc26xx_sdk_8_32_00_07/source" -I"C:/ti/simplelink_cc13xx_cc26xx_sdk_8_32_00_07/kernel/tirtos7/packages" -I"C:/ti/simplelink_cc13xx_cc26xx_sdk_8_32_00_07/source/ti/posix/ticlang" -gdwarf-3 -march=armv7e-m -MMD -MP -MF"RFQueue.d_raw" -MT"RFQueue.o" -I"C:/Users/maxor/workspace_ccstheia/sck2400_firmware/Debug/syscfg"  @"syscfg/ti_utils_build_compiler.opt"  -o"RFQueue.o" "../RFQueue.c"
13:52:41.197  Finished building: "../RFQueue.c"
13:52:41.259  Arm Compiler - building file: "../ccsds.c"
13:52:41.264  "C:/ti/ti_cgt_arm_llvm_3.2.2.LTS/bin/tiarmclang.exe" -c -mcpu=cortex-m4 -mfloat-abi=hard -mfpu=fpv4-sp-d16 -mlittle-endian -mthumb -Oz -I"C:/Users/maxor/workspace_ccstheia/sck2400_firmware" -I"C:/Users/maxor/workspace_ccstheia/sck2400_firmware/Debug" -I"C:/ti/simplelink_cc13xx_cc26xx_sdk_8_32_00_07/source" -I"C:/ti/simplelink_cc13xx_cc26xx_sdk_8_32_00_07/kernel/tirtos7/packages" -I"C:/ti/simplelink_cc13xx_cc26xx_sdk_8_32_00_07/source/ti/posix/ticlang" -gdwarf-3 -march=armv7e-m -MMD -MP -MF"ccsds.d_raw" -MT"ccsds.o" -I"C:/Users/maxor/workspace_ccstheia/sck2400_firmware/Debug/syscfg"  @"syscfg/ti_utils_build_compiler.opt"  -o"ccsds.o" "../ccsds.c"
13:52:41.269  Finished building: "../ccsds.c"
13:52:41.348  Arm Compiler - building file: "../main.c"
13:52:41.360  "C:/ti/ti_cgt_arm_llvm_3.2.2.LTS/bin/tiarmclang.exe" -c -mcpu=cortex-m4 -mfloat-abi=hard -mfpu=fpv4-sp-d16 -mlittle-endian -mthumb -Oz -I"C:/Users/maxor/workspace_ccstheia/sck2400_firmware" -I"C:/Users/maxor/workspace_ccstheia/sck2400_firmware/Debug" -I"C:/ti/simplelink_cc13xx_cc26xx_sdk_8_32_00_07/source" -I"C:/ti/simplelink_cc13xx_cc26xx_sdk_8_32_00_07/kernel/tirtos7/packages" -I"C:/ti/simplelink_cc13xx_cc26xx_sdk_8_32_00_07/source/ti/posix/ticlang" -gdwarf-3 -march=armv7e-m -MMD -MP -MF"main.d_raw" -MT"main.o" -I"C:/Users/maxor/workspace_ccstheia/sck2400_firmware/Debug/syscfg"  @"syscfg/ti_utils_build_compiler.opt"  -o"main.o" "../main.c"
13:52:41.366  Finished building: "../main.c"
13:52:41.370  Arm Compiler - building file: "../main_tirtos.c"
13:52:41.374  "C:/ti/ti_cgt_arm_llvm_3.2.2.LTS/bin/tiarmclang.exe" -c -mcpu=cortex-m4 -mfloat-abi=hard -mfpu=fpv4-sp-d16 -mlittle-endian -mthumb -Oz -I"C:/Users/maxor/workspace_ccstheia/sck2400_firmware" -I"C:/Users/maxor/workspace_ccstheia/sck2400_firmware/Debug" -I"C:/ti/simplelink_cc13xx_cc26xx_sdk_8_32_00_07/source" -I"C:/ti/simplelink_cc13xx_cc26xx_sdk_8_32_00_07/kernel/tirtos7/packages" -I"C:/ti/simplelink_cc13xx_cc26xx_sdk_8_32_00_07/source/ti/posix/ticlang" -gdwarf-3 -march=armv7e-m -MMD -MP -MF"main_tirtos.d_raw" -MT"main_tirtos.o" -I"C:/Users/maxor/workspace_ccstheia/sck2400_firmware/Debug/syscfg"  @"syscfg/ti_utils_build_compiler.opt"  -o"main_tirtos.o" "../main_tirtos.c"
13:52:41.380  Finished building: "../main_tirtos.c"
13:52:41.506  Arm Compiler - building file: "../oad_image_header_app.c"
13:52:41.520  "C:/ti/ti_cgt_arm_llvm_3.2.2.LTS/bin/tiarmclang.exe" -c -mcpu=cortex-m4 -mfloat-abi=hard -mfpu=fpv4-sp-d16 -mlittle-endian -mthumb -Oz -I"C:/Users/maxor/workspace_ccstheia/sck2400_firmware" -I"C:/Users/maxor/workspace_ccstheia/sck2400_firmware/Debug" -I"C:/ti/simplelink_cc13xx_cc26xx_sdk_8_32_00_07/source" -I"C:/ti/simplelink_cc13xx_cc26xx_sdk_8_32_00_07/kernel/tirtos7/packages" -I"C:/ti/simplelink_cc13xx_cc26xx_sdk_8_32_00_07/source/ti/posix/ticlang" -gdwarf-3 -march=armv7e-m -MMD -MP -MF"oad_image_header_app.d_raw" -MT"oad_image_header_app.o" -I"C:/Users/maxor/workspace_ccstheia/sck2400_firmware/Debug/syscfg"  @"syscfg/ti_utils_build_compiler.opt"  -o"oad_image_header_app.o" "../oad_image_header_app.c"
13:52:41.526  Finished building: "../oad_image_header_app.c"
13:52:41.693  Arm Compiler - building file: "syscfg/ti_devices_config.c"
13:52:41.699  "C:/ti/ti_cgt_arm_llvm_3.2.2.LTS/bin/tiarmclang.exe" -c -mcpu=cortex-m4 -mfloat-abi=hard -mfpu=fpv4-sp-d16 -mlittle-endian -mthumb -Oz -I"C:/Users/maxor/workspace_ccstheia/sck2400_firmware" -I"C:/Users/maxor/workspace_ccstheia/sck2400_firmware/Debug" -I"C:/ti/simplelink_cc13xx_cc26xx_sdk_8_32_00_07/source" -I"C:/ti/simplelink_cc13xx_cc26xx_sdk_8_32_00_07/kernel/tirtos7/packages" -I"C:/ti/simplelink_cc13xx_cc26xx_sdk_8_32_00_07/source/ti/posix/ticlang" -gdwarf-3 -march=armv7e-m -MMD -MP -MF"syscfg/ti_devices_config.d_raw" -MT"syscfg/ti_devices_config.o" -I"C:/Users/maxor/workspace_ccstheia/sck2400_firmware/Debug/syscfg"  @"syscfg/ti_utils_build_compiler.opt"  -o"syscfg/ti_devices_config.o" "syscfg/ti_devices_config.c"
13:52:41.705  Finished building: "syscfg/ti_devices_config.c"
13:52:41.723  Arm Compiler - building file: "../radio.c"
13:52:41.731  "C:/ti/ti_cgt_arm_llvm_3.2.2.LTS/bin/tiarmclang.exe" -c -mcpu=cortex-m4 -mfloat-abi=hard -mfpu=fpv4-sp-d16 -mlittle-endian -mthumb -Oz -I"C:/Users/maxor/workspace_ccstheia/sck2400_firmware" -I"C:/Users/maxor/workspace_ccstheia/sck2400_firmware/Debug" -I"C:/ti/simplelink_cc13xx_cc26xx_sdk_8_32_00_07/source" -I"C:/ti/simplelink_cc13xx_cc26xx_sdk_8_32_00_07/kernel/tirtos7/packages" -I"C:/ti/simplelink_cc13xx_cc26xx_sdk_8_32_00_07/source/ti/posix/ticlang" -gdwarf-3 -march=armv7e-m -MMD -MP -MF"radio.d_raw" -MT"radio.o" -I"C:/Users/maxor/workspace_ccstheia/sck2400_firmware/Debug/syscfg"  @"syscfg/ti_utils_build_compiler.opt"  -o"radio.o" "../radio.c"
13:52:41.737  Finished building: "../radio.c"
13:52:41.774  Arm Compiler - building file: "syscfg/ti_radio_config.c"
13:52:41.779  "C:/ti/ti_cgt_arm_llvm_3.2.2.LTS/bin/tiarmclang.exe" -c -mcpu=cortex-m4 -mfloat-abi=hard -mfpu=fpv4-sp-d16 -mlittle-endian -mthumb -Oz -I"C:/Users/maxor/workspace_ccstheia/sck2400_firmware" -I"C:/Users/maxor/workspace_ccstheia/sck2400_firmware/Debug" -I"C:/ti/simplelink_cc13xx_cc26xx_sdk_8_32_00_07/source" -I"C:/ti/simplelink_cc13xx_cc26xx_sdk_8_32_00_07/kernel/tirtos7/packages" -I"C:/ti/simplelink_cc13xx_cc26xx_sdk_8_32_00_07/source/ti/posix/ticlang" -gdwarf-3 -march=armv7e-m -MMD -MP -MF"syscfg/ti_radio_config.d_raw" -MT"syscfg/ti_radio_config.o" -I"C:/Users/maxor/workspace_ccstheia/sck2400_firmware/Debug/syscfg"  @"syscfg/ti_utils_build_compiler.opt"  -o"syscfg/ti_radio_config.o" "syscfg/ti_radio_config.c"
13:52:41.785  Finished building: "syscfg/ti_radio_config.c"
13:52:41.849  Arm Compiler - building file: "syscfg/ti_drivers_config.c"
13:52:41.853  "C:/ti/ti_cgt_arm_llvm_3.2.2.LTS/bin/tiarmclang.exe" -c -mcpu=cortex-m4 -mfloat-abi=hard -mfpu=fpv4-sp-d16 -mlittle-endian -mthumb -Oz -I"C:/Users/maxor/workspace_ccstheia/sck2400_firmware" -I"C:/Users/maxor/workspace_ccstheia/sck2400_firmware/Debug" -I"C:/ti/simplelink_cc13xx_cc26xx_sdk_8_32_00_07/source" -I"C:/ti/simplelink_cc13xx_cc26xx_sdk_8_32_00_07/kernel/tirtos7/packages" -I"C:/ti/simplelink_cc13xx_cc26xx_sdk_8_32_00_07/source/ti/posix/ticlang" -gdwarf-3 -march=armv7e-m -MMD -MP -MF"syscfg/ti_drivers_config.d_raw" -MT"syscfg/ti_drivers_config.o" -I"C:/Users/maxor/workspace_ccstheia/sck2400_firmware/Debug/syscfg"  @"syscfg/ti_utils_build_compiler.opt"  -o"syscfg/ti_drivers_config.o" "syscfg/ti_drivers_config.c"
13:52:41.860  Finished building: "syscfg/ti_drivers_config.c"
13:52:41.966  Arm Compiler - building file: "../telemetry.c"
13:52:41.970  "C:/ti/ti_cgt_arm_llvm_3.2.2.LTS/bin/tiarmclang.exe" -c -mcpu=cortex-m4 -mfloat-abi=hard -mfpu=fpv4-sp-d16 -mlittle-endian -mthumb -Oz -I"C:/Users/maxor/workspace_ccstheia/sck2400_firmware" -I"C:/Users/maxor/workspace_ccstheia/sck2400_firmware/Debug" -I"C:/ti/simplelink_cc13xx_cc26xx_sdk_8_32_00_07/source" -I"C:/ti/simplelink_cc13xx_cc26xx_sdk_8_32_00_07/kernel/tirtos7/packages" -I"C:/ti/simplelink_cc13xx_cc26xx_sdk_8_32_00_07/source/ti/posix/ticlang" -gdwarf-3 -march=armv7e-m -MMD -MP -MF"telemetry.d_raw" -MT"telemetry.o" -I"C:/Users/maxor/workspace_ccstheia/sck2400_firmware/Debug/syscfg"  @"syscfg/ti_utils_build_compiler.opt"  -o"telemetry.o" "../telemetry.c"
13:52:41.974  Finished building: "../telemetry.c"
13:52:42.071  Arm Compiler - building file: "../uart.c"
13:52:42.076  "C:/ti/ti_cgt_arm_llvm_3.2.2.LTS/bin/tiarmclang.exe" -c -mcpu=cortex-m4 -mfloat-abi=hard -mfpu=fpv4-sp-d16 -mlittle-endian -mthumb -Oz -I"C:/Users/maxor/workspace_ccstheia/sck2400_firmware" -I"C:/Users/maxor/workspace_ccstheia/sck2400_firmware/Debug" -I"C:/ti/simplelink_cc13xx_cc26xx_sdk_8_32_00_07/source" -I"C:/ti/simplelink_cc13xx_cc26xx_sdk_8_32_00_07/kernel/tirtos7/packages" -I"C:/ti/simplelink_cc13xx_cc26xx_sdk_8_32_00_07/source/ti/posix/ticlang" -gdwarf-3 -march=armv7e-m -MMD -MP -MF"uart.d_raw" -MT"uart.o" -I"C:/Users/maxor/workspace_ccstheia/sck2400_firmware/Debug/syscfg"  @"syscfg/ti_utils_build_compiler.opt"  -o"uart.o" "../uart.c"
13:52:42.081  Finished building: "../uart.c"
13:52:43.167  Arm Compiler - building file: "syscfg/ti_sysbios_config.c"
13:52:43.193  "C:/ti/ti_cgt_arm_llvm_3.2.2.LTS/bin/tiarmclang.exe" -c -mcpu=cortex-m4 -mfloat-abi=hard -mfpu=fpv4-sp-d16 -mlittle-endian -mthumb -Oz -I"C:/Users/maxor/workspace_ccstheia/sck2400_firmware" -I"C:/Users/maxor/workspace_ccstheia/sck2400_firmware/Debug" -I"C:/ti/simplelink_cc13xx_cc26xx_sdk_8_32_00_07/source" -I"C:/ti/simplelink_cc13xx_cc26xx_sdk_8_32_00_07/kernel/tirtos7/packages" -I"C:/ti/simplelink_cc13xx_cc26xx_sdk_8_32_00_07/source/ti/posix/ticlang" -gdwarf-3 -march=armv7e-m -MMD -MP -MF"syscfg/ti_sysbios_config.d_raw" -MT"syscfg/ti_sysbios_config.o" -I"C:/Users/maxor/workspace_ccstheia/sck2400_firmware/Debug/syscfg"  @"syscfg/ti_utils_build_compiler.opt"  -o"syscfg/ti_sysbios_config.o" "syscfg/ti_sysbios_config.c"
13:52:43.197  Finished building: "syscfg/ti_sysbios_config.c"
13:52:43.219  Arm Linker - building target: "sck2400_firmware.out"
13:52:43.223  "C:/ti/ti_cgt_arm_llvm_3.2.2.LTS/bin/tiarmclang.exe" -mcpu=cortex-m4 -mfloat-abi=hard -mfpu=fpv4-sp-d16 -mlittle-endian -mthumb -Oz -gdwarf-3 -march=armv7e-m -Wl,-m"sck2400_firmware.map" -Wl,-i"C:/ti/simplelink_cc13xx_cc26xx_sdk_8_32_00_07/source" -Wl,-i"C:/ti/simplelink_cc13xx_cc26xx_sdk_8_32_00_07/kernel/tirtos7/packages" -Wl,-i"C:/Users/maxor/workspace_ccstheia/sck2400_firmware/Debug/syscfg" -Wl,-i"C:/ti/ti_cgt_arm_llvm_3.2.2.LTS/lib" -Wl,--diag_wrap=off -Wl,--display_error_number -Wl,--warn_sections -Wl,--xml_link_info="sck2400_firmware_linkInfo.xml" -Wl,--rom_model -o "sck2400_firmware.out" "./RFQueue.o" "./ccsds.o" "./main.o" "./main_tirtos.o" "./oad_image_header_app.o" "./radio.o" "./syscfg/ti_devices_config.o" "./syscfg/ti_radio_config.o" "./syscfg/ti_drivers_config.o" "./syscfg/ti_sysbios_config.o" "./telemetry.o" "./uart.o" "../cc13x2_cc26x2_tirtos7.cmd"  -Wl,-lti_utils_build_linker.cmd.genlibs -Wl,-llibc.a
13:52:43.912  Finished building target: "sck2400_firmware.out"
13:52:43.964  "C:/ti/ti_cgt_arm_llvm_3.2.2.LTS/bin/tiarmhex" -order MS --memwidth=8 --romwidth=8 --intel -o "sck2400_firmware.hex" "sck2400_firmware"
13:52:43.977  Translating to Intel format...
13:52:43.983  "sck2400_firmware.out" .image_header ==> .image_header
13:52:43.988  "sck2400_firmware.out" .text ==> .text
13:52:43.993  "sck2400_firmware.out" .rodata ==> .rodata
13:52:43.997  "sck2400_firmware.out" .resetVecs ==> .resetVecs
13:52:44.000  "sck2400_firmware.out" .oad_entry_vec ==> .oad_entry_vec
13:52:44.004  "sck2400_firmware.out" .args ==> .args
13:52:44.010  "sck2400_firmware.out" .cinit ==> .cinit
13:52:44.016  "sck2400_firmware.out" .ccfg ==> .ccfg
13:52:44.088  **** Build finished ****
13:52:44.226  # ----------------------------------------
13:52:44.232  # Problem summary for project 'sck2400_firmware': 0 errors, 1 warnings
13:52:44.237  Warning: sck2400.syscfg [CONFIG_SPI_0(/ti/drivers/SPI) spi.csnPin]: Connected to hardware
13:52:44.244  # --------------------------------------------------------------------------------
13:52:44.248  # [Tue Jun 09 13:52:44 CDT 2026]: CCS headless build complete - 0 out of 1 projects have errors
13:52:44.583  ✓ Build succeeded: C:\Users\maxor\workspace_ccstheia\sck2400_firmware\Debug\sck2400_firmware.hex
13:52:44.587    Board: GS Board  (APID 0x010)  APID: 0x010
13:52:44.616  OAD patch: scanning hex for oad_entry_vec...
13:52:44.640  OAD patch: ResetISR = 0x0000B6D9
13:52:44.662  OAD patch: oad_entry_vec found at 0x0000BEC8
13:52:44.667  OAD patch: .prgEntry already 0x0000BEC8 or pattern not found.
13:52:44.670  OAD patch: deleted stale oad_image_header_app.o
13:52:44.673  OAD patch: incremental rebuild to bake prgEntry...
13:52:48.095  # ================================================================================
13:52:48.100  # [Tue Jun 09 13:52:48 CDT 2026]: CCS headless build starting...
13:52:50.536  **** Build of configuration 'Debug' for project 'sck2400_firmware' ****
13:52:50.569  "C:\\ti\\ccs2051\\ccs\\utils\\bin\\gmake" -k -j 12 all -r -O
13:52:50.786  Arm Compiler - building file: "../oad_image_header_app.c"
13:52:50.791  "C:/ti/ti_cgt_arm_llvm_3.2.2.LTS/bin/tiarmclang.exe" -c -mcpu=cortex-m4 -mfloat-abi=hard -mfpu=fpv4-sp-d16 -mlittle-endian -mthumb -Oz -I"C:/Users/maxor/workspace_ccstheia/sck2400_firmware" -I"C:/Users/maxor/workspace_ccstheia/sck2400_firmware/Debug" -I"C:/ti/simplelink_cc13xx_cc26xx_sdk_8_32_00_07/source" -I"C:/ti/simplelink_cc13xx_cc26xx_sdk_8_32_00_07/kernel/tirtos7/packages" -I"C:/ti/simplelink_cc13xx_cc26xx_sdk_8_32_00_07/source/ti/posix/ticlang" -gdwarf-3 -march=armv7e-m -MMD -MP -MF"oad_image_header_app.d_raw" -MT"oad_image_header_app.o" -I"C:/Users/maxor/workspace_ccstheia/sck2400_firmware/Debug/syscfg"  @"syscfg/ti_utils_build_compiler.opt"  -o"oad_image_header_app.o" "../oad_image_header_app.c"
13:52:50.797  Finished building: "../oad_image_header_app.c"
13:52:50.852  Arm Linker - building target: "sck2400_firmware.out"
13:52:50.856  "C:/ti/ti_cgt_arm_llvm_3.2.2.LTS/bin/tiarmclang.exe" -mcpu=cortex-m4 -mfloat-abi=hard -mfpu=fpv4-sp-d16 -mlittle-endian -mthumb -Oz -gdwarf-3 -march=armv7e-m -Wl,-m"sck2400_firmware.map" -Wl,-i"C:/ti/simplelink_cc13xx_cc26xx_sdk_8_32_00_07/source" -Wl,-i"C:/ti/simplelink_cc13xx_cc26xx_sdk_8_32_00_07/kernel/tirtos7/packages" -Wl,-i"C:/Users/maxor/workspace_ccstheia/sck2400_firmware/Debug/syscfg" -Wl,-i"C:/ti/ti_cgt_arm_llvm_3.2.2.LTS/lib" -Wl,--diag_wrap=off -Wl,--display_error_number -Wl,--warn_sections -Wl,--xml_link_info="sck2400_firmware_linkInfo.xml" -Wl,--rom_model -o "sck2400_firmware.out" "./RFQueue.o" "./ccsds.o" "./main.o" "./main_tirtos.o" "./oad_image_header_app.o" "./radio.o" "./syscfg/ti_devices_config.o" "./syscfg/ti_radio_config.o" "./syscfg/ti_drivers_config.o" "./syscfg/ti_sysbios_config.o" "./telemetry.o" "./uart.o" "../cc13x2_cc26x2_tirtos7.cmd"  -Wl,-lti_utils_build_linker.cmd.genlibs -Wl,-llibc.a
13:52:51.419  Finished building target: "sck2400_firmware.out"
13:52:51.476  "C:/ti/ti_cgt_arm_llvm_3.2.2.LTS/bin/tiarmhex" -order MS --memwidth=8 --romwidth=8 --intel -o "sck2400_firmware.hex" "sck2400_firmware"
13:52:51.488  Translating to Intel format...
13:52:51.510  "sck2400_firmware.out" .image_header ==> .image_header
13:52:51.513  "sck2400_firmware.out" .text ==> .text
13:52:51.516  "sck2400_firmware.out" .rodata ==> .rodata
13:52:51.519  "sck2400_firmware.out" .resetVecs ==> .resetVecs
13:52:51.522  "sck2400_firmware.out" .oad_entry_vec ==> .oad_entry_vec
13:52:51.526  "sck2400_firmware.out" .args ==> .args
13:52:51.529  "sck2400_firmware.out" .cinit ==> .cinit
13:52:51.533  "sck2400_firmware.out" .ccfg ==> .ccfg
13:52:51.608  **** Build finished ****
13:52:51.647  # ----------------------------------------
13:52:51.653  # Problem summary for project 'sck2400_firmware': 0 errors, 1 warnings
13:52:51.658  Warning: sck2400.syscfg [CONFIG_SPI_0(/ti/drivers/SPI) spi.csnPin]: Connected to hardware
13:52:51.663  # --------------------------------------------------------------------------------
13:52:51.669  # [Tue Jun 09 13:52:51 CDT 2026]: CCS headless build complete - 0 out of 1 projects have errors
13:52:52.011  OAD patch: rebuild OK — prgEntry = 0x0000BEC8
13:53:48.046  XDS110 detected: Serial = L4300491
13:53:48.139  ✓ Merged BIM + firmware → C:\Users\maxor\workspace_ccstheia\sck2400_merged.hex
13:53:48.159  ══════════════════════════════════════════════════
13:53:48.162    SCK-2400 Local Flash  →  GS Board  (APID 0x010)
13:53:48.166    XDS110: L4300491
13:53:48.169    HEX: C:\Users\maxor\workspace_ccstheia\sck2400_merged.hex
13:53:48.173  ══════════════════════════════════════════════════
13:53:48.176  srfprog -t soc(XDS-L4300491, CC1352P) -e all -p all -v rb -f "C:\Users\maxor\workspace_ccstheia\sck2400_merged.hex"
13:53:54.244  Texas Instruments SmartRF Flash Programmer 2 v1.8.2-windows
13:53:54.248  -------------------------------------------------------------------------------
13:53:54.251  Connected over 2-pin cJTAG.
13:53:54.254  Reading file: C:\Users\maxor\workspace_ccstheia\sck2400_merged.hex.
13:53:54.259  Start flash erase ...
13:53:54.263  OK
13:53:54.269  Start flash programming ...
13:53:54.273  0%0%4%9%97%99%100%
13:53:54.277  OK
13:53:54.280  Start flash verify ...
13:53:54.283  0%0%
13:53:54.286  Page: 0 verified OK.2%
13:53:54.289  Skip verification of unassigned page: 1.4%
13:53:54.292  Page: 2 verified OK.6%
13:53:54.295  Page: 3 verified OK.9%
13:53:54.298  Page: 4 verified OK.11%
13:53:54.301  Page: 5 verified OK.13%
13:53:54.304  Page: 6 verified OK.15%
13:53:54.309  Skip verification of unassigned page: 7.18%
13:53:54.312  Skip verification of unassigned page: 8.20%
13:53:54.315  Skip verification of unassigned page: 9.22%
13:53:54.318  Skip verification of unassigned page: 10.25%
13:53:54.321  Skip verification of unassigned page: 11.27%
13:53:54.324  Skip verification of unassigned page: 12.29%
13:53:54.358  Skip verification of unassigned page: 13.31%
13:53:54.361  Skip verification of unassigned page: 14.34%
13:53:54.364  Skip verification of unassigned page: 15.36%
13:53:54.367  Skip verification of unassigned page: 16.38%
13:53:54.371  Skip verification of unassigned page: 17.40%
13:53:54.375  Skip verification of unassigned page: 18.43%
13:53:54.379  Skip verification of unassigned page: 19.45%
13:53:54.382  Skip verification of unassigned page: 20.47%
13:53:54.385  Skip verification of unassigned page: 21.50%
13:53:54.388  Skip verification of unassigned page: 22.52%
13:53:54.392  Skip verification of unassigned page: 23.54%
13:53:54.395  Skip verification of unassigned page: 24.56%
13:53:54.398  Skip verification of unassigned page: 25.59%
13:53:54.401  Skip verification of unassigned page: 26.61%
13:53:54.404  Skip verification of unassigned page: 27.63%
13:53:54.409  Skip verification of unassigned page: 28.65%
13:53:54.412  Skip verification of unassigned page: 29.68%
13:53:54.415  Skip verification of unassigned page: 30.70%
13:53:54.418  Skip verification of unassigned page: 31.72%
13:53:54.421  Skip verification of unassigned page: 32.75%
13:53:54.425  Skip verification of unassigned page: 33.77%
13:53:54.429  Skip verification of unassigned page: 34.79%
13:53:54.432  Skip verification of unassigned page: 35.81%
13:53:54.435  Skip verification of unassigned page: 36.84%
13:53:54.445  Skip verification of unassigned page: 37.86%
13:53:54.448  Skip verification of unassigned page: 38.88%
13:53:54.451  Skip verification of unassigned page: 39.90%
13:53:54.454  Skip verification of unassigned page: 40.93%
13:53:54.458  Skip verification of unassigned page: 41.95%
13:53:54.463  Page: 42 verified OK.97%
13:53:54.468  Page: 43 verified OK.100%
13:53:54.473  OK
13:53:54.477  Reset target ...
13:53:54.481  OK
13:53:54.484  ✓ Flash complete — GS Board  (APID 0x010)
13:53:58.911    → TX [0000]  [CCSDS] get_telem seq=2 dest=0x010
13:53:58.939    ← RX  [CCSDS RAW] 08 01 C0 02 00 1F 03 00 00 00 00 00 00 00 00 00 04 00 00 00 00 00 00 00 07 00 00 00 00 00 00 00 00 00 A9 04 B5 0C
13:53:58.945    ← RX  tlm_beacon  apid=0x001 seq=2
13:53:58.954    ✓ tlm_beacon received seq=2
14:13:09.538  RF Power: patched radio.h → TX_POWER = BENCH (0 dBm bench)
14:13:09.547  Board: patched ccsds.h → SCK_APID_THIS_BOARD = 0x010 (GS Board  (APID 0x010))
14:13:09.561  ══════════════════════════════════════════════════
14:13:09.564    SCK-2400 Build  →  GS Board  (APID 0x010)
14:13:09.567    SCK_APID_THIS_BOARD = 0x010
14:13:09.569    Build type: full
14:13:09.572  ══════════════════════════════════════════════════
14:13:12.876  # ================================================================================
14:13:12.885  # [Tue Jun 09 14:13:12 CDT 2026]: CCS headless build starting...
14:13:13.023  **** Clean-only build of configuration 'Debug' for project 'sck2400_firmware' ****
14:13:13.079  "C:\\ti\\ccs2051\\ccs\\utils\\bin\\gmake" -k -j 12 clean -r -O
14:13:13.290  DEL /F "syscfg\ti_radio_config.h" "syscfg\ti_drivers_config.h" "syscfg\ti_utils_build_linker.cmd.genlibs" "syscfg\ti_utils_build_linker.cmd.genmap" "syscfg\syscfg_c.rov.xs" "syscfg\ti_sysbios_config.h" "syscfg\ti_devices_config.c" "syscfg\ti_radio_config.c" "syscfg\ti_drivers_config.c" "syscfg\ti_utils_build_compiler.opt" "syscfg\ti_sysbios_config.c" "sck2400_firmware.out"
14:13:13.295  DEL /F "RFQueue.o" "ccsds.o" "main.o" "main_tirtos.o" "oad_image_header_app.o" "radio.o" "syscfg\ti_devices_config.o" "syscfg\ti_radio_config.o" "syscfg\ti_drivers_config.o" "syscfg\ti_sysbios_config.o" "telemetry.o" "uart.o"
14:13:13.298  DEL /F "RFQueue.d" "ccsds.d" "main.d" "main_tirtos.d" "oad_image_header_app.d" "radio.d" "syscfg\ti_devices_config.d" "syscfg\ti_radio_config.d" "syscfg\ti_drivers_config.d" "syscfg\ti_sysbios_config.d" "telemetry.d" "uart.d"
14:13:13.301  RMDIR /S/Q "syscfg"
14:13:13.350  **** Build finished ****
14:13:15.320  **** Build of configuration 'Debug' for project 'sck2400_firmware' ****
14:13:15.331  "C:\\ti\\ccs2051\\ccs\\utils\\bin\\gmake" -k -j 12 all -r -O
14:13:17.332  SysConfig - building file: "../sck2400.syscfg"
14:13:17.337  "C:/ti/sysconfig_1.21.1/sysconfig_cli.bat" -s "C:/ti/simplelink_cc13xx_cc26xx_sdk_8_32_00_07/.metadata/product.json" --script "C:/Users/maxor/workspace_ccstheia/sck2400_firmware/sck2400.syscfg" -o "syscfg" --compiler ticlang
14:13:17.341  Running script...
14:13:17.344  Validating...
14:13:17.347  warning: CONFIG_SPI_0(/ti/drivers/SPI) spi.csnPin: Connected to hardware
14:13:17.350  DIO20/38 is connected to MX25R8035F SPI Flash Chip Select on the CC1352P-2 LaunchPad. Consider selecting it in 'use hardware' above. Using a custom board?
14:13:17.354  0 error(s), 1 warning(s)
14:13:17.358  Generating Code (sck2400.syscfg)...
14:13:17.361  Writing C:\Users\maxor\workspace_ccstheia\sck2400_firmware\Debug\syscfg\ti_devices_config.c...
14:13:17.365  Writing C:\Users\maxor\workspace_ccstheia\sck2400_firmware\Debug\syscfg\ti_radio_config.c...
14:13:17.368  Writing C:\Users\maxor\workspace_ccstheia\sck2400_firmware\Debug\syscfg\ti_radio_config.h...
14:13:17.372  Writing C:\Users\maxor\workspace_ccstheia\sck2400_firmware\Debug\syscfg\ti_drivers_config.c...
14:13:17.377  Writing C:\Users\maxor\workspace_ccstheia\sck2400_firmware\Debug\syscfg\ti_drivers_config.h...
14:13:17.382  Writing C:\Users\maxor\workspace_ccstheia\sck2400_firmware\Debug\syscfg\ti_utils_build_linker.cmd.genlibs...
14:13:17.386  Writing C:\Users\maxor\workspace_ccstheia\sck2400_firmware\Debug\syscfg\ti_utils_build_linker.cmd.genmap...
14:13:17.411  Writing C:\Users\maxor\workspace_ccstheia\sck2400_firmware\Debug\syscfg\ti_utils_build_compiler.opt...
14:13:17.415  Writing C:\Users\maxor\workspace_ccstheia\sck2400_firmware\Debug\syscfg\syscfg_c.rov.xs...
14:13:17.419  Writing C:\Users\maxor\workspace_ccstheia\sck2400_firmware\Debug\syscfg\ti_sysbios_config.h...
14:13:17.423  Writing C:\Users\maxor\workspace_ccstheia\sck2400_firmware\Debug\syscfg\ti_sysbios_config.c...
14:13:17.426  Finished building: "../sck2400.syscfg"
14:13:17.599  Arm Compiler - building file: "../RFQueue.c"
14:13:17.606  "C:/ti/ti_cgt_arm_llvm_3.2.2.LTS/bin/tiarmclang.exe" -c -mcpu=cortex-m4 -mfloat-abi=hard -mfpu=fpv4-sp-d16 -mlittle-endian -mthumb -Oz -I"C:/Users/maxor/workspace_ccstheia/sck2400_firmware" -I"C:/Users/maxor/workspace_ccstheia/sck2400_firmware/Debug" -I"C:/ti/simplelink_cc13xx_cc26xx_sdk_8_32_00_07/source" -I"C:/ti/simplelink_cc13xx_cc26xx_sdk_8_32_00_07/kernel/tirtos7/packages" -I"C:/ti/simplelink_cc13xx_cc26xx_sdk_8_32_00_07/source/ti/posix/ticlang" -gdwarf-3 -march=armv7e-m -MMD -MP -MF"RFQueue.d_raw" -MT"RFQueue.o" -I"C:/Users/maxor/workspace_ccstheia/sck2400_firmware/Debug/syscfg"  @"syscfg/ti_utils_build_compiler.opt"  -o"RFQueue.o" "../RFQueue.c"
14:13:17.611  Finished building: "../RFQueue.c"
14:13:17.614  Arm Compiler - building file: "../ccsds.c"
14:13:17.618  "C:/ti/ti_cgt_arm_llvm_3.2.2.LTS/bin/tiarmclang.exe" -c -mcpu=cortex-m4 -mfloat-abi=hard -mfpu=fpv4-sp-d16 -mlittle-endian -mthumb -Oz -I"C:/Users/maxor/workspace_ccstheia/sck2400_firmware" -I"C:/Users/maxor/workspace_ccstheia/sck2400_firmware/Debug" -I"C:/ti/simplelink_cc13xx_cc26xx_sdk_8_32_00_07/source" -I"C:/ti/simplelink_cc13xx_cc26xx_sdk_8_32_00_07/kernel/tirtos7/packages" -I"C:/ti/simplelink_cc13xx_cc26xx_sdk_8_32_00_07/source/ti/posix/ticlang" -gdwarf-3 -march=armv7e-m -MMD -MP -MF"ccsds.d_raw" -MT"ccsds.o" -I"C:/Users/maxor/workspace_ccstheia/sck2400_firmware/Debug/syscfg"  @"syscfg/ti_utils_build_compiler.opt"  -o"ccsds.o" "../ccsds.c"
14:13:17.625  Finished building: "../ccsds.c"
14:13:17.658  Arm Compiler - building file: "../oad_image_header_app.c"
14:13:17.663  "C:/ti/ti_cgt_arm_llvm_3.2.2.LTS/bin/tiarmclang.exe" -c -mcpu=cortex-m4 -mfloat-abi=hard -mfpu=fpv4-sp-d16 -mlittle-endian -mthumb -Oz -I"C:/Users/maxor/workspace_ccstheia/sck2400_firmware" -I"C:/Users/maxor/workspace_ccstheia/sck2400_firmware/Debug" -I"C:/ti/simplelink_cc13xx_cc26xx_sdk_8_32_00_07/source" -I"C:/ti/simplelink_cc13xx_cc26xx_sdk_8_32_00_07/kernel/tirtos7/packages" -I"C:/ti/simplelink_cc13xx_cc26xx_sdk_8_32_00_07/source/ti/posix/ticlang" -gdwarf-3 -march=armv7e-m -MMD -MP -MF"oad_image_header_app.d_raw" -MT"oad_image_header_app.o" -I"C:/Users/maxor/workspace_ccstheia/sck2400_firmware/Debug/syscfg"  @"syscfg/ti_utils_build_compiler.opt"  -o"oad_image_header_app.o" "../oad_image_header_app.c"
14:13:17.668  Finished building: "../oad_image_header_app.c"
14:13:17.673  Arm Compiler - building file: "../main.c"
14:13:17.677  "C:/ti/ti_cgt_arm_llvm_3.2.2.LTS/bin/tiarmclang.exe" -c -mcpu=cortex-m4 -mfloat-abi=hard -mfpu=fpv4-sp-d16 -mlittle-endian -mthumb -Oz -I"C:/Users/maxor/workspace_ccstheia/sck2400_firmware" -I"C:/Users/maxor/workspace_ccstheia/sck2400_firmware/Debug" -I"C:/ti/simplelink_cc13xx_cc26xx_sdk_8_32_00_07/source" -I"C:/ti/simplelink_cc13xx_cc26xx_sdk_8_32_00_07/kernel/tirtos7/packages" -I"C:/ti/simplelink_cc13xx_cc26xx_sdk_8_32_00_07/source/ti/posix/ticlang" -gdwarf-3 -march=armv7e-m -MMD -MP -MF"main.d_raw" -MT"main.o" -I"C:/Users/maxor/workspace_ccstheia/sck2400_firmware/Debug/syscfg"  @"syscfg/ti_utils_build_compiler.opt"  -o"main.o" "../main.c"
14:13:17.683  Finished building: "../main.c"
14:13:17.686  Arm Compiler - building file: "../main_tirtos.c"
14:13:17.690  "C:/ti/ti_cgt_arm_llvm_3.2.2.LTS/bin/tiarmclang.exe" -c -mcpu=cortex-m4 -mfloat-abi=hard -mfpu=fpv4-sp-d16 -mlittle-endian -mthumb -Oz -I"C:/Users/maxor/workspace_ccstheia/sck2400_firmware" -I"C:/Users/maxor/workspace_ccstheia/sck2400_firmware/Debug" -I"C:/ti/simplelink_cc13xx_cc26xx_sdk_8_32_00_07/source" -I"C:/ti/simplelink_cc13xx_cc26xx_sdk_8_32_00_07/kernel/tirtos7/packages" -I"C:/ti/simplelink_cc13xx_cc26xx_sdk_8_32_00_07/source/ti/posix/ticlang" -gdwarf-3 -march=armv7e-m -MMD -MP -MF"main_tirtos.d_raw" -MT"main_tirtos.o" -I"C:/Users/maxor/workspace_ccstheia/sck2400_firmware/Debug/syscfg"  @"syscfg/ti_utils_build_compiler.opt"  -o"main_tirtos.o" "../main_tirtos.c"
14:13:17.694  Finished building: "../main_tirtos.c"
14:13:17.907  Arm Compiler - building file: "syscfg/ti_devices_config.c"
14:13:17.913  "C:/ti/ti_cgt_arm_llvm_3.2.2.LTS/bin/tiarmclang.exe" -c -mcpu=cortex-m4 -mfloat-abi=hard -mfpu=fpv4-sp-d16 -mlittle-endian -mthumb -Oz -I"C:/Users/maxor/workspace_ccstheia/sck2400_firmware" -I"C:/Users/maxor/workspace_ccstheia/sck2400_firmware/Debug" -I"C:/ti/simplelink_cc13xx_cc26xx_sdk_8_32_00_07/source" -I"C:/ti/simplelink_cc13xx_cc26xx_sdk_8_32_00_07/kernel/tirtos7/packages" -I"C:/ti/simplelink_cc13xx_cc26xx_sdk_8_32_00_07/source/ti/posix/ticlang" -gdwarf-3 -march=armv7e-m -MMD -MP -MF"syscfg/ti_devices_config.d_raw" -MT"syscfg/ti_devices_config.o" -I"C:/Users/maxor/workspace_ccstheia/sck2400_firmware/Debug/syscfg"  @"syscfg/ti_utils_build_compiler.opt"  -o"syscfg/ti_devices_config.o" "syscfg/ti_devices_config.c"
14:13:17.919  Finished building: "syscfg/ti_devices_config.c"
14:13:17.954  Arm Compiler - building file: "syscfg/ti_radio_config.c"
14:13:17.959  "C:/ti/ti_cgt_arm_llvm_3.2.2.LTS/bin/tiarmclang.exe" -c -mcpu=cortex-m4 -mfloat-abi=hard -mfpu=fpv4-sp-d16 -mlittle-endian -mthumb -Oz -I"C:/Users/maxor/workspace_ccstheia/sck2400_firmware" -I"C:/Users/maxor/workspace_ccstheia/sck2400_firmware/Debug" -I"C:/ti/simplelink_cc13xx_cc26xx_sdk_8_32_00_07/source" -I"C:/ti/simplelink_cc13xx_cc26xx_sdk_8_32_00_07/kernel/tirtos7/packages" -I"C:/ti/simplelink_cc13xx_cc26xx_sdk_8_32_00_07/source/ti/posix/ticlang" -gdwarf-3 -march=armv7e-m -MMD -MP -MF"syscfg/ti_radio_config.d_raw" -MT"syscfg/ti_radio_config.o" -I"C:/Users/maxor/workspace_ccstheia/sck2400_firmware/Debug/syscfg"  @"syscfg/ti_utils_build_compiler.opt"  -o"syscfg/ti_radio_config.o" "syscfg/ti_radio_config.c"
14:13:17.964  Finished building: "syscfg/ti_radio_config.c"
14:13:17.995  Arm Compiler - building file: "../radio.c"
14:13:18.001  "C:/ti/ti_cgt_arm_llvm_3.2.2.LTS/bin/tiarmclang.exe" -c -mcpu=cortex-m4 -mfloat-abi=hard -mfpu=fpv4-sp-d16 -mlittle-endian -mthumb -Oz -I"C:/Users/maxor/workspace_ccstheia/sck2400_firmware" -I"C:/Users/maxor/workspace_ccstheia/sck2400_firmware/Debug" -I"C:/ti/simplelink_cc13xx_cc26xx_sdk_8_32_00_07/source" -I"C:/ti/simplelink_cc13xx_cc26xx_sdk_8_32_00_07/kernel/tirtos7/packages" -I"C:/ti/simplelink_cc13xx_cc26xx_sdk_8_32_00_07/source/ti/posix/ticlang" -gdwarf-3 -march=armv7e-m -MMD -MP -MF"radio.d_raw" -MT"radio.o" -I"C:/Users/maxor/workspace_ccstheia/sck2400_firmware/Debug/syscfg"  @"syscfg/ti_utils_build_compiler.opt"  -o"radio.o" "../radio.c"
14:13:18.009  Finished building: "../radio.c"
14:13:18.064  Arm Compiler - building file: "syscfg/ti_drivers_config.c"
14:13:18.069  "C:/ti/ti_cgt_arm_llvm_3.2.2.LTS/bin/tiarmclang.exe" -c -mcpu=cortex-m4 -mfloat-abi=hard -mfpu=fpv4-sp-d16 -mlittle-endian -mthumb -Oz -I"C:/Users/maxor/workspace_ccstheia/sck2400_firmware" -I"C:/Users/maxor/workspace_ccstheia/sck2400_firmware/Debug" -I"C:/ti/simplelink_cc13xx_cc26xx_sdk_8_32_00_07/source" -I"C:/ti/simplelink_cc13xx_cc26xx_sdk_8_32_00_07/kernel/tirtos7/packages" -I"C:/ti/simplelink_cc13xx_cc26xx_sdk_8_32_00_07/source/ti/posix/ticlang" -gdwarf-3 -march=armv7e-m -MMD -MP -MF"syscfg/ti_drivers_config.d_raw" -MT"syscfg/ti_drivers_config.o" -I"C:/Users/maxor/workspace_ccstheia/sck2400_firmware/Debug/syscfg"  @"syscfg/ti_utils_build_compiler.opt"  -o"syscfg/ti_drivers_config.o" "syscfg/ti_drivers_config.c"
14:13:18.075  Finished building: "syscfg/ti_drivers_config.c"
14:13:18.124  Arm Compiler - building file: "../telemetry.c"
14:13:18.129  "C:/ti/ti_cgt_arm_llvm_3.2.2.LTS/bin/tiarmclang.exe" -c -mcpu=cortex-m4 -mfloat-abi=hard -mfpu=fpv4-sp-d16 -mlittle-endian -mthumb -Oz -I"C:/Users/maxor/workspace_ccstheia/sck2400_firmware" -I"C:/Users/maxor/workspace_ccstheia/sck2400_firmware/Debug" -I"C:/ti/simplelink_cc13xx_cc26xx_sdk_8_32_00_07/source" -I"C:/ti/simplelink_cc13xx_cc26xx_sdk_8_32_00_07/kernel/tirtos7/packages" -I"C:/ti/simplelink_cc13xx_cc26xx_sdk_8_32_00_07/source/ti/posix/ticlang" -gdwarf-3 -march=armv7e-m -MMD -MP -MF"telemetry.d_raw" -MT"telemetry.o" -I"C:/Users/maxor/workspace_ccstheia/sck2400_firmware/Debug/syscfg"  @"syscfg/ti_utils_build_compiler.opt"  -o"telemetry.o" "../telemetry.c"
14:13:18.133  Finished building: "../telemetry.c"
14:13:18.258  Arm Compiler - building file: "../uart.c"
14:13:18.263  "C:/ti/ti_cgt_arm_llvm_3.2.2.LTS/bin/tiarmclang.exe" -c -mcpu=cortex-m4 -mfloat-abi=hard -mfpu=fpv4-sp-d16 -mlittle-endian -mthumb -Oz -I"C:/Users/maxor/workspace_ccstheia/sck2400_firmware" -I"C:/Users/maxor/workspace_ccstheia/sck2400_firmware/Debug" -I"C:/ti/simplelink_cc13xx_cc26xx_sdk_8_32_00_07/source" -I"C:/ti/simplelink_cc13xx_cc26xx_sdk_8_32_00_07/kernel/tirtos7/packages" -I"C:/ti/simplelink_cc13xx_cc26xx_sdk_8_32_00_07/source/ti/posix/ticlang" -gdwarf-3 -march=armv7e-m -MMD -MP -MF"uart.d_raw" -MT"uart.o" -I"C:/Users/maxor/workspace_ccstheia/sck2400_firmware/Debug/syscfg"  @"syscfg/ti_utils_build_compiler.opt"  -o"uart.o" "../uart.c"
14:13:18.270  Finished building: "../uart.c"
14:13:19.381  Arm Compiler - building file: "syscfg/ti_sysbios_config.c"
14:13:19.385  "C:/ti/ti_cgt_arm_llvm_3.2.2.LTS/bin/tiarmclang.exe" -c -mcpu=cortex-m4 -mfloat-abi=hard -mfpu=fpv4-sp-d16 -mlittle-endian -mthumb -Oz -I"C:/Users/maxor/workspace_ccstheia/sck2400_firmware" -I"C:/Users/maxor/workspace_ccstheia/sck2400_firmware/Debug" -I"C:/ti/simplelink_cc13xx_cc26xx_sdk_8_32_00_07/source" -I"C:/ti/simplelink_cc13xx_cc26xx_sdk_8_32_00_07/kernel/tirtos7/packages" -I"C:/ti/simplelink_cc13xx_cc26xx_sdk_8_32_00_07/source/ti/posix/ticlang" -gdwarf-3 -march=armv7e-m -MMD -MP -MF"syscfg/ti_sysbios_config.d_raw" -MT"syscfg/ti_sysbios_config.o" -I"C:/Users/maxor/workspace_ccstheia/sck2400_firmware/Debug/syscfg"  @"syscfg/ti_utils_build_compiler.opt"  -o"syscfg/ti_sysbios_config.o" "syscfg/ti_sysbios_config.c"
14:13:19.390  Finished building: "syscfg/ti_sysbios_config.c"
14:13:19.434  Arm Linker - building target: "sck2400_firmware.out"
14:13:19.439  "C:/ti/ti_cgt_arm_llvm_3.2.2.LTS/bin/tiarmclang.exe" -mcpu=cortex-m4 -mfloat-abi=hard -mfpu=fpv4-sp-d16 -mlittle-endian -mthumb -Oz -gdwarf-3 -march=armv7e-m -Wl,-m"sck2400_firmware.map" -Wl,-i"C:/ti/simplelink_cc13xx_cc26xx_sdk_8_32_00_07/source" -Wl,-i"C:/ti/simplelink_cc13xx_cc26xx_sdk_8_32_00_07/kernel/tirtos7/packages" -Wl,-i"C:/Users/maxor/workspace_ccstheia/sck2400_firmware/Debug/syscfg" -Wl,-i"C:/ti/ti_cgt_arm_llvm_3.2.2.LTS/lib" -Wl,--diag_wrap=off -Wl,--display_error_number -Wl,--warn_sections -Wl,--xml_link_info="sck2400_firmware_linkInfo.xml" -Wl,--rom_model -o "sck2400_firmware.out" "./RFQueue.o" "./ccsds.o" "./main.o" "./main_tirtos.o" "./oad_image_header_app.o" "./radio.o" "./syscfg/ti_devices_config.o" "./syscfg/ti_radio_config.o" "./syscfg/ti_drivers_config.o" "./syscfg/ti_sysbios_config.o" "./telemetry.o" "./uart.o" "../cc13x2_cc26x2_tirtos7.cmd"  -Wl,-lti_utils_build_linker.cmd.genlibs -Wl,-llibc.a
14:13:19.982  Finished building target: "sck2400_firmware.out"
14:13:20.036  "C:/ti/ti_cgt_arm_llvm_3.2.2.LTS/bin/tiarmhex" -order MS --memwidth=8 --romwidth=8 --intel -o "sck2400_firmware.hex" "sck2400_firmware"
14:13:20.049  Translating to Intel format...
14:13:20.054  "sck2400_firmware.out" .image_header ==> .image_header
14:13:20.072  "sck2400_firmware.out" .text ==> .text
14:13:20.076  "sck2400_firmware.out" .rodata ==> .rodata
14:13:20.079  "sck2400_firmware.out" .resetVecs ==> .resetVecs
14:13:20.082  "sck2400_firmware.out" .oad_entry_vec ==> .oad_entry_vec
14:13:20.085  "sck2400_firmware.out" .args ==> .args
14:13:20.090  "sck2400_firmware.out" .cinit ==> .cinit
14:13:20.095  "sck2400_firmware.out" .ccfg ==> .ccfg
14:13:20.172  **** Build finished ****
14:13:20.285  # ----------------------------------------
14:13:20.290  # Problem summary for project 'sck2400_firmware': 0 errors, 1 warnings
14:13:20.295  Warning: sck2400.syscfg [CONFIG_SPI_0(/ti/drivers/SPI) spi.csnPin]: Connected to hardware
14:13:20.299  # --------------------------------------------------------------------------------
14:13:20.320  # [Tue Jun 09 14:13:20 CDT 2026]: CCS headless build complete - 0 out of 1 projects have errors
14:13:20.740  ✓ Build succeeded: C:\Users\maxor\workspace_ccstheia\sck2400_firmware\Debug\sck2400_firmware.hex
14:13:20.744    Board: GS Board  (APID 0x010)  APID: 0x010
14:13:20.748  OAD patch: scanning hex for oad_entry_vec...
14:13:20.756  OAD patch: ResetISR = 0x0000B6D9
14:13:20.762  OAD patch: oad_entry_vec found at 0x0000BEC8
14:13:20.766  OAD patch: .prgEntry already 0x0000BEC8 or pattern not found.
14:13:20.769  OAD patch: deleted stale oad_image_header_app.o
14:13:20.790  OAD patch: incremental rebuild to bake prgEntry...
14:13:24.138  # ================================================================================
14:13:24.143  # [Tue Jun 09 14:13:24 CDT 2026]: CCS headless build starting...
14:13:26.318  **** Build of configuration 'Debug' for project 'sck2400_firmware' ****
14:13:26.370  "C:\\ti\\ccs2051\\ccs\\utils\\bin\\gmake" -k -j 12 all -r -O
14:13:26.583  Arm Compiler - building file: "../oad_image_header_app.c"
14:13:26.589  "C:/ti/ti_cgt_arm_llvm_3.2.2.LTS/bin/tiarmclang.exe" -c -mcpu=cortex-m4 -mfloat-abi=hard -mfpu=fpv4-sp-d16 -mlittle-endian -mthumb -Oz -I"C:/Users/maxor/workspace_ccstheia/sck2400_firmware" -I"C:/Users/maxor/workspace_ccstheia/sck2400_firmware/Debug" -I"C:/ti/simplelink_cc13xx_cc26xx_sdk_8_32_00_07/source" -I"C:/ti/simplelink_cc13xx_cc26xx_sdk_8_32_00_07/kernel/tirtos7/packages" -I"C:/ti/simplelink_cc13xx_cc26xx_sdk_8_32_00_07/source/ti/posix/ticlang" -gdwarf-3 -march=armv7e-m -MMD -MP -MF"oad_image_header_app.d_raw" -MT"oad_image_header_app.o" -I"C:/Users/maxor/workspace_ccstheia/sck2400_firmware/Debug/syscfg"  @"syscfg/ti_utils_build_compiler.opt"  -o"oad_image_header_app.o" "../oad_image_header_app.c"
14:13:26.596  Finished building: "../oad_image_header_app.c"
14:13:26.652  Arm Linker - building target: "sck2400_firmware.out"
14:13:26.658  "C:/ti/ti_cgt_arm_llvm_3.2.2.LTS/bin/tiarmclang.exe" -mcpu=cortex-m4 -mfloat-abi=hard -mfpu=fpv4-sp-d16 -mlittle-endian -mthumb -Oz -gdwarf-3 -march=armv7e-m -Wl,-m"sck2400_firmware.map" -Wl,-i"C:/ti/simplelink_cc13xx_cc26xx_sdk_8_32_00_07/source" -Wl,-i"C:/ti/simplelink_cc13xx_cc26xx_sdk_8_32_00_07/kernel/tirtos7/packages" -Wl,-i"C:/Users/maxor/workspace_ccstheia/sck2400_firmware/Debug/syscfg" -Wl,-i"C:/ti/ti_cgt_arm_llvm_3.2.2.LTS/lib" -Wl,--diag_wrap=off -Wl,--display_error_number -Wl,--warn_sections -Wl,--xml_link_info="sck2400_firmware_linkInfo.xml" -Wl,--rom_model -o "sck2400_firmware.out" "./RFQueue.o" "./ccsds.o" "./main.o" "./main_tirtos.o" "./oad_image_header_app.o" "./radio.o" "./syscfg/ti_devices_config.o" "./syscfg/ti_radio_config.o" "./syscfg/ti_drivers_config.o" "./syscfg/ti_sysbios_config.o" "./telemetry.o" "./uart.o" "../cc13x2_cc26x2_tirtos7.cmd"  -Wl,-lti_utils_build_linker.cmd.genlibs -Wl,-llibc.a
14:13:27.219  Finished building target: "sck2400_firmware.out"
14:13:27.281  "C:/ti/ti_cgt_arm_llvm_3.2.2.LTS/bin/tiarmhex" -order MS --memwidth=8 --romwidth=8 --intel -o "sck2400_firmware.hex" "sck2400_firmware"
14:13:27.294  Translating to Intel format...
14:13:27.299  "sck2400_firmware.out" .image_header ==> .image_header
14:13:27.305  "sck2400_firmware.out" .text ==> .text
14:13:27.308  "sck2400_firmware.out" .rodata ==> .rodata
14:13:27.312  "sck2400_firmware.out" .resetVecs ==> .resetVecs
14:13:27.315  "sck2400_firmware.out" .oad_entry_vec ==> .oad_entry_vec
14:13:27.335  "sck2400_firmware.out" .args ==> .args
14:13:27.339  "sck2400_firmware.out" .cinit ==> .cinit
14:13:27.342  "sck2400_firmware.out" .ccfg ==> .ccfg
14:13:27.400  **** Build finished ****
14:13:27.442  # ----------------------------------------
14:13:27.448  # Problem summary for project 'sck2400_firmware': 0 errors, 1 warnings
14:13:27.477  Warning: sck2400.syscfg [CONFIG_SPI_0(/ti/drivers/SPI) spi.csnPin]: Connected to hardware
14:13:27.483  # --------------------------------------------------------------------------------
14:13:27.489  # [Tue Jun 09 14:13:27 CDT 2026]: CCS headless build complete - 0 out of 1 projects have errors
14:13:27.855  OAD patch: rebuild OK — prgEntry = 0x0000BEC8
14:13:31.888  XDS110 detected: Serial = L4300491
14:13:31.938  ✓ Merged BIM + firmware → C:\Users\maxor\workspace_ccstheia\sck2400_merged.hex
14:13:31.957  ══════════════════════════════════════════════════
14:13:31.960    SCK-2400 Local Flash  →  GS Board  (APID 0x010)
14:13:31.963    XDS110: L4300491
14:13:31.966    HEX: C:\Users\maxor\workspace_ccstheia\sck2400_merged.hex
14:13:31.969  ══════════════════════════════════════════════════
14:13:31.990  srfprog -t soc(XDS-L4300491, CC1352P) -e all -p all -v rb -f "C:\Users\maxor\workspace_ccstheia\sck2400_merged.hex"
14:13:37.537  Texas Instruments SmartRF Flash Programmer 2 v1.8.2-windows
14:13:37.541  -------------------------------------------------------------------------------
14:13:37.544  Connected over 2-pin cJTAG.
14:13:37.547  Reading file: C:\Users\maxor\workspace_ccstheia\sck2400_merged.hex.
14:13:37.550  Start flash erase ...
14:13:37.574  OK
14:13:37.578  Start flash programming ...
14:13:37.583  0%0%4%9%97%99%100%
14:13:37.588  OK
14:13:37.591  Start flash verify ...
14:13:37.594  0%0%
14:13:37.613  Page: 0 verified OK.2%
14:13:37.616  Skip verification of unassigned page: 1.4%
14:13:37.619  Page: 2 verified OK.6%
14:13:37.623  Page: 3 verified OK.9%
14:13:37.626  Page: 4 verified OK.11%
14:13:37.629  Page: 5 verified OK.13%
14:13:37.641  Page: 6 verified OK.15%
14:13:37.645  Skip verification of unassigned page: 7.18%
14:13:37.649  Skip verification of unassigned page: 8.20%
14:13:37.653  Skip verification of unassigned page: 9.22%
14:13:37.656  Skip verification of unassigned page: 10.25%
14:13:37.659  Skip verification of unassigned page: 11.27%
14:13:37.674  Skip verification of unassigned page: 12.29%
14:13:37.677  Skip verification of unassigned page: 13.31%
14:13:37.680  Skip verification of unassigned page: 14.34%
14:13:37.683  Skip verification of unassigned page: 15.36%
14:13:37.686  Skip verification of unassigned page: 16.38%
14:13:37.691  Skip verification of unassigned page: 17.40%
14:13:37.705  Skip verification of unassigned page: 18.43%
14:13:37.708  Skip verification of unassigned page: 19.45%
14:13:37.711  Skip verification of unassigned page: 20.47%
14:13:37.714  Skip verification of unassigned page: 21.50%
14:13:37.717  Skip verification of unassigned page: 22.52%
14:13:37.720  Skip verification of unassigned page: 23.54%
14:13:37.738  Skip verification of unassigned page: 24.56%
14:13:37.741  Skip verification of unassigned page: 25.59%
14:13:37.744  Skip verification of unassigned page: 26.61%
14:13:37.747  Skip verification of unassigned page: 27.63%
14:13:37.750  Skip verification of unassigned page: 28.65%
14:13:37.754  Skip verification of unassigned page: 29.68%
14:13:37.772  Skip verification of unassigned page: 30.70%
14:13:37.775  Skip verification of unassigned page: 31.72%
14:13:37.778  Skip verification of unassigned page: 32.75%
14:13:37.781  Skip verification of unassigned page: 33.77%
14:13:37.784  Skip verification of unassigned page: 34.79%
14:13:37.787  Skip verification of unassigned page: 35.81%
14:13:37.797  Skip verification of unassigned page: 36.84%
14:13:37.801  Skip verification of unassigned page: 37.86%
14:13:37.805  Skip verification of unassigned page: 38.88%
14:13:37.808  Skip verification of unassigned page: 39.90%
14:13:37.811  Skip verification of unassigned page: 40.93%
14:13:37.814  Skip verification of unassigned page: 41.95%
14:13:37.827  Page: 42 verified OK.97%
14:13:37.830  Page: 43 verified OK.100%
14:13:37.833  OK
14:13:37.836  Reset target ...
14:13:37.839  OK
14:13:37.842  ✓ Flash complete — GS Board  (APID 0x010)
14:13:51.432    → TX [0000]  [CCSDS] get_telem seq=3 dest=0x010
14:13:51.460    ← RX  [CCSDS RAW] 08 01 C0 03 00 1F 0C 00 00 00 00 00 00 00 00 00 0D 00 00 00 00 00 00 00 07 00 00 00 00 00 00 00 00 00 A7 04 B9 0C
14:13:51.461    ← RX  tlm_beacon  apid=0x001 seq=3
14:13:51.477    ✓ tlm_beacon received seq=3
14:15:04.718  Connected: COM12 @ 921600
14:15:05.435  Serial port closed.
14:15:06.563  Connected: COM12 @ 921600
14:15:10.575    → TX [0000]  [CCSDS] get_telem seq=4 dest=0x010
14:15:10.609    ← RX  [CCSDS RAW] 08 01 C0 04 00 1F 0D 00 00 00 00 00 00 00 00 00 0D 00 00 00 00 00 00 00 07 00 00 00 00 00 00 00 00 00 A9 04 B9 0C
14:15:10.613    ← RX  tlm_beacon  apid=0x001 seq=4
14:15:10.621    ✓ tlm_beacon received seq=4
14:16:34.359  Connect failed: Could not find file 'COM12'.
14:16:42.831  COM ports refreshed. 6 port(s) found.
14:16:49.081  Connected: COM9 @ 921600
14:17:03.337  RF Power: patched radio.h → TX_POWER = BENCH (0 dBm bench)
14:17:03.343  Board: patched ccsds.h → SCK_APID_THIS_BOARD = 0x011 (Remote 1  (APID 0x011))
14:17:03.355  ══════════════════════════════════════════════════
14:17:03.356    SCK-2400 Build  →  Remote 1  (APID 0x011)
14:17:03.357    SCK_APID_THIS_BOARD = 0x011
14:17:03.358    Build type: full
14:17:03.359  ══════════════════════════════════════════════════
14:17:06.691  # ================================================================================
14:17:06.694  # [Tue Jun 09 14:17:06 CDT 2026]: CCS headless build starting...
14:17:06.813  **** Clean-only build of configuration 'Debug' for project 'sck2400_firmware' ****
14:17:06.872  "C:\\ti\\ccs2051\\ccs\\utils\\bin\\gmake" -k -j 12 clean -r -O
14:17:07.104  DEL /F "syscfg\ti_radio_config.h" "syscfg\ti_drivers_config.h" "syscfg\ti_utils_build_linker.cmd.genlibs" "syscfg\ti_utils_build_linker.cmd.genmap" "syscfg\syscfg_c.rov.xs" "syscfg\ti_sysbios_config.h" "syscfg\ti_devices_config.c" "syscfg\ti_radio_config.c" "syscfg\ti_drivers_config.c" "syscfg\ti_utils_build_compiler.opt" "syscfg\ti_sysbios_config.c" "sck2400_firmware.out"
14:17:07.106  DEL /F "RFQueue.o" "ccsds.o" "main.o" "main_tirtos.o" "oad_image_header_app.o" "radio.o" "syscfg\ti_devices_config.o" "syscfg\ti_radio_config.o" "syscfg\ti_drivers_config.o" "syscfg\ti_sysbios_config.o" "telemetry.o" "uart.o"
14:17:07.114  DEL /F "RFQueue.d" "ccsds.d" "main.d" "main_tirtos.d" "oad_image_header_app.d" "radio.d" "syscfg\ti_devices_config.d" "syscfg\ti_radio_config.d" "syscfg\ti_drivers_config.d" "syscfg\ti_sysbios_config.d" "telemetry.d" "uart.d"
14:17:07.118  RMDIR /S/Q "syscfg"
14:17:07.177  **** Build finished ****
14:17:09.541  **** Build of configuration 'Debug' for project 'sck2400_firmware' ****
14:17:09.552  "C:\\ti\\ccs2051\\ccs\\utils\\bin\\gmake" -k -j 12 all -r -O
14:17:11.598  SysConfig - building file: "../sck2400.syscfg"
14:17:11.602  "C:/ti/sysconfig_1.21.1/sysconfig_cli.bat" -s "C:/ti/simplelink_cc13xx_cc26xx_sdk_8_32_00_07/.metadata/product.json" --script "C:/Users/maxor/workspace_ccstheia/sck2400_firmware/sck2400.syscfg" -o "syscfg" --compiler ticlang
14:17:11.611  Running script...
14:17:11.614  Validating...
14:17:11.617  warning: CONFIG_SPI_0(/ti/drivers/SPI) spi.csnPin: Connected to hardware
14:17:11.620  DIO20/38 is connected to MX25R8035F SPI Flash Chip Select on the CC1352P-2 LaunchPad. Consider selecting it in 'use hardware' above. Using a custom board?
14:17:11.624  0 error(s), 1 warning(s)
14:17:11.627  Generating Code (sck2400.syscfg)...
14:17:11.629  Writing C:\Users\maxor\workspace_ccstheia\sck2400_firmware\Debug\syscfg\ti_devices_config.c...
14:17:11.631  Writing C:\Users\maxor\workspace_ccstheia\sck2400_firmware\Debug\syscfg\ti_radio_config.c...
14:17:11.635  Writing C:\Users\maxor\workspace_ccstheia\sck2400_firmware\Debug\syscfg\ti_radio_config.h...
14:17:11.638  Writing C:\Users\maxor\workspace_ccstheia\sck2400_firmware\Debug\syscfg\ti_drivers_config.c...
14:17:11.642  Writing C:\Users\maxor\workspace_ccstheia\sck2400_firmware\Debug\syscfg\ti_drivers_config.h...
14:17:11.646  Writing C:\Users\maxor\workspace_ccstheia\sck2400_firmware\Debug\syscfg\ti_utils_build_linker.cmd.genlibs...
14:17:11.648  Writing C:\Users\maxor\workspace_ccstheia\sck2400_firmware\Debug\syscfg\ti_utils_build_linker.cmd.genmap...
14:17:11.652  Writing C:\Users\maxor\workspace_ccstheia\sck2400_firmware\Debug\syscfg\ti_utils_build_compiler.opt...
14:17:11.656  Writing C:\Users\maxor\workspace_ccstheia\sck2400_firmware\Debug\syscfg\syscfg_c.rov.xs...
14:17:11.660  Writing C:\Users\maxor\workspace_ccstheia\sck2400_firmware\Debug\syscfg\ti_sysbios_config.h...
14:17:11.662  Writing C:\Users\maxor\workspace_ccstheia\sck2400_firmware\Debug\syscfg\ti_sysbios_config.c...
14:17:11.666  Finished building: "../sck2400.syscfg"
14:17:11.852  Arm Compiler - building file: "../RFQueue.c"
14:17:11.856  "C:/ti/ti_cgt_arm_llvm_3.2.2.LTS/bin/tiarmclang.exe" -c -mcpu=cortex-m4 -mfloat-abi=hard -mfpu=fpv4-sp-d16 -mlittle-endian -mthumb -Oz -I"C:/Users/maxor/workspace_ccstheia/sck2400_firmware" -I"C:/Users/maxor/workspace_ccstheia/sck2400_firmware/Debug" -I"C:/ti/simplelink_cc13xx_cc26xx_sdk_8_32_00_07/source" -I"C:/ti/simplelink_cc13xx_cc26xx_sdk_8_32_00_07/kernel/tirtos7/packages" -I"C:/ti/simplelink_cc13xx_cc26xx_sdk_8_32_00_07/source/ti/posix/ticlang" -gdwarf-3 -march=armv7e-m -MMD -MP -MF"RFQueue.d_raw" -MT"RFQueue.o" -I"C:/Users/maxor/workspace_ccstheia/sck2400_firmware/Debug/syscfg"  @"syscfg/ti_utils_build_compiler.opt"  -o"RFQueue.o" "../RFQueue.c"
14:17:11.860  Finished building: "../RFQueue.c"
14:17:11.889  Arm Compiler - building file: "../ccsds.c"
14:17:11.893  "C:/ti/ti_cgt_arm_llvm_3.2.2.LTS/bin/tiarmclang.exe" -c -mcpu=cortex-m4 -mfloat-abi=hard -mfpu=fpv4-sp-d16 -mlittle-endian -mthumb -Oz -I"C:/Users/maxor/workspace_ccstheia/sck2400_firmware" -I"C:/Users/maxor/workspace_ccstheia/sck2400_firmware/Debug" -I"C:/ti/simplelink_cc13xx_cc26xx_sdk_8_32_00_07/source" -I"C:/ti/simplelink_cc13xx_cc26xx_sdk_8_32_00_07/kernel/tirtos7/packages" -I"C:/ti/simplelink_cc13xx_cc26xx_sdk_8_32_00_07/source/ti/posix/ticlang" -gdwarf-3 -march=armv7e-m -MMD -MP -MF"ccsds.d_raw" -MT"ccsds.o" -I"C:/Users/maxor/workspace_ccstheia/sck2400_firmware/Debug/syscfg"  @"syscfg/ti_utils_build_compiler.opt"  -o"ccsds.o" "../ccsds.c"
14:17:11.899  Finished building: "../ccsds.c"
14:17:11.911  Arm Compiler - building file: "../main_tirtos.c"
14:17:11.918  "C:/ti/ti_cgt_arm_llvm_3.2.2.LTS/bin/tiarmclang.exe" -c -mcpu=cortex-m4 -mfloat-abi=hard -mfpu=fpv4-sp-d16 -mlittle-endian -mthumb -Oz -I"C:/Users/maxor/workspace_ccstheia/sck2400_firmware" -I"C:/Users/maxor/workspace_ccstheia/sck2400_firmware/Debug" -I"C:/ti/simplelink_cc13xx_cc26xx_sdk_8_32_00_07/source" -I"C:/ti/simplelink_cc13xx_cc26xx_sdk_8_32_00_07/kernel/tirtos7/packages" -I"C:/ti/simplelink_cc13xx_cc26xx_sdk_8_32_00_07/source/ti/posix/ticlang" -gdwarf-3 -march=armv7e-m -MMD -MP -MF"main_tirtos.d_raw" -MT"main_tirtos.o" -I"C:/Users/maxor/workspace_ccstheia/sck2400_firmware/Debug/syscfg"  @"syscfg/ti_utils_build_compiler.opt"  -o"main_tirtos.o" "../main_tirtos.c"
14:17:11.938  Finished building: "../main_tirtos.c"
14:17:11.942  Arm Compiler - building file: "../main.c"
14:17:11.945  "C:/ti/ti_cgt_arm_llvm_3.2.2.LTS/bin/tiarmclang.exe" -c -mcpu=cortex-m4 -mfloat-abi=hard -mfpu=fpv4-sp-d16 -mlittle-endian -mthumb -Oz -I"C:/Users/maxor/workspace_ccstheia/sck2400_firmware" -I"C:/Users/maxor/workspace_ccstheia/sck2400_firmware/Debug" -I"C:/ti/simplelink_cc13xx_cc26xx_sdk_8_32_00_07/source" -I"C:/ti/simplelink_cc13xx_cc26xx_sdk_8_32_00_07/kernel/tirtos7/packages" -I"C:/ti/simplelink_cc13xx_cc26xx_sdk_8_32_00_07/source/ti/posix/ticlang" -gdwarf-3 -march=armv7e-m -MMD -MP -MF"main.d_raw" -MT"main.o" -I"C:/Users/maxor/workspace_ccstheia/sck2400_firmware/Debug/syscfg"  @"syscfg/ti_utils_build_compiler.opt"  -o"main.o" "../main.c"
14:17:11.948  Finished building: "../main.c"
14:17:11.952  Arm Compiler - building file: "../oad_image_header_app.c"
14:17:11.955  "C:/ti/ti_cgt_arm_llvm_3.2.2.LTS/bin/tiarmclang.exe" -c -mcpu=cortex-m4 -mfloat-abi=hard -mfpu=fpv4-sp-d16 -mlittle-endian -mthumb -Oz -I"C:/Users/maxor/workspace_ccstheia/sck2400_firmware" -I"C:/Users/maxor/workspace_ccstheia/sck2400_firmware/Debug" -I"C:/ti/simplelink_cc13xx_cc26xx_sdk_8_32_00_07/source" -I"C:/ti/simplelink_cc13xx_cc26xx_sdk_8_32_00_07/kernel/tirtos7/packages" -I"C:/ti/simplelink_cc13xx_cc26xx_sdk_8_32_00_07/source/ti/posix/ticlang" -gdwarf-3 -march=armv7e-m -MMD -MP -MF"oad_image_header_app.d_raw" -MT"oad_image_header_app.o" -I"C:/Users/maxor/workspace_ccstheia/sck2400_firmware/Debug/syscfg"  @"syscfg/ti_utils_build_compiler.opt"  -o"oad_image_header_app.o" "../oad_image_header_app.c"
14:17:11.959  Finished building: "../oad_image_header_app.c"
14:17:12.178  Arm Compiler - building file: "syscfg/ti_devices_config.c"
14:17:12.183  "C:/ti/ti_cgt_arm_llvm_3.2.2.LTS/bin/tiarmclang.exe" -c -mcpu=cortex-m4 -mfloat-abi=hard -mfpu=fpv4-sp-d16 -mlittle-endian -mthumb -Oz -I"C:/Users/maxor/workspace_ccstheia/sck2400_firmware" -I"C:/Users/maxor/workspace_ccstheia/sck2400_firmware/Debug" -I"C:/ti/simplelink_cc13xx_cc26xx_sdk_8_32_00_07/source" -I"C:/ti/simplelink_cc13xx_cc26xx_sdk_8_32_00_07/kernel/tirtos7/packages" -I"C:/ti/simplelink_cc13xx_cc26xx_sdk_8_32_00_07/source/ti/posix/ticlang" -gdwarf-3 -march=armv7e-m -MMD -MP -MF"syscfg/ti_devices_config.d_raw" -MT"syscfg/ti_devices_config.o" -I"C:/Users/maxor/workspace_ccstheia/sck2400_firmware/Debug/syscfg"  @"syscfg/ti_utils_build_compiler.opt"  -o"syscfg/ti_devices_config.o" "syscfg/ti_devices_config.c"
14:17:12.188  Finished building: "syscfg/ti_devices_config.c"
14:17:12.201  Arm Compiler - building file: "syscfg/ti_radio_config.c"
14:17:12.205  "C:/ti/ti_cgt_arm_llvm_3.2.2.LTS/bin/tiarmclang.exe" -c -mcpu=cortex-m4 -mfloat-abi=hard -mfpu=fpv4-sp-d16 -mlittle-endian -mthumb -Oz -I"C:/Users/maxor/workspace_ccstheia/sck2400_firmware" -I"C:/Users/maxor/workspace_ccstheia/sck2400_firmware/Debug" -I"C:/ti/simplelink_cc13xx_cc26xx_sdk_8_32_00_07/source" -I"C:/ti/simplelink_cc13xx_cc26xx_sdk_8_32_00_07/kernel/tirtos7/packages" -I"C:/ti/simplelink_cc13xx_cc26xx_sdk_8_32_00_07/source/ti/posix/ticlang" -gdwarf-3 -march=armv7e-m -MMD -MP -MF"syscfg/ti_radio_config.d_raw" -MT"syscfg/ti_radio_config.o" -I"C:/Users/maxor/workspace_ccstheia/sck2400_firmware/Debug/syscfg"  @"syscfg/ti_utils_build_compiler.opt"  -o"syscfg/ti_radio_config.o" "syscfg/ti_radio_config.c"
14:17:12.210  Finished building: "syscfg/ti_radio_config.c"
14:17:12.239  Arm Compiler - building file: "../radio.c"
14:17:12.243  "C:/ti/ti_cgt_arm_llvm_3.2.2.LTS/bin/tiarmclang.exe" -c -mcpu=cortex-m4 -mfloat-abi=hard -mfpu=fpv4-sp-d16 -mlittle-endian -mthumb -Oz -I"C:/Users/maxor/workspace_ccstheia/sck2400_firmware" -I"C:/Users/maxor/workspace_ccstheia/sck2400_firmware/Debug" -I"C:/ti/simplelink_cc13xx_cc26xx_sdk_8_32_00_07/source" -I"C:/ti/simplelink_cc13xx_cc26xx_sdk_8_32_00_07/kernel/tirtos7/packages" -I"C:/ti/simplelink_cc13xx_cc26xx_sdk_8_32_00_07/source/ti/posix/ticlang" -gdwarf-3 -march=armv7e-m -MMD -MP -MF"radio.d_raw" -MT"radio.o" -I"C:/Users/maxor/workspace_ccstheia/sck2400_firmware/Debug/syscfg"  @"syscfg/ti_utils_build_compiler.opt"  -o"radio.o" "../radio.c"
14:17:12.249  Finished building: "../radio.c"
14:17:12.306  Arm Compiler - building file: "syscfg/ti_drivers_config.c"
14:17:12.311  "C:/ti/ti_cgt_arm_llvm_3.2.2.LTS/bin/tiarmclang.exe" -c -mcpu=cortex-m4 -mfloat-abi=hard -mfpu=fpv4-sp-d16 -mlittle-endian -mthumb -Oz -I"C:/Users/maxor/workspace_ccstheia/sck2400_firmware" -I"C:/Users/maxor/workspace_ccstheia/sck2400_firmware/Debug" -I"C:/ti/simplelink_cc13xx_cc26xx_sdk_8_32_00_07/source" -I"C:/ti/simplelink_cc13xx_cc26xx_sdk_8_32_00_07/kernel/tirtos7/packages" -I"C:/ti/simplelink_cc13xx_cc26xx_sdk_8_32_00_07/source/ti/posix/ticlang" -gdwarf-3 -march=armv7e-m -MMD -MP -MF"syscfg/ti_drivers_config.d_raw" -MT"syscfg/ti_drivers_config.o" -I"C:/Users/maxor/workspace_ccstheia/sck2400_firmware/Debug/syscfg"  @"syscfg/ti_utils_build_compiler.opt"  -o"syscfg/ti_drivers_config.o" "syscfg/ti_drivers_config.c"
14:17:12.318  Finished building: "syscfg/ti_drivers_config.c"
14:17:12.328  Arm Compiler - building file: "../telemetry.c"
14:17:12.332  "C:/ti/ti_cgt_arm_llvm_3.2.2.LTS/bin/tiarmclang.exe" -c -mcpu=cortex-m4 -mfloat-abi=hard -mfpu=fpv4-sp-d16 -mlittle-endian -mthumb -Oz -I"C:/Users/maxor/workspace_ccstheia/sck2400_firmware" -I"C:/Users/maxor/workspace_ccstheia/sck2400_firmware/Debug" -I"C:/ti/simplelink_cc13xx_cc26xx_sdk_8_32_00_07/source" -I"C:/ti/simplelink_cc13xx_cc26xx_sdk_8_32_00_07/kernel/tirtos7/packages" -I"C:/ti/simplelink_cc13xx_cc26xx_sdk_8_32_00_07/source/ti/posix/ticlang" -gdwarf-3 -march=armv7e-m -MMD -MP -MF"telemetry.d_raw" -MT"telemetry.o" -I"C:/Users/maxor/workspace_ccstheia/sck2400_firmware/Debug/syscfg"  @"syscfg/ti_utils_build_compiler.opt"  -o"telemetry.o" "../telemetry.c"
14:17:12.337  Finished building: "../telemetry.c"
14:17:12.456  Arm Compiler - building file: "../uart.c"
14:17:12.460  "C:/ti/ti_cgt_arm_llvm_3.2.2.LTS/bin/tiarmclang.exe" -c -mcpu=cortex-m4 -mfloat-abi=hard -mfpu=fpv4-sp-d16 -mlittle-endian -mthumb -Oz -I"C:/Users/maxor/workspace_ccstheia/sck2400_firmware" -I"C:/Users/maxor/workspace_ccstheia/sck2400_firmware/Debug" -I"C:/ti/simplelink_cc13xx_cc26xx_sdk_8_32_00_07/source" -I"C:/ti/simplelink_cc13xx_cc26xx_sdk_8_32_00_07/kernel/tirtos7/packages" -I"C:/ti/simplelink_cc13xx_cc26xx_sdk_8_32_00_07/source/ti/posix/ticlang" -gdwarf-3 -march=armv7e-m -MMD -MP -MF"uart.d_raw" -MT"uart.o" -I"C:/Users/maxor/workspace_ccstheia/sck2400_firmware/Debug/syscfg"  @"syscfg/ti_utils_build_compiler.opt"  -o"uart.o" "../uart.c"
14:17:12.465  Finished building: "../uart.c"
14:17:13.545  Arm Compiler - building file: "syscfg/ti_sysbios_config.c"
14:17:13.550  "C:/ti/ti_cgt_arm_llvm_3.2.2.LTS/bin/tiarmclang.exe" -c -mcpu=cortex-m4 -mfloat-abi=hard -mfpu=fpv4-sp-d16 -mlittle-endian -mthumb -Oz -I"C:/Users/maxor/workspace_ccstheia/sck2400_firmware" -I"C:/Users/maxor/workspace_ccstheia/sck2400_firmware/Debug" -I"C:/ti/simplelink_cc13xx_cc26xx_sdk_8_32_00_07/source" -I"C:/ti/simplelink_cc13xx_cc26xx_sdk_8_32_00_07/kernel/tirtos7/packages" -I"C:/ti/simplelink_cc13xx_cc26xx_sdk_8_32_00_07/source/ti/posix/ticlang" -gdwarf-3 -march=armv7e-m -MMD -MP -MF"syscfg/ti_sysbios_config.d_raw" -MT"syscfg/ti_sysbios_config.o" -I"C:/Users/maxor/workspace_ccstheia/sck2400_firmware/Debug/syscfg"  @"syscfg/ti_utils_build_compiler.opt"  -o"syscfg/ti_sysbios_config.o" "syscfg/ti_sysbios_config.c"
14:17:13.555  Finished building: "syscfg/ti_sysbios_config.c"
14:17:13.596  Arm Linker - building target: "sck2400_firmware.out"
14:17:13.600  "C:/ti/ti_cgt_arm_llvm_3.2.2.LTS/bin/tiarmclang.exe" -mcpu=cortex-m4 -mfloat-abi=hard -mfpu=fpv4-sp-d16 -mlittle-endian -mthumb -Oz -gdwarf-3 -march=armv7e-m -Wl,-m"sck2400_firmware.map" -Wl,-i"C:/ti/simplelink_cc13xx_cc26xx_sdk_8_32_00_07/source" -Wl,-i"C:/ti/simplelink_cc13xx_cc26xx_sdk_8_32_00_07/kernel/tirtos7/packages" -Wl,-i"C:/Users/maxor/workspace_ccstheia/sck2400_firmware/Debug/syscfg" -Wl,-i"C:/ti/ti_cgt_arm_llvm_3.2.2.LTS/lib" -Wl,--diag_wrap=off -Wl,--display_error_number -Wl,--warn_sections -Wl,--xml_link_info="sck2400_firmware_linkInfo.xml" -Wl,--rom_model -o "sck2400_firmware.out" "./RFQueue.o" "./ccsds.o" "./main.o" "./main_tirtos.o" "./oad_image_header_app.o" "./radio.o" "./syscfg/ti_devices_config.o" "./syscfg/ti_radio_config.o" "./syscfg/ti_drivers_config.o" "./syscfg/ti_sysbios_config.o" "./telemetry.o" "./uart.o" "../cc13x2_cc26x2_tirtos7.cmd"  -Wl,-lti_utils_build_linker.cmd.genlibs -Wl,-llibc.a
14:17:14.144  Finished building target: "sck2400_firmware.out"
14:17:14.196  "C:/ti/ti_cgt_arm_llvm_3.2.2.LTS/bin/tiarmhex" -order MS --memwidth=8 --romwidth=8 --intel -o "sck2400_firmware.hex" "sck2400_firmware"
14:17:14.217  Translating to Intel format...
14:17:14.235  "sck2400_firmware.out" .image_header ==> .image_header
14:17:14.238  "sck2400_firmware.out" .text ==> .text
14:17:14.241  "sck2400_firmware.out" .rodata ==> .rodata
14:17:14.244  "sck2400_firmware.out" .resetVecs ==> .resetVecs
14:17:14.246  "sck2400_firmware.out" .oad_entry_vec ==> .oad_entry_vec
14:17:14.249  "sck2400_firmware.out" .args ==> .args
14:17:14.251  "sck2400_firmware.out" .cinit ==> .cinit
14:17:14.254  "sck2400_firmware.out" .ccfg ==> .ccfg
14:17:14.333  **** Build finished ****
14:17:14.445  # ----------------------------------------
14:17:14.448  # Problem summary for project 'sck2400_firmware': 0 errors, 1 warnings
14:17:14.452  Warning: sck2400.syscfg [CONFIG_SPI_0(/ti/drivers/SPI) spi.csnPin]: Connected to hardware
14:17:14.456  # --------------------------------------------------------------------------------
14:17:14.459  # [Tue Jun 09 14:17:14 CDT 2026]: CCS headless build complete - 0 out of 1 projects have errors
14:17:14.839  ✓ Build succeeded: C:\Users\maxor\workspace_ccstheia\sck2400_firmware\Debug\sck2400_firmware.hex
14:17:14.842    Board: Remote 1  (APID 0x011)  APID: 0x011
14:17:14.845  OAD patch: scanning hex for oad_entry_vec...
14:17:14.851  OAD patch: ResetISR = 0x0000B659
14:17:14.871  OAD patch: oad_entry_vec found at 0x0000BE48
14:17:14.875  OAD patch: .prgEntry updated to 0x0000BE48
14:17:14.878  OAD patch: deleted stale oad_image_header_app.o
14:17:14.880  OAD patch: incremental rebuild to bake prgEntry...
14:17:18.170  # ================================================================================
14:17:18.197  # [Tue Jun 09 14:17:18 CDT 2026]: CCS headless build starting...
14:17:20.284  **** Build of configuration 'Debug' for project 'sck2400_firmware' ****
14:17:20.330  "C:\\ti\\ccs2051\\ccs\\utils\\bin\\gmake" -k -j 12 all -r -O
14:17:20.536  Arm Compiler - building file: "../oad_image_header_app.c"
14:17:20.540  "C:/ti/ti_cgt_arm_llvm_3.2.2.LTS/bin/tiarmclang.exe" -c -mcpu=cortex-m4 -mfloat-abi=hard -mfpu=fpv4-sp-d16 -mlittle-endian -mthumb -Oz -I"C:/Users/maxor/workspace_ccstheia/sck2400_firmware" -I"C:/Users/maxor/workspace_ccstheia/sck2400_firmware/Debug" -I"C:/ti/simplelink_cc13xx_cc26xx_sdk_8_32_00_07/source" -I"C:/ti/simplelink_cc13xx_cc26xx_sdk_8_32_00_07/kernel/tirtos7/packages" -I"C:/ti/simplelink_cc13xx_cc26xx_sdk_8_32_00_07/source/ti/posix/ticlang" -gdwarf-3 -march=armv7e-m -MMD -MP -MF"oad_image_header_app.d_raw" -MT"oad_image_header_app.o" -I"C:/Users/maxor/workspace_ccstheia/sck2400_firmware/Debug/syscfg"  @"syscfg/ti_utils_build_compiler.opt"  -o"oad_image_header_app.o" "../oad_image_header_app.c"
14:17:20.545  Finished building: "../oad_image_header_app.c"
14:17:20.608  Arm Linker - building target: "sck2400_firmware.out"
14:17:20.614  "C:/ti/ti_cgt_arm_llvm_3.2.2.LTS/bin/tiarmclang.exe" -mcpu=cortex-m4 -mfloat-abi=hard -mfpu=fpv4-sp-d16 -mlittle-endian -mthumb -Oz -gdwarf-3 -march=armv7e-m -Wl,-m"sck2400_firmware.map" -Wl,-i"C:/ti/simplelink_cc13xx_cc26xx_sdk_8_32_00_07/source" -Wl,-i"C:/ti/simplelink_cc13xx_cc26xx_sdk_8_32_00_07/kernel/tirtos7/packages" -Wl,-i"C:/Users/maxor/workspace_ccstheia/sck2400_firmware/Debug/syscfg" -Wl,-i"C:/ti/ti_cgt_arm_llvm_3.2.2.LTS/lib" -Wl,--diag_wrap=off -Wl,--display_error_number -Wl,--warn_sections -Wl,--xml_link_info="sck2400_firmware_linkInfo.xml" -Wl,--rom_model -o "sck2400_firmware.out" "./RFQueue.o" "./ccsds.o" "./main.o" "./main_tirtos.o" "./oad_image_header_app.o" "./radio.o" "./syscfg/ti_devices_config.o" "./syscfg/ti_radio_config.o" "./syscfg/ti_drivers_config.o" "./syscfg/ti_sysbios_config.o" "./telemetry.o" "./uart.o" "../cc13x2_cc26x2_tirtos7.cmd"  -Wl,-lti_utils_build_linker.cmd.genlibs -Wl,-llibc.a
14:17:21.171  Finished building target: "sck2400_firmware.out"
14:17:21.228  "C:/ti/ti_cgt_arm_llvm_3.2.2.LTS/bin/tiarmhex" -order MS --memwidth=8 --romwidth=8 --intel -o "sck2400_firmware.hex" "sck2400_firmware"
14:17:21.240  Translating to Intel format...
14:17:21.244  "sck2400_firmware.out" .image_header ==> .image_header
14:17:21.248  "sck2400_firmware.out" .text ==> .text
14:17:21.251  "sck2400_firmware.out" .rodata ==> .rodata
14:17:21.254  "sck2400_firmware.out" .resetVecs ==> .resetVecs
14:17:21.256  "sck2400_firmware.out" .oad_entry_vec ==> .oad_entry_vec
14:17:21.259  "sck2400_firmware.out" .args ==> .args
14:17:21.263  "sck2400_firmware.out" .cinit ==> .cinit
14:17:21.266  "sck2400_firmware.out" .ccfg ==> .ccfg
14:17:21.364  **** Build finished ****
14:17:21.405  # ----------------------------------------
14:17:21.410  # Problem summary for project 'sck2400_firmware': 0 errors, 1 warnings
14:17:21.414  Warning: sck2400.syscfg [CONFIG_SPI_0(/ti/drivers/SPI) spi.csnPin]: Connected to hardware
14:17:21.418  # --------------------------------------------------------------------------------
14:17:21.437  # [Tue Jun 09 14:17:21 CDT 2026]: CCS headless build complete - 0 out of 1 projects have errors
14:17:21.852  OAD patch: rebuild OK — prgEntry = 0x0000BE48
14:17:33.943    → TX [0000]  [CCSDS] get_telem seq=5 dest=0x011
14:17:38.951    ✗ No telem reply
14:17:45.610  XDS110 detected: Serial = L43003QX
14:17:45.639  ✓ Merged BIM + firmware → C:\Users\maxor\workspace_ccstheia\sck2400_merged.hex
14:17:45.652  ══════════════════════════════════════════════════
14:17:45.653    SCK-2400 Local Flash  →  Remote 1  (APID 0x011)
14:17:45.655    XDS110: L43003QX
14:17:45.656    HEX: C:\Users\maxor\workspace_ccstheia\sck2400_merged.hex
14:17:45.658  ══════════════════════════════════════════════════
14:17:45.659  srfprog -t soc(XDS-L43003QX, CC1352P) -e all -p all -v rb -f "C:\Users\maxor\workspace_ccstheia\sck2400_merged.hex"
14:17:51.164  Texas Instruments SmartRF Flash Programmer 2 v1.8.2-windows
14:17:51.166  -------------------------------------------------------------------------------
14:17:51.168  Connected over 2-pin cJTAG.
14:17:51.169  Reading file: C:\Users\maxor\workspace_ccstheia\sck2400_merged.hex.
14:17:51.170  Start flash erase ...
14:17:51.172  OK
14:17:51.174  Start flash programming ...
14:17:51.176  0%0%4%9%97%99%100%
14:17:51.178  OK
14:17:51.180  Start flash verify ...
14:17:51.182  0%0%
14:17:51.183  Page: 0 verified OK.2%
14:17:51.185  Skip verification of unassigned page: 1.4%
14:17:51.186  Page: 2 verified OK.6%
14:17:51.187  Page: 3 verified OK.9%
14:17:51.188  Page: 4 verified OK.11%
14:17:51.189  Page: 5 verified OK.13%
14:17:51.191  Page: 6 verified OK.15%
14:17:51.199  Skip verification of unassigned page: 7.18%
14:17:51.201  Skip verification of unassigned page: 8.20%
14:17:51.203  Skip verification of unassigned page: 9.22%
14:17:51.205  Skip verification of unassigned page: 10.25%
14:17:51.208  Skip verification of unassigned page: 11.27%
14:17:51.210  Skip verification of unassigned page: 12.29%
14:17:51.212  Skip verification of unassigned page: 13.31%
14:17:51.214  Skip verification of unassigned page: 14.34%
14:17:51.216  Skip verification of unassigned page: 15.36%
14:17:51.218  Skip verification of unassigned page: 16.38%
14:17:51.220  Skip verification of unassigned page: 17.40%
14:17:51.223  Skip verification of unassigned page: 18.43%
14:17:51.226  Skip verification of unassigned page: 19.45%
14:17:51.228  Skip verification of unassigned page: 20.47%
14:17:51.230  Skip verification of unassigned page: 21.50%
14:17:51.232  Skip verification of unassigned page: 22.52%
14:17:51.251  Skip verification of unassigned page: 23.54%
14:17:51.253  Skip verification of unassigned page: 24.56%
14:17:51.255  Skip verification of unassigned page: 25.59%
14:17:51.257  Skip verification of unassigned page: 26.61%
14:17:51.259  Skip verification of unassigned page: 27.63%
14:17:51.262  Skip verification of unassigned page: 28.65%
14:17:51.264  Skip verification of unassigned page: 29.68%
14:17:51.267  Skip verification of unassigned page: 30.70%
14:17:51.269  Skip verification of unassigned page: 31.72%
14:17:51.271  Skip verification of unassigned page: 32.75%
14:17:51.274  Skip verification of unassigned page: 33.77%
14:17:51.276  Skip verification of unassigned page: 34.79%
14:17:51.278  Skip verification of unassigned page: 35.81%
14:17:51.280  Skip verification of unassigned page: 36.84%
14:17:51.282  Skip verification of unassigned page: 37.86%
14:17:51.285  Skip verification of unassigned page: 38.88%
14:17:51.287  Skip verification of unassigned page: 39.90%
14:17:51.289  Skip verification of unassigned page: 40.93%
14:17:51.291  Skip verification of unassigned page: 41.95%
14:17:51.293  Page: 42 verified OK.97%
14:17:51.295  Page: 43 verified OK.100%
14:17:51.297  OK
14:17:51.300  Reset target ...
14:17:51.302  OK
14:17:51.305  ✓ Flash complete — Remote 1  (APID 0x011)
14:18:01.359    → TX [0000]  [CCSDS] get_telem seq=6 dest=0x011
14:18:06.365    ✗ No telem reply
14:18:14.225  Serial port closed.
14:18:14.953  Connected: COM8 @ 921600
14:18:16.575    → TX [0000]  [CCSDS] get_telem seq=7 dest=0x011
14:18:16.602    ← RX  [CCSDS RAW] 08 01 C0 07 00 1F 18 00 00 00 00 00 00 00 00 00 18 00 00 00 00 00 00 00 07 00 00 00 00 00 00 00 00 00 A4 04 98 0C
14:18:16.604    ← RX  tlm_beacon  apid=0x001 seq=7
14:18:16.625    ✓ tlm_beacon received seq=7
14:19:44.192  Connected: COM12 @ 921600
14:19:44.374    ← RX  [CCSDS RAW] 08 01 C0 11 00 07 5C 24 00 11 DE AD BE EF
14:19:44.375    ← RX  tlm_beacon  apid=0x001 seq=17
14:19:45.483    ← RX  [CCSDS RAW] 08 01 C0 12 00 07 5C 24 00 12 DE AD BE EF
14:19:45.485    ← RX  tlm_beacon  apid=0x001 seq=18
14:19:45.521  Serial port closed.
14:19:46.716  Connected: COM12 @ 921600
14:19:47.719    ← RX  [CCSDS RAW] 08 01 C0 13 00 07 5C 24 00 13 DE AD BE EF
14:19:47.724    ← RX  tlm_beacon  apid=0x001 seq=19
14:19:47.725    ← RX  [CCSDS RAW] 08 01 C0 14 00 07 5C 24 00 14 DE AD BE EF
14:19:47.727    ← RX  tlm_beacon  apid=0x001 seq=20
14:19:48.844    ← RX  [CCSDS RAW] 08 01 C0 15 00 07 5C 24 00 15 DE AD BE EF
14:19:48.845    ← RX  tlm_beacon  apid=0x001 seq=21
14:19:49.968    ← RX  [CCSDS RAW] 08 01 C0 16 00 07 5C 24 00 16 DE AD BE EF
14:19:49.970    ← RX  tlm_beacon  apid=0x001 seq=22
14:19:51.093    ← RX  [CCSDS RAW] 08 01 C0 17 00 07 5C 24 00 17 DE AD BE EF
14:19:51.095    ← RX  tlm_beacon  apid=0x001 seq=23
14:19:52.204    ← RX  [CCSDS RAW] 08 01 C0 18 00 07 5C 24 00 18 DE AD BE EF
14:19:52.206    ← RX  tlm_beacon  apid=0x001 seq=24
14:19:53.329    ← RX  [CCSDS RAW] 08 01 C0 19 00 07 5C 24 00 19 DE AD BE EF
14:19:53.331    ← RX  tlm_beacon  apid=0x001 seq=25
14:19:54.454    ← RX  [CCSDS RAW] 08 01 C0 1A 00 07 5C 24 00 1A DE AD BE EF
14:19:54.455    ← RX  tlm_beacon  apid=0x001 seq=26
14:19:55.564    ← RX  [CCSDS RAW] 08 01 C0 1B 00 07 5C 24 00 1B DE AD BE EF
14:19:55.566    ← RX  tlm_beacon  apid=0x001 seq=27
14:19:56.689    ← RX  [CCSDS RAW] 08 01 C0 1C 00 07 5C 24 00 1C DE AD BE EF
14:19:56.691    ← RX  tlm_beacon  apid=0x001 seq=28
14:19:57.814    ← RX  [CCSDS RAW] 08 01 C0 1D 00 07 5C 24 00 1D DE AD BE EF
14:19:57.818    ← RX  tlm_beacon  apid=0x001 seq=29
14:19:58.939    ← RX  [CCSDS RAW] 08 01 C0 1E 00 07 5C 24 00 1E DE AD BE EF
14:19:58.942    ← RX  tlm_beacon  apid=0x001 seq=30
14:20:00.049    ← RX  [CCSDS RAW] 08 01 C0 1F 00 07 5C 24 00 1F DE AD BE EF
14:20:00.051    ← RX  tlm_beacon  apid=0x001 seq=31
14:20:00.527    [flush] discarded 15 stale packet(s)
14:20:00.530    → TX [0000]  [CCSDS] get_telem seq=8 dest=0x011
14:20:01.174    ← RX  [CCSDS RAW] 08 01 C0 20 00 07 5C 24 00 20 DE AD BE EF
14:20:01.177    ← RX  tlm_beacon  apid=0x001 seq=32 → "\$ "
14:20:01.183    [discard] hwid=0001 seq=32 op=tlm_beacon
14:20:02.749    ← RX  [CCSDS RAW] 08 01 C0 21 00 07 5C 24 00 21 DE AD BE EF
14:20:02.752    ← RX  tlm_beacon  apid=0x001 seq=33 → "\$!"
14:20:02.760    [discard] hwid=0001 seq=33 op=tlm_beacon
14:20:03.874    ← RX  [CCSDS RAW] 08 01 C0 23 00 07 5C 24 00 23 DE AD BE EF
14:20:03.877    ← RX  tlm_beacon  apid=0x001 seq=35 → "\$#"
14:20:03.883    [discard] hwid=0001 seq=35 op=tlm_beacon
14:20:04.984    ← RX  [CCSDS RAW] 08 01 C0 24 00 07 5C 24 00 24 DE AD BE EF
14:20:04.986    ← RX  tlm_beacon  apid=0x001 seq=36 → "\$$"
14:20:04.999    [discard] hwid=0001 seq=36 op=tlm_beacon
14:20:05.534    ✗ No telem reply
14:20:09.169    ← RX  [CCSDS RAW] 08 01 C0 27 00 07 5C 24 00 27 DE AD BE EF
14:20:09.173    ← RX  tlm_beacon  apid=0x001 seq=39 → "\$'"
14:20:10.295    ← RX  [CCSDS RAW] 08 01 C0 28 00 07 5C 24 00 28 DE AD BE EF
14:20:10.301    ← RX  tlm_beacon  apid=0x001 seq=40 → "\$("
14:20:11.405    ← RX  [CCSDS RAW] 08 01 C0 29 00 07 5C 24 00 29 DE AD BE EF
14:20:11.417    ← RX  tlm_beacon  apid=0x001 seq=41 → "\$)"
14:20:12.530    ← RX  [CCSDS RAW] 08 01 C0 2A 00 07 5C 24 00 2A DE AD BE EF
14:20:12.543    ← RX  tlm_beacon  apid=0x001 seq=42 → "\$*"
14:20:13.655    ← RX  [CCSDS RAW] 08 01 C0 2B 00 07 5C 24 00 2B DE AD BE EF
14:20:13.664    ← RX  tlm_beacon  apid=0x001 seq=43 → "\$+"
14:20:14.780    ← RX  [CCSDS RAW] 08 01 C0 2C 00 07 5C 24 00 2C DE AD BE EF
14:20:14.790    ← RX  tlm_beacon  apid=0x001 seq=44 → "\$,"
14:20:15.890    ← RX  [CCSDS RAW] 08 01 C0 2D 00 07 5C 24 00 2D DE AD BE EF
14:20:15.903    ← RX  tlm_beacon  apid=0x001 seq=45 → "\$-"
14:20:17.015    ← RX  [CCSDS RAW] 08 01 C0 2E 00 07 5C 24 00 2E DE AD BE EF
14:20:17.024    ← RX  tlm_beacon  apid=0x001 seq=46 → "\$."
14:20:18.140    ← RX  [CCSDS RAW] 08 01 C0 2F 00 07 5C 24 00 2F DE AD BE EF
14:20:18.153    ← RX  tlm_beacon  apid=0x001 seq=47 → "\$/"
14:20:19.265    ← RX  [CCSDS RAW] 08 01 C0 30 00 07 5C 24 00 30 DE AD BE EF
14:20:19.279    ← RX  tlm_beacon  apid=0x001 seq=48 → "\$0"
14:20:20.375    ← RX  [CCSDS RAW] 08 01 C0 31 00 07 5C 24 00 31 DE AD BE EF
14:20:20.384    ← RX  tlm_beacon  apid=0x001 seq=49 → "\$1"
14:20:21.500    ← RX  [CCSDS RAW] 08 01 C0 33 00 07 5C 24 00 33 DE AD BE EF
14:20:21.504    ← RX  tlm_beacon  apid=0x001 seq=51 → "\$3"
14:20:22.625    ← RX  [CCSDS RAW] 08 01 C0 34 00 07 5C 24 00 34 DE AD BE EF
14:20:22.628    ← RX  tlm_beacon  apid=0x001 seq=52 → "\$4"
14:20:23.750    ← RX  [CCSDS RAW] 08 01 C0 35 00 07 5C 24 00 35 DE AD BE EF
14:20:23.754    ← RX  tlm_beacon  apid=0x001 seq=53 → "\$5"
14:20:24.860    ← RX  [CCSDS RAW] 08 01 C0 36 00 07 5C 24 00 36 DE AD BE EF
14:20:24.863    ← RX  tlm_beacon  apid=0x001 seq=54 → "\$6"
14:20:25.985    ← RX  [CCSDS RAW] 08 01 C0 37 00 07 5C 24 00 37 DE AD BE EF
14:20:25.988    ← RX  tlm_beacon  apid=0x001 seq=55 → "\$7"
14:20:27.110    ← RX  [CCSDS RAW] 08 01 C0 38 00 07 5C 24 00 38 DE AD BE EF
14:20:27.113    ← RX  tlm_beacon  apid=0x001 seq=56 → "\$8"
14:20:31.280    ← RX  [CCSDS RAW] 08 01 C0 3B 00 07 5C 24 00 3B DE AD BE EF
14:20:31.283    ← RX  tlm_beacon  apid=0x001 seq=59 → "\$;"
14:20:32.405    ← RX  [CCSDS RAW] 08 01 C0 3C 00 07 5C 24 00 3C DE AD BE EF
14:20:32.408    ← RX  tlm_beacon  apid=0x001 seq=60 → "\$<"
14:20:33.530    ← RX  [CCSDS RAW] 08 01 C0 3D 00 07 5C 24 00 3D DE AD BE EF
14:20:33.533    ← RX  tlm_beacon  apid=0x001 seq=61 → "\$="
14:20:34.655    ← RX  [CCSDS RAW] 08 01 C0 3E 00 07 5C 24 00 3E DE AD BE EF
14:20:34.658    ← RX  tlm_beacon  apid=0x001 seq=62 → "\$>"
14:20:35.765    ← RX  [CCSDS RAW] 08 01 C0 3F 00 07 5C 24 00 3F DE AD BE EF
14:20:35.769    ← RX  tlm_beacon  apid=0x001 seq=63 → "\$?"
14:20:36.891    ← RX  [CCSDS RAW] 08 01 C0 40 00 07 5C 24 00 40 DE AD BE EF
14:20:36.893    ← RX  tlm_beacon  apid=0x001 seq=64 → "\$@"
14:20:38.015    ← RX  [CCSDS RAW] 08 01 C0 41 00 07 5C 24 00 41 DE AD BE EF
14:20:38.018    ← RX  tlm_beacon  apid=0x001 seq=65 → "\$A"
14:20:39.141    ← RX  [CCSDS RAW] 08 01 C0 42 00 07 5C 24 00 42 DE AD BE EF
14:20:39.143    ← RX  tlm_beacon  apid=0x001 seq=66 → "\$B"
14:20:40.250    ← RX  [CCSDS RAW] 08 01 C0 43 00 07 5C 24 00 43 DE AD BE EF
14:20:40.253    ← RX  tlm_beacon  apid=0x001 seq=67 → "\$C"
14:20:41.376    ← RX  [CCSDS RAW] 08 01 C0 44 00 07 5C 24 00 44 DE AD BE EF
14:20:41.379    ← RX  tlm_beacon  apid=0x001 seq=68 → "\$D"
14:20:42.500    ← RX  [CCSDS RAW] 08 01 C0 45 00 07 5C 24 00 45 DE AD BE EF
14:20:42.503    ← RX  tlm_beacon  apid=0x001 seq=69 → "\$E"
14:20:44.631    ← RX  [CCSDS RAW] 08 01 C0 47 00 07 5C 24 00 47 DE AD BE EF
14:20:44.634    ← RX  tlm_beacon  apid=0x001 seq=71 → "\$G"
14:20:46.776    ← RX  [CCSDS RAW] 08 01 C0 49 00 07 5C 24 00 49 DE AD BE EF
14:20:46.779    ← RX  tlm_beacon  apid=0x001 seq=73 → "\$I"
14:20:48.921    ← RX  [CCSDS RAW] 08 01 C0 4B 00 07 5C 24 00 4B DE AD BE EF
14:20:48.929    ← RX  tlm_beacon  apid=0x001 seq=75 → "\$K"
14:20:54.126    ← RX  [CCSDS RAW] 08 01 C0 50 00 07 5C 24 00 50 DE AD BE EF
14:20:54.129    ← RX  tlm_beacon  apid=0x001 seq=80 → "\$P"
14:20:55.236    ← RX  [CCSDS RAW] 08 01 C0 51 00 07 5C 24 00 51 DE AD BE EF
14:20:55.239    ← RX  tlm_beacon  apid=0x001 seq=81 → "\$Q"
14:20:56.361    ← RX  [CCSDS RAW] 08 01 C0 52 00 07 5C 24 00 52 DE AD BE EF
14:20:56.366    ← RX  tlm_beacon  apid=0x001 seq=82 → "\$R"
14:20:57.486    ← RX  [CCSDS RAW] 08 01 C0 53 00 07 5C 24 00 53 DE AD BE EF
14:20:57.489    ← RX  tlm_beacon  apid=0x001 seq=83 → "\$S"
14:20:58.611    ← RX  [CCSDS RAW] 08 01 C0 54 00 07 5C 24 00 54 DE AD BE EF
14:20:58.615    ← RX  tlm_beacon  apid=0x001 seq=84 → "\$T"
14:20:59.721    ← RX  [CCSDS RAW] 08 01 C0 55 00 07 5C 24 00 55 DE AD BE EF
14:20:59.724    ← RX  tlm_beacon  apid=0x001 seq=85 → "\$U"
14:21:00.847    ← RX  [CCSDS RAW] 08 01 C0 56 00 07 5C 24 00 56 DE AD BE EF
14:21:00.850    ← RX  tlm_beacon  apid=0x001 seq=86 → "\$V"
14:21:01.971    ← RX  [CCSDS RAW] 08 01 C0 57 00 07 5C 24 00 57 DE AD BE EF
14:21:01.975    ← RX  tlm_beacon  apid=0x001 seq=87 → "\$W"
14:21:03.081    ← RX  [CCSDS RAW] 08 01 C0 58 00 07 5C 24 00 58 DE AD BE EF
14:21:03.084    ← RX  tlm_beacon  apid=0x001 seq=88 → "\$X"
14:21:04.207    ← RX  [CCSDS RAW] 08 01 C0 59 00 07 5C 24 00 59 DE AD BE EF
14:21:04.209    ← RX  tlm_beacon  apid=0x001 seq=89 → "\$Y"
14:21:05.332    ← RX  [CCSDS RAW] 08 01 C0 5A 00 07 5C 24 00 5A DE AD BE EF
14:21:05.335    ← RX  tlm_beacon  apid=0x001 seq=90 → "\$Z"
14:21:06.457    ← RX  [CCSDS RAW] 08 01 C0 5B 00 07 5C 24 00 5B DE AD BE EF
14:21:06.460    ← RX  tlm_beacon  apid=0x001 seq=91 → "\$["
14:21:07.566    ← RX  [CCSDS RAW] 08 01 C0 5C 00 07 5C 24 00 5C DE AD BE EF
14:21:07.570    ← RX  tlm_beacon  apid=0x001 seq=92 → "\$\"
14:21:08.692    ← RX  [CCSDS RAW] 08 01 C0 5D 00 07 5C 24 00 5D DE AD BE EF
14:21:08.695    ← RX  tlm_beacon  apid=0x001 seq=93 → "\$]"
14:21:09.816    ← RX  [CCSDS RAW] 08 01 C0 5E 00 07 5C 24 00 5E DE AD BE EF
14:21:09.819    ← RX  tlm_beacon  apid=0x001 seq=94 → "\$^"
14:21:10.942    ← RX  [CCSDS RAW] 08 01 C0 5F 00 07 5C 24 00 5F DE AD BE EF
14:21:10.945    ← RX  tlm_beacon  apid=0x001 seq=95 → "\$_"
14:21:12.052    ← RX  [CCSDS RAW] 08 01 C0 60 00 07 5C 24 00 60 DE AD BE EF
14:21:12.055    ← RX  tlm_beacon  apid=0x001 seq=96 → "\$`"
14:21:15.217    ← RX  [CCSDS RAW] 08 01 C0 63 00 07 5C 24 00 63 DE AD BE EF
14:21:15.219    ← RX  tlm_beacon  apid=0x001 seq=99 → "\$c"
14:21:16.342    ← RX  [CCSDS RAW] 08 01 C0 64 00 07 5C 24 00 64 DE AD BE EF
14:21:16.345    ← RX  tlm_beacon  apid=0x001 seq=100 → "\$d"
14:21:17.467    ← RX  [CCSDS RAW] 08 01 C0 65 00 07 5C 24 00 65 DE AD BE EF
14:21:17.471    ← RX  tlm_beacon  apid=0x001 seq=101 → "\$e"
14:21:18.577    ← RX  [CCSDS RAW] 08 01 C0 66 00 07 5C 24 00 66 DE AD BE EF
14:21:18.581    ← RX  tlm_beacon  apid=0x001 seq=102 → "\$f"
14:21:19.702    ← RX  [CCSDS RAW] 08 01 C0 67 00 07 5C 24 00 67 DE AD BE EF
14:21:19.705    ← RX  tlm_beacon  apid=0x001 seq=103 → "\$g"
14:21:20.827    ← RX  [CCSDS RAW] 08 01 C0 68 00 07 5C 24 00 68 DE AD BE EF
14:21:20.830    ← RX  tlm_beacon  apid=0x001 seq=104 → "\$h"
14:21:21.937    ← RX  [CCSDS RAW] 08 01 C0 69 00 07 5C 24 00 69 DE AD BE EF
14:21:21.940    ← RX  tlm_beacon  apid=0x001 seq=105 → "\$i"
14:21:23.062    ← RX  [CCSDS RAW] 08 01 C0 6A 00 07 5C 24 00 6A DE AD BE EF
14:21:23.066    ← RX  tlm_beacon  apid=0x001 seq=106 → "\$j"
14:21:24.187    ← RX  [CCSDS RAW] 08 01 C0 6B 00 07 5C 24 00 6B DE AD BE EF
14:21:24.190    ← RX  tlm_beacon  apid=0x001 seq=107 → "\$k"
14:21:25.313    ← RX  [CCSDS RAW] 08 01 C0 6C 00 07 5C 24 00 6C DE AD BE EF
14:21:25.316    ← RX  tlm_beacon  apid=0x001 seq=108 → "\$l"
14:21:26.422    ← RX  [CCSDS RAW] 08 01 C0 6D 00 07 5C 24 00 6D DE AD BE EF
14:21:26.425    ← RX  tlm_beacon  apid=0x001 seq=109 → "\$m"
14:21:27.547    ← RX  [CCSDS RAW] 08 01 C0 6E 00 07 5C 24 00 6E DE AD BE EF
14:21:27.550    ← RX  tlm_beacon  apid=0x001 seq=110 → "\$n"
14:21:28.673    ← RX  [CCSDS RAW] 08 01 C0 6F 00 07 5C 24 00 6F DE AD BE EF
14:21:28.675    ← RX  tlm_beacon  apid=0x001 seq=111 → "\$o"
14:21:30.817    ← RX  [CCSDS RAW] 08 01 C0 71 00 07 5C 24 00 71 DE AD BE EF
14:21:30.820    ← RX  tlm_beacon  apid=0x001 seq=113 → "\$q"
14:21:32.948    ← RX  [CCSDS RAW] 08 01 C0 73 00 07 5C 24 00 73 DE AD BE EF
14:21:32.951    ← RX  tlm_beacon  apid=0x001 seq=115 → "\$s"
14:21:38.153    ← RX  [CCSDS RAW] 08 01 C0 78 00 07 5C 24 00 78 DE AD BE EF
14:21:38.156    ← RX  tlm_beacon  apid=0x001 seq=120 → "\$x"
14:21:39.278    ← RX  [CCSDS RAW] 08 01 C0 79 00 07 5C 24 00 79 DE AD BE EF
14:21:39.302    ← RX  tlm_beacon  apid=0x001 seq=121 → "\$y"
14:21:40.388    ← RX  [CCSDS RAW] 08 01 C0 7A 00 07 5C 24 00 7A DE AD BE EF
14:21:40.391    ← RX  tlm_beacon  apid=0x001 seq=122 → "\$z"
14:21:41.513    ← RX  [CCSDS RAW] 08 01 C0 7B 00 07 5C 24 00 7B DE AD BE EF
14:21:41.520    ← RX  tlm_beacon  apid=0x001 seq=123 → "\${"
14:21:42.638    ← RX  [CCSDS RAW] 08 01 C0 7C 00 07 5C 24 00 7C DE AD BE EF
14:21:42.642    ← RX  tlm_beacon  apid=0x001 seq=124 → "\$|"
14:21:43.763    ← RX  [CCSDS RAW] 08 01 C0 7D 00 07 5C 24 00 7D DE AD BE EF
14:21:43.766    ← RX  tlm_beacon  apid=0x001 seq=125 → "\$}"
14:21:44.873    ← RX  [CCSDS RAW] 08 01 C0 7E 00 07 5C 24 00 7E DE AD BE EF
14:21:44.876    ← RX  tlm_beacon  apid=0x001 seq=126 → "\$~"
14:21:45.998    ← RX  [CCSDS RAW] 08 01 C0 7F 00 07 5C 24 00 7F DE AD BE EF
14:21:46.001    ← RX  tlm_beacon  apid=0x001 seq=127
14:21:47.123    ← RX  [CCSDS RAW] 08 01 C0 80 00 07 5C 24 00 80 DE AD BE EF
14:21:47.126    ← RX  tlm_beacon  apid=0x001 seq=128
14:21:48.249    ← RX  [CCSDS RAW] 08 01 C0 81 00 07 5C 24 00 81 DE AD BE EF
14:21:48.252    ← RX  tlm_beacon  apid=0x001 seq=129
14:21:49.359    ← RX  [CCSDS RAW] 08 01 C0 82 00 07 5C 24 00 82 DE AD BE EF
14:21:49.361    ← RX  tlm_beacon  apid=0x001 seq=130
14:21:50.483    ← RX  [CCSDS RAW] 08 01 C0 83 00 07 5C 24 00 83 DE AD BE EF
14:21:50.488    ← RX  tlm_beacon  apid=0x001 seq=131
14:21:51.609    ← RX  [CCSDS RAW] 08 01 C0 84 00 07 5C 24 00 84 DE AD BE EF
14:21:51.612    ← RX  tlm_beacon  apid=0x001 seq=132
14:21:52.719    ← RX  [CCSDS RAW] 08 01 C0 85 00 07 5C 24 00 85 DE AD BE EF
14:21:52.726    ← RX  tlm_beacon  apid=0x001 seq=133
14:21:53.844    ← RX  [CCSDS RAW] 08 01 C0 86 00 07 5C 24 00 86 DE AD BE EF
14:21:53.848    ← RX  tlm_beacon  apid=0x001 seq=134
14:21:54.969    ← RX  [CCSDS RAW] 08 01 C0 87 00 07 5C 24 00 87 DE AD BE EF
14:21:54.971    ← RX  tlm_beacon  apid=0x001 seq=135
14:21:56.094    ← RX  [CCSDS RAW] 08 01 C0 88 00 07 5C 24 00 88 DE AD BE EF
14:21:56.103    ← RX  tlm_beacon  apid=0x001 seq=136
14:21:59.244    ← RX  [CCSDS RAW] 08 01 C0 8B 00 07 5C 24 00 8B DE AD BE EF
14:21:59.254    ← RX  tlm_beacon  apid=0x001 seq=139
14:22:00.369    ← RX  [CCSDS RAW] 08 01 C0 8C 00 07 5C 24 00 8C DE AD BE EF
14:22:00.378    ← RX  tlm_beacon  apid=0x001 seq=140
14:22:01.494    ← RX  [CCSDS RAW] 08 01 C0 8D 00 07 5C 24 00 8D DE AD BE EF
14:22:01.506    ← RX  tlm_beacon  apid=0x001 seq=141
14:22:02.619    ← RX  [CCSDS RAW] 08 01 C0 8E 00 07 5C 24 00 8E DE AD BE EF
14:22:02.634    ← RX  tlm_beacon  apid=0x001 seq=142
14:22:03.729    ← RX  [CCSDS RAW] 08 01 C0 8F 00 07 5C 24 00 8F DE AD BE EF
14:22:03.738    ← RX  tlm_beacon  apid=0x001 seq=143
14:22:04.854    ← RX  [CCSDS RAW] 08 01 C0 90 00 07 5C 24 00 90 DE AD BE EF
14:22:04.864    ← RX  tlm_beacon  apid=0x001 seq=144
14:22:05.979    ← RX  [CCSDS RAW] 08 01 C0 91 00 07 5C 24 00 91 DE AD BE EF
14:22:05.993    ← RX  tlm_beacon  apid=0x001 seq=145
14:22:07.104    ← RX  [CCSDS RAW] 08 01 C0 92 00 07 5C 24 00 92 DE AD BE EF
14:22:07.116    ← RX  tlm_beacon  apid=0x001 seq=146
14:22:08.214    ← RX  [CCSDS RAW] 08 01 C0 93 00 07 5C 24 00 93 DE AD BE EF
14:22:08.223    ← RX  tlm_beacon  apid=0x001 seq=147
14:22:09.339    ← RX  [CCSDS RAW] 08 01 C0 94 00 07 5C 24 00 94 DE AD BE EF
14:22:09.343    ← RX  tlm_beacon  apid=0x001 seq=148
14:22:10.464    ← RX  [CCSDS RAW] 08 01 C0 95 00 07 5C 24 00 95 DE AD BE EF
14:22:10.467    ← RX  tlm_beacon  apid=0x001 seq=149
14:22:11.574    ← RX  [CCSDS RAW] 08 01 C0 96 00 07 5C 24 00 96 DE AD BE EF
14:22:11.578    ← RX  tlm_beacon  apid=0x001 seq=150
14:22:12.699    ← RX  [CCSDS RAW] 08 01 C0 97 00 07 5C 24 00 97 DE AD BE EF
14:22:12.716    ← RX  tlm_beacon  apid=0x001 seq=151
14:22:13.824    ← RX  [CCSDS RAW] 08 01 C0 98 00 07 5C 24 00 98 DE AD BE EF
14:22:13.836    ← RX  tlm_beacon  apid=0x001 seq=152
14:22:14.949    ← RX  [CCSDS RAW] 08 01 C0 99 00 07 5C 24 00 99 DE AD BE EF
14:22:14.959    ← RX  tlm_beacon  apid=0x001 seq=153
14:22:16.060    ← RX  [CCSDS RAW] 08 01 C0 9A 00 07 5C 24 00 9A DE AD BE EF
14:22:16.074    ← RX  tlm_beacon  apid=0x001 seq=154
14:22:17.185    ← RX  [CCSDS RAW] 08 01 C0 9B 00 07 5C 24 00 9B DE AD BE EF
14:22:17.197    ← RX  tlm_beacon  apid=0x001 seq=155
14:22:18.309    ← RX  [CCSDS RAW] 08 01 C0 9C 00 07 5C 24 00 9C DE AD BE EF
14:22:18.320    ← RX  tlm_beacon  apid=0x001 seq=156
14:22:21.474    ← RX  [CCSDS RAW] 08 01 C0 9F 00 07 5C 24 00 9F DE AD BE EF
14:22:21.481    ← RX  tlm_beacon  apid=0x001 seq=159
14:22:22.585    ← RX  [CCSDS RAW] 08 01 C0 A0 00 07 5C 24 00 A0 DE AD BE EF
14:22:22.588    ← RX  tlm_beacon  apid=0x001 seq=160
14:22:23.710    ← RX  [CCSDS RAW] 08 01 C0 A1 00 07 5C 24 00 A1 DE AD BE EF
14:22:23.714    ← RX  tlm_beacon  apid=0x001 seq=161
14:22:24.835    ← RX  [CCSDS RAW] 08 01 C0 A2 00 07 5C 24 00 A2 DE AD BE EF
14:22:24.838    ← RX  tlm_beacon  apid=0x001 seq=162
14:22:25.945    ← RX  [CCSDS RAW] 08 01 C0 A3 00 07 5C 24 00 A3 DE AD BE EF
14:22:25.950    ← RX  tlm_beacon  apid=0x001 seq=163
14:22:27.070    ← RX  [CCSDS RAW] 08 01 C0 A4 00 07 5C 24 00 A4 DE AD BE EF
14:22:27.073    ← RX  tlm_beacon  apid=0x001 seq=164
14:22:28.195    ← RX  [CCSDS RAW] 08 01 C0 A5 00 07 5C 24 00 A5 DE AD BE EF
14:22:28.198    ← RX  tlm_beacon  apid=0x001 seq=165
14:22:29.320    ← RX  [CCSDS RAW] 08 01 C0 A6 00 07 5C 24 00 A6 DE AD BE EF
14:22:29.323    ← RX  tlm_beacon  apid=0x001 seq=166
14:22:30.430    ← RX  [CCSDS RAW] 08 01 C0 A7 00 07 5C 24 00 A7 DE AD BE EF
14:22:30.435    ← RX  tlm_beacon  apid=0x001 seq=167
14:22:31.555    ← RX  [CCSDS RAW] 08 01 C0 A8 00 07 5C 24 00 A8 DE AD BE EF
14:22:31.558    ← RX  tlm_beacon  apid=0x001 seq=168
14:22:32.680    ← RX  [CCSDS RAW] 08 01 C0 A9 00 07 5C 24 00 A9 DE AD BE EF
14:22:32.684    ← RX  tlm_beacon  apid=0x001 seq=169
14:22:33.805    ← RX  [CCSDS RAW] 08 01 C0 AA 00 07 5C 24 00 AA DE AD BE EF
14:22:33.809    ← RX  tlm_beacon  apid=0x001 seq=170
14:22:34.915    ← RX  [CCSDS RAW] 08 01 C0 AB 00 07 5C 24 00 AB DE AD BE EF
14:22:34.919    ← RX  tlm_beacon  apid=0x001 seq=171
14:22:36.040    ← RX  [CCSDS RAW] 08 01 C0 AC 00 07 5C 24 00 AC DE AD BE EF
14:22:36.044    ← RX  tlm_beacon  apid=0x001 seq=172
14:22:37.165    ← RX  [CCSDS RAW] 08 01 C0 AD 00 07 5C 24 00 AD DE AD BE EF
14:22:37.169    ← RX  tlm_beacon  apid=0x001 seq=173
14:22:38.275    ← RX  [CCSDS RAW] 08 01 C0 AE 00 07 5C 24 00 AE DE AD BE EF
14:22:38.280    ← RX  tlm_beacon  apid=0x001 seq=174
14:22:39.400    ← RX  [CCSDS RAW] 08 01 C0 AF 00 07 5C 24 00 AF DE AD BE EF
14:22:39.404    ← RX  tlm_beacon  apid=0x001 seq=175
14:22:42.565    ← RX  [CCSDS RAW] 08 01 C0 B2 00 07 5C 24 00 B2 DE AD BE EF
14:22:42.569    ← RX  tlm_beacon  apid=0x001 seq=178
14:22:43.691    ← RX  [CCSDS RAW] 08 01 C0 B3 00 07 5C 24 00 B3 DE AD BE EF
14:22:43.695    ← RX  tlm_beacon  apid=0x001 seq=179
14:22:44.801    ← RX  [CCSDS RAW] 08 01 C0 B4 00 07 5C 24 00 B4 DE AD BE EF
14:22:44.809    ← RX  tlm_beacon  apid=0x001 seq=180
14:22:45.926    ← RX  [CCSDS RAW] 08 01 C0 B5 00 07 5C 24 00 B5 DE AD BE EF
14:22:45.939    ← RX  tlm_beacon  apid=0x001 seq=181
14:22:47.051    ← RX  [CCSDS RAW] 08 01 C0 B6 00 07 5C 24 00 B6 DE AD BE EF
14:22:47.053    ← RX  tlm_beacon  apid=0x001 seq=182
14:22:48.176    ← RX  [CCSDS RAW] 08 01 C0 B7 00 07 5C 24 00 B7 DE AD BE EF
14:22:48.178    ← RX  tlm_beacon  apid=0x001 seq=183
14:22:49.286    ← RX  [CCSDS RAW] 08 01 C0 B8 00 07 5C 24 00 B8 DE AD BE EF
14:22:49.288    ← RX  tlm_beacon  apid=0x001 seq=184
14:22:50.411    ← RX  [CCSDS RAW] 08 01 C0 B9 00 07 5C 24 00 B9 DE AD BE EF
14:22:50.414    ← RX  tlm_beacon  apid=0x001 seq=185
14:22:51.536    ← RX  [CCSDS RAW] 08 01 C0 BA 00 07 5C 24 00 BA DE AD BE EF
14:22:51.538    ← RX  tlm_beacon  apid=0x001 seq=186
14:22:52.661    ← RX  [CCSDS RAW] 08 01 C0 BB 00 07 5C 24 00 BB DE AD BE EF
14:22:52.664    ← RX  tlm_beacon  apid=0x001 seq=187
14:22:53.771    ← RX  [CCSDS RAW] 08 01 C0 BC 00 07 5C 24 00 BC DE AD BE EF
14:22:53.774    ← RX  tlm_beacon  apid=0x001 seq=188
14:22:54.896    ← RX  [CCSDS RAW] 08 01 C0 BD 00 07 5C 24 00 BD DE AD BE EF
14:22:54.898    ← RX  tlm_beacon  apid=0x001 seq=189
14:22:56.021    ← RX  [CCSDS RAW] 08 01 C0 BE 00 07 5C 24 00 BE DE AD BE EF
14:22:56.023    ← RX  tlm_beacon  apid=0x001 seq=190
14:22:57.131    ← RX  [CCSDS RAW] 08 01 C0 BF 00 07 5C 24 00 BF DE AD BE EF
14:22:57.134    ← RX  tlm_beacon  apid=0x001 seq=191
14:22:58.256    ← RX  [CCSDS RAW] 08 01 C0 C0 00 07 5C 24 00 C0 DE AD BE EF
14:22:58.259    ← RX  tlm_beacon  apid=0x001 seq=192
14:22:59.381    ← RX  [CCSDS RAW] 08 01 C0 C1 00 07 5C 24 00 C1 DE AD BE EF
14:22:59.384    ← RX  tlm_beacon  apid=0x001 seq=193
14:23:00.507    ← RX  [CCSDS RAW] 08 01 C0 C2 00 07 5C 24 00 C2 DE AD BE EF
14:23:00.509    ← RX  tlm_beacon  apid=0x001 seq=194
14:23:01.616    ← RX  [CCSDS RAW] 08 01 C0 C3 00 07 5C 24 00 C3 DE AD BE EF
14:23:01.619    ← RX  tlm_beacon  apid=0x001 seq=195
14:23:02.741    ← RX  [CCSDS RAW] 08 01 C0 C4 00 07 5C 24 00 C4 DE AD BE EF
14:23:02.744    ← RX  tlm_beacon  apid=0x001 seq=196
14:23:04.887    ← RX  [CCSDS RAW] 08 01 C0 C6 00 07 5C 24 00 C6 DE AD BE EF
14:23:04.889    ← RX  tlm_beacon  apid=0x001 seq=198
14:23:06.012    ← RX  [CCSDS RAW] 08 01 C0 C7 00 07 5C 24 00 C7 DE AD BE EF
14:23:06.014    ← RX  tlm_beacon  apid=0x001 seq=199
14:23:07.122    ← RX  [CCSDS RAW] 08 01 C0 C8 00 07 5C 24 00 C8 DE AD BE EF
14:23:07.125    ← RX  tlm_beacon  apid=0x001 seq=200
14:23:08.247    ← RX  [CCSDS RAW] 08 01 C0 C9 00 07 5C 24 00 C9 DE AD BE EF
14:23:08.249    ← RX  tlm_beacon  apid=0x001 seq=201
14:23:09.372    ← RX  [CCSDS RAW] 08 01 C0 CA 00 07 5C 24 00 CA DE AD BE EF
14:23:09.374    ← RX  tlm_beacon  apid=0x001 seq=202
14:23:10.482    ← RX  [CCSDS RAW] 08 01 C0 CB 00 07 5C 24 00 CB DE AD BE EF
14:23:10.484    ← RX  tlm_beacon  apid=0x001 seq=203
14:23:11.607    ← RX  [CCSDS RAW] 08 01 C0 CC 00 07 5C 24 00 CC DE AD BE EF
14:23:11.609    ← RX  tlm_beacon  apid=0x001 seq=204
14:23:12.732    ← RX  [CCSDS RAW] 08 01 C0 CD 00 07 5C 24 00 CD DE AD BE EF
14:23:12.734    ← RX  tlm_beacon  apid=0x001 seq=205
14:23:13.857    ← RX  [CCSDS RAW] 08 01 C0 CE 00 07 5C 24 00 CE DE AD BE EF
14:23:13.859    ← RX  tlm_beacon  apid=0x001 seq=206
14:23:14.967    ← RX  [CCSDS RAW] 08 01 C0 CF 00 07 5C 24 00 CF DE AD BE EF
14:23:14.969    ← RX  tlm_beacon  apid=0x001 seq=207
14:23:16.092    ← RX  [CCSDS RAW] 08 01 C0 D0 00 07 5C 24 00 D0 DE AD BE EF
14:23:16.095    ← RX  tlm_beacon  apid=0x001 seq=208
14:23:17.217    ← RX  [CCSDS RAW] 08 01 C0 D1 00 07 5C 24 00 D1 DE AD BE EF
14:23:17.220    ← RX  tlm_beacon  apid=0x001 seq=209
14:23:19.362    ← RX  [CCSDS RAW] 08 01 C0 D3 00 07 5C 24 00 D3 DE AD BE EF
14:23:19.365    ← RX  tlm_beacon  apid=0x001 seq=211
14:23:21.492    ← RX  [CCSDS RAW] 08 01 C0 D5 00 07 5C 24 00 D5 DE AD BE EF
14:23:21.495    ← RX  tlm_beacon  apid=0x001 seq=213
14:23:23.638    ← RX  [CCSDS RAW] 08 01 C0 D7 00 07 5C 24 00 D7 DE AD BE EF
14:23:23.640    ← RX  tlm_beacon  apid=0x001 seq=215
14:23:27.822    ← RX  [CCSDS RAW] 08 01 C0 DB 00 07 5C 24 00 DB DE AD BE EF
14:23:27.825    ← RX  tlm_beacon  apid=0x001 seq=219
14:23:28.932    ← RX  [CCSDS RAW] 08 01 C0 DC 00 07 5C 24 00 DC DE AD BE EF
14:23:28.935    ← RX  tlm_beacon  apid=0x001 seq=220
14:23:30.058    ← RX  [CCSDS RAW] 08 01 C0 DD 00 07 5C 24 00 DD DE AD BE EF
14:23:30.060    ← RX  tlm_beacon  apid=0x001 seq=221
14:23:31.182    ← RX  [CCSDS RAW] 08 01 C0 DE 00 07 5C 24 00 DE DE AD BE EF
14:23:31.185    ← RX  tlm_beacon  apid=0x001 seq=222
14:23:32.308    ← RX  [CCSDS RAW] 08 01 C0 DF 00 07 5C 24 00 DF DE AD BE EF
14:23:32.310    ← RX  tlm_beacon  apid=0x001 seq=223
14:23:33.418    ← RX  [CCSDS RAW] 08 01 C0 E0 00 07 5C 24 00 E0 DE AD BE EF
14:23:33.420    ← RX  tlm_beacon  apid=0x001 seq=224
14:23:34.543    ← RX  [CCSDS RAW] 08 01 C0 E1 00 07 5C 24 00 E1 DE AD BE EF
14:23:34.546    ← RX  tlm_beacon  apid=0x001 seq=225
14:23:35.668    ← RX  [CCSDS RAW] 08 01 C0 E2 00 07 5C 24 00 E2 DE AD BE EF
14:23:35.670    ← RX  tlm_beacon  apid=0x001 seq=226
14:23:36.793    ← RX  [CCSDS RAW] 08 01 C0 E3 00 07 5C 24 00 E3 DE AD BE EF
14:23:36.796    ← RX  tlm_beacon  apid=0x001 seq=227
14:23:37.903    ← RX  [CCSDS RAW] 08 01 C0 E4 00 07 5C 24 00 E4 DE AD BE EF
14:23:37.906    ← RX  tlm_beacon  apid=0x001 seq=228
14:23:39.028    ← RX  [CCSDS RAW] 08 01 C0 E5 00 07 5C 24 00 E5 DE AD BE EF
14:23:39.035    ← RX  tlm_beacon  apid=0x001 seq=229
14:23:40.153    ← RX  [CCSDS RAW] 08 01 C0 E6 00 07 5C 24 00 E6 DE AD BE EF
14:23:40.155    ← RX  tlm_beacon  apid=0x001 seq=230
14:23:42.298    ← RX  [CCSDS RAW] 08 01 C0 E8 00 07 5C 24 00 E8 DE AD BE EF
14:23:42.301    ← RX  tlm_beacon  apid=0x001 seq=232
14:23:45.448    ← RX  [CCSDS RAW] 08 01 C0 EB 00 07 5C 24 00 EB DE AD BE EF
14:23:45.451    ← RX  tlm_beacon  apid=0x001 seq=235
14:23:49.633    ← RX  [CCSDS RAW] 08 01 C0 EF 00 07 5C 24 00 EF DE AD BE EF
14:23:49.636    ← RX  tlm_beacon  apid=0x001 seq=239
14:23:50.758    ← RX  [CCSDS RAW] 08 01 C0 F0 00 07 5C 24 00 F0 DE AD BE EF
14:23:50.761    ← RX  tlm_beacon  apid=0x001 seq=240
14:23:51.868    ← RX  [CCSDS RAW] 08 01 C0 F1 00 07 5C 24 00 F1 DE AD BE EF
14:23:51.871    ← RX  tlm_beacon  apid=0x001 seq=241
14:23:52.994    ← RX  [CCSDS RAW] 08 01 C0 F2 00 07 5C 24 00 F2 DE AD BE EF
14:23:52.997    ← RX  tlm_beacon  apid=0x001 seq=242
14:23:54.118    ← RX  [CCSDS RAW] 08 01 C0 F3 00 07 5C 24 00 F3 DE AD BE EF
14:23:54.121    ← RX  tlm_beacon  apid=0x001 seq=243
14:23:55.243    ← RX  [CCSDS RAW] 08 01 C0 F4 00 07 5C 24 00 F4 DE AD BE EF
14:23:55.246    ← RX  tlm_beacon  apid=0x001 seq=244
14:23:56.354    ← RX  [CCSDS RAW] 08 01 C0 F5 00 07 5C 24 00 F5 DE AD BE EF
14:23:56.357    ← RX  tlm_beacon  apid=0x001 seq=245
14:23:57.479    ← RX  [CCSDS RAW] 08 01 C0 F6 00 07 5C 24 00 F6 DE AD BE EF
14:23:57.481    ← RX  tlm_beacon  apid=0x001 seq=246
14:23:58.604    ← RX  [CCSDS RAW] 08 01 C0 F7 00 07 5C 24 00 F7 DE AD BE EF
14:23:58.606    ← RX  tlm_beacon  apid=0x001 seq=247
14:23:59.729    ← RX  [CCSDS RAW] 08 01 C0 F8 00 07 5C 24 00 F8 DE AD BE EF
14:23:59.731    ← RX  tlm_beacon  apid=0x001 seq=248
14:24:00.839    ← RX  [CCSDS RAW] 08 01 C0 F9 00 07 5C 24 00 F9 DE AD BE EF
14:24:00.841    ← RX  tlm_beacon  apid=0x001 seq=249
14:24:01.964    ← RX  [CCSDS RAW] 08 01 C0 FA 00 07 5C 24 00 FA DE AD BE EF
14:24:01.966    ← RX  tlm_beacon  apid=0x001 seq=250
14:24:03.089    ← RX  [CCSDS RAW] 08 01 C0 FB 00 07 5C 24 00 FB DE AD BE EF
14:24:03.092    ← RX  tlm_beacon  apid=0x001 seq=251
14:24:04.199    ← RX  [CCSDS RAW] 08 01 C0 FC 00 07 5C 24 00 FC DE AD BE EF
14:24:04.201    ← RX  tlm_beacon  apid=0x001 seq=252
14:24:05.324    ← RX  [CCSDS RAW] 08 01 C0 FD 00 07 5C 24 00 FD DE AD BE EF
14:24:05.327    ← RX  tlm_beacon  apid=0x001 seq=253
14:24:06.449    ← RX  [CCSDS RAW] 08 01 C0 FE 00 07 5C 24 00 FE DE AD BE EF
14:24:06.451    ← RX  tlm_beacon  apid=0x001 seq=254
14:24:07.574    ← RX  [CCSDS RAW] 08 01 C0 FF 00 07 5C 24 00 FF DE AD BE EF
14:24:07.577    ← RX  tlm_beacon  apid=0x001 seq=255
14:24:10.724    ← RX  [CCSDS RAW] 08 01 C1 02 00 07 5C 24 01 02 DE AD BE EF
14:24:10.728    ← RX  tlm_beacon  apid=0x001 seq=258
14:24:12.870    ← RX  [CCSDS RAW] 08 01 C1 04 00 07 5C 24 01 04 DE AD BE EF
14:24:12.872    ← RX  tlm_beacon  apid=0x001 seq=260
14:24:13.994    ← RX  [CCSDS RAW] 08 01 C1 05 00 07 5C 24 01 05 DE AD BE EF
14:24:13.997    ← RX  tlm_beacon  apid=0x001 seq=261
14:24:15.120    ← RX  [CCSDS RAW] 08 01 C1 06 00 07 5C 24 01 06 DE AD BE EF
14:24:15.122    ← RX  tlm_beacon  apid=0x001 seq=262
14:24:16.230    ← RX  [CCSDS RAW] 08 01 C1 07 00 07 5C 24 01 07 DE AD BE EF
14:24:16.232    ← RX  tlm_beacon  apid=0x001 seq=263
14:24:17.355    ← RX  [CCSDS RAW] 08 01 C1 08 00 07 5C 24 01 08 DE AD BE EF
14:24:17.357    ← RX  tlm_beacon  apid=0x001 seq=264
14:24:18.480    ← RX  [CCSDS RAW] 08 01 C1 09 00 07 5C 24 01 09 DE AD BE EF
14:24:18.482    ← RX  tlm_beacon  apid=0x001 seq=265
14:24:19.590    ← RX  [CCSDS RAW] 08 01 C1 0A 00 07 5C 24 01 0A DE AD BE EF
14:24:19.592    ← RX  tlm_beacon  apid=0x001 seq=266
14:24:20.715    ← RX  [CCSDS RAW] 08 01 C1 0B 00 07 5C 24 01 0B DE AD BE EF
14:24:20.717    ← RX  tlm_beacon  apid=0x001 seq=267
14:24:39.180    ← RX  [CCSDS RAW] 08 01 C0 00 00 07 5C 24 00 00 DE AD BE EF
14:24:39.188    ← RX  tlm_beacon  apid=0x001 seq=0
14:24:40.306    ← RX  [CCSDS RAW] 08 01 C0 01 00 07 5C 24 00 01 DE AD BE EF
14:24:40.309    ← RX  tlm_beacon  apid=0x001 seq=1
14:24:41.416    ← RX  [CCSDS RAW] 08 01 C0 02 00 07 5C 24 00 02 DE AD BE EF
14:24:41.418    ← RX  tlm_beacon  apid=0x001 seq=2
14:24:42.541    ← RX  [CCSDS RAW] 08 01 C0 03 00 07 5C 24 00 03 DE AD BE EF
14:24:42.544    ← RX  tlm_beacon  apid=0x001 seq=3
14:24:43.666    ← RX  [CCSDS RAW] 08 01 C0 04 00 07 5C 24 00 04 DE AD BE EF
14:24:43.668    ← RX  tlm_beacon  apid=0x001 seq=4
14:24:44.791    ← RX  [CCSDS RAW] 08 01 C0 05 00 07 5C 24 00 05 DE AD BE EF
14:24:44.794    ← RX  tlm_beacon  apid=0x001 seq=5
14:24:45.901    ← RX  [CCSDS RAW] 08 01 C0 06 00 07 5C 24 00 06 DE AD BE EF
14:24:45.903    ← RX  tlm_beacon  apid=0x001 seq=6
14:24:47.026    ← RX  [CCSDS RAW] 08 01 C0 07 00 07 5C 24 00 07 DE AD BE EF
14:24:47.029    ← RX  tlm_beacon  apid=0x001 seq=7
14:24:48.151    ← RX  [CCSDS RAW] 08 01 C0 08 00 07 5C 24 00 08 DE AD BE EF
14:24:48.154    ← RX  tlm_beacon  apid=0x001 seq=8
14:24:49.261    ← RX  [CCSDS RAW] 08 01 C0 09 00 07 5C 24 00 09 DE AD BE EF
14:24:49.263    ← RX  tlm_beacon  apid=0x001 seq=9
14:24:50.386    ← RX  [CCSDS RAW] 08 01 C0 0A 00 07 5C 24 00 0A DE AD BE EF
14:24:50.389    ← RX  tlm_beacon  apid=0x001 seq=10
14:24:53.551    ← RX  [CCSDS RAW] 08 01 C0 0D 00 07 5C 24 00 0D DE AD BE EF
14:24:53.553    ← RX  tlm_beacon  apid=0x001 seq=13
14:24:54.676    ← RX  [CCSDS RAW] 08 01 C0 0E 00 07 5C 24 00 0E DE AD BE EF
14:24:54.679    ← RX  tlm_beacon  apid=0x001 seq=14
14:24:55.786    ← RX  [CCSDS RAW] 08 01 C0 0F 00 07 5C 24 00 0F DE AD BE EF
14:24:55.789    ← RX  tlm_beacon  apid=0x001 seq=15
14:24:56.911    ← RX  [CCSDS RAW] 08 01 C0 10 00 07 5C 24 00 10 DE AD BE EF
14:24:56.914    ← RX  tlm_beacon  apid=0x001 seq=16
14:24:58.037    ← RX  [CCSDS RAW] 08 01 C0 11 00 07 5C 24 00 11 DE AD BE EF
14:24:58.039    ← RX  tlm_beacon  apid=0x001 seq=17
14:24:59.161    ← RX  [CCSDS RAW] 08 01 C0 12 00 07 5C 24 00 12 DE AD BE EF
14:24:59.164    ← RX  tlm_beacon  apid=0x001 seq=18
14:25:00.272    ← RX  [CCSDS RAW] 08 01 C0 13 00 07 5C 24 00 13 DE AD BE EF
14:25:00.274    ← RX  tlm_beacon  apid=0x001 seq=19
14:25:01.397    ← RX  [CCSDS RAW] 08 01 C0 14 00 07 5C 24 00 14 DE AD BE EF
14:25:01.399    ← RX  tlm_beacon  apid=0x001 seq=20
14:25:02.522    ← RX  [CCSDS RAW] 08 01 C0 15 00 07 5C 24 00 15 DE AD BE EF
14:25:02.524    ← RX  tlm_beacon  apid=0x001 seq=21
14:25:03.632    ← RX  [CCSDS RAW] 08 01 C0 16 00 07 5C 24 00 16 DE AD BE EF
14:25:03.635    ← RX  tlm_beacon  apid=0x001 seq=22
14:25:04.757    ← RX  [CCSDS RAW] 08 01 C0 17 00 07 5C 24 00 17 DE AD BE EF
14:25:04.759    ← RX  tlm_beacon  apid=0x001 seq=23
14:25:05.882    ← RX  [CCSDS RAW] 08 01 C0 18 00 07 5C 24 00 18 DE AD BE EF
14:25:05.885    ← RX  tlm_beacon  apid=0x001 seq=24
14:25:07.007    ← RX  [CCSDS RAW] 08 01 C0 19 00 07 5C 24 00 19 DE AD BE EF
14:25:07.010    ← RX  tlm_beacon  apid=0x001 seq=25
14:25:08.117    ← RX  [CCSDS RAW] 08 01 C0 1A 00 07 5C 24 00 1A DE AD BE EF
14:25:08.119    ← RX  tlm_beacon  apid=0x001 seq=26
14:25:09.242    ← RX  [CCSDS RAW] 08 01 C0 1B 00 07 5C 24 00 1B DE AD BE EF
14:25:09.259    ← RX  tlm_beacon  apid=0x001 seq=27
14:25:56.182    [flush] discarded 215 stale packet(s)
14:25:56.192    → TX [0000]  [CCSDS] get_telem seq=9 dest=0x011
14:26:01.175    ✗ No telem reply
14:26:04.534    → TX [0000]  [CCSDS] get_telem seq=10 dest=0x011
14:26:05.438    → TX [0000]  [CCSDS] get_telem seq=11 dest=0x011
14:26:07.462    → TX [0000]  [CCSDS] get_telem seq=12 dest=0x011
14:26:09.545    ✗ No telem reply
14:26:09.958    → TX [0000]  [CCSDS] get_telem seq=13 dest=0x011
14:26:10.436    ✗ No telem reply
14:26:12.443    ✗ No telem reply
14:26:14.923    ✗ No telem reply
14:30:20.323    → TX [0000]  [CCSDS] get_telem seq=14 dest=0x011
14:30:25.269    ✗ No telem reply
14:31:37.223  RF Power: patched radio.h → TX_POWER = BENCH (0 dBm bench)
14:31:37.230  Board: patched ccsds.h → SCK_APID_THIS_BOARD = 0x010 (GS Board  (APID 0x010))
14:31:37.242  ══════════════════════════════════════════════════
14:31:37.246    SCK-2400 Build  →  GS Board  (APID 0x010)
14:31:37.249    SCK_APID_THIS_BOARD = 0x010
14:31:37.253    Build type: full
14:31:37.257  ══════════════════════════════════════════════════
14:31:40.530  # ================================================================================
14:31:40.550  # [Tue Jun 09 14:31:40 CDT 2026]: CCS headless build starting...
14:31:40.679  **** Clean-only build of configuration 'Debug' for project 'sck2400_firmware' ****
14:31:40.730  "C:\\ti\\ccs2051\\ccs\\utils\\bin\\gmake" -k -j 12 clean -r -O
14:31:40.945  DEL /F "syscfg\ti_radio_config.h" "syscfg\ti_drivers_config.h" "syscfg\ti_utils_build_linker.cmd.genlibs" "syscfg\ti_utils_build_linker.cmd.genmap" "syscfg\syscfg_c.rov.xs" "syscfg\ti_sysbios_config.h" "syscfg\ti_devices_config.c" "syscfg\ti_radio_config.c" "syscfg\ti_drivers_config.c" "syscfg\ti_utils_build_compiler.opt" "syscfg\ti_sysbios_config.c" "sck2400_firmware.out"
14:31:40.951  DEL /F "RFQueue.o" "ccsds.o" "main.o" "main_tirtos.o" "oad_image_header_app.o" "radio.o" "syscfg\ti_devices_config.o" "syscfg\ti_radio_config.o" "syscfg\ti_drivers_config.o" "syscfg\ti_sysbios_config.o" "telemetry.o" "uart.o"
14:31:40.954  DEL /F "RFQueue.d" "ccsds.d" "main.d" "main_tirtos.d" "oad_image_header_app.d" "radio.d" "syscfg\ti_devices_config.d" "syscfg\ti_radio_config.d" "syscfg\ti_drivers_config.d" "syscfg\ti_sysbios_config.d" "telemetry.d" "uart.d"
14:31:40.958  RMDIR /S/Q "syscfg"
14:31:41.012  **** Build finished ****
14:31:42.908  **** Build of configuration 'Debug' for project 'sck2400_firmware' ****
14:31:42.922  "C:\\ti\\ccs2051\\ccs\\utils\\bin\\gmake" -k -j 12 all -r -O
14:31:44.871  SysConfig - building file: "../sck2400.syscfg"
14:31:44.874  "C:/ti/sysconfig_1.21.1/sysconfig_cli.bat" -s "C:/ti/simplelink_cc13xx_cc26xx_sdk_8_32_00_07/.metadata/product.json" --script "C:/Users/maxor/workspace_ccstheia/sck2400_firmware/sck2400.syscfg" -o "syscfg" --compiler ticlang
14:31:44.882  Running script...
14:31:44.886  Validating...
14:31:44.909  warning: CONFIG_SPI_0(/ti/drivers/SPI) spi.csnPin: Connected to hardware
14:31:44.913  DIO20/38 is connected to MX25R8035F SPI Flash Chip Select on the CC1352P-2 LaunchPad. Consider selecting it in 'use hardware' above. Using a custom board?
14:31:44.916  0 error(s), 1 warning(s)
14:31:44.920  Generating Code (sck2400.syscfg)...
14:31:44.925  Writing C:\Users\maxor\workspace_ccstheia\sck2400_firmware\Debug\syscfg\ti_devices_config.c...
14:31:44.928  Writing C:\Users\maxor\workspace_ccstheia\sck2400_firmware\Debug\syscfg\ti_radio_config.c...
14:31:44.932  Writing C:\Users\maxor\workspace_ccstheia\sck2400_firmware\Debug\syscfg\ti_radio_config.h...
14:31:44.937  Writing C:\Users\maxor\workspace_ccstheia\sck2400_firmware\Debug\syscfg\ti_drivers_config.c...
14:31:44.942  Writing C:\Users\maxor\workspace_ccstheia\sck2400_firmware\Debug\syscfg\ti_drivers_config.h...
14:31:44.946  Writing C:\Users\maxor\workspace_ccstheia\sck2400_firmware\Debug\syscfg\ti_utils_build_linker.cmd.genlibs...
14:31:44.950  Writing C:\Users\maxor\workspace_ccstheia\sck2400_firmware\Debug\syscfg\ti_utils_build_linker.cmd.genmap...
14:31:44.955  Writing C:\Users\maxor\workspace_ccstheia\sck2400_firmware\Debug\syscfg\ti_utils_build_compiler.opt...
14:31:44.977  Writing C:\Users\maxor\workspace_ccstheia\sck2400_firmware\Debug\syscfg\syscfg_c.rov.xs...
14:31:44.982  Writing C:\Users\maxor\workspace_ccstheia\sck2400_firmware\Debug\syscfg\ti_sysbios_config.h...
14:31:44.985  Writing C:\Users\maxor\workspace_ccstheia\sck2400_firmware\Debug\syscfg\ti_sysbios_config.c...
14:31:44.990  Finished building: "../sck2400.syscfg"
14:31:45.194  Arm Compiler - building file: "../RFQueue.c"
14:31:45.201  "C:/ti/ti_cgt_arm_llvm_3.2.2.LTS/bin/tiarmclang.exe" -c -mcpu=cortex-m4 -mfloat-abi=hard -mfpu=fpv4-sp-d16 -mlittle-endian -mthumb -Oz -I"C:/Users/maxor/workspace_ccstheia/sck2400_firmware" -I"C:/Users/maxor/workspace_ccstheia/sck2400_firmware/Debug" -I"C:/ti/simplelink_cc13xx_cc26xx_sdk_8_32_00_07/source" -I"C:/ti/simplelink_cc13xx_cc26xx_sdk_8_32_00_07/kernel/tirtos7/packages" -I"C:/ti/simplelink_cc13xx_cc26xx_sdk_8_32_00_07/source/ti/posix/ticlang" -gdwarf-3 -march=armv7e-m -MMD -MP -MF"RFQueue.d_raw" -MT"RFQueue.o" -I"C:/Users/maxor/workspace_ccstheia/sck2400_firmware/Debug/syscfg"  @"syscfg/ti_utils_build_compiler.opt"  -o"RFQueue.o" "../RFQueue.c"
14:31:45.207  Finished building: "../RFQueue.c"
14:31:45.212  Arm Compiler - building file: "../ccsds.c"
14:31:45.218  "C:/ti/ti_cgt_arm_llvm_3.2.2.LTS/bin/tiarmclang.exe" -c -mcpu=cortex-m4 -mfloat-abi=hard -mfpu=fpv4-sp-d16 -mlittle-endian -mthumb -Oz -I"C:/Users/maxor/workspace_ccstheia/sck2400_firmware" -I"C:/Users/maxor/workspace_ccstheia/sck2400_firmware/Debug" -I"C:/ti/simplelink_cc13xx_cc26xx_sdk_8_32_00_07/source" -I"C:/ti/simplelink_cc13xx_cc26xx_sdk_8_32_00_07/kernel/tirtos7/packages" -I"C:/ti/simplelink_cc13xx_cc26xx_sdk_8_32_00_07/source/ti/posix/ticlang" -gdwarf-3 -march=armv7e-m -MMD -MP -MF"ccsds.d_raw" -MT"ccsds.o" -I"C:/Users/maxor/workspace_ccstheia/sck2400_firmware/Debug/syscfg"  @"syscfg/ti_utils_build_compiler.opt"  -o"ccsds.o" "../ccsds.c"
14:31:45.229  Finished building: "../ccsds.c"
14:31:45.234  Arm Compiler - building file: "../main_tirtos.c"
14:31:45.239  "C:/ti/ti_cgt_arm_llvm_3.2.2.LTS/bin/tiarmclang.exe" -c -mcpu=cortex-m4 -mfloat-abi=hard -mfpu=fpv4-sp-d16 -mlittle-endian -mthumb -Oz -I"C:/Users/maxor/workspace_ccstheia/sck2400_firmware" -I"C:/Users/maxor/workspace_ccstheia/sck2400_firmware/Debug" -I"C:/ti/simplelink_cc13xx_cc26xx_sdk_8_32_00_07/source" -I"C:/ti/simplelink_cc13xx_cc26xx_sdk_8_32_00_07/kernel/tirtos7/packages" -I"C:/ti/simplelink_cc13xx_cc26xx_sdk_8_32_00_07/source/ti/posix/ticlang" -gdwarf-3 -march=armv7e-m -MMD -MP -MF"main_tirtos.d_raw" -MT"main_tirtos.o" -I"C:/Users/maxor/workspace_ccstheia/sck2400_firmware/Debug/syscfg"  @"syscfg/ti_utils_build_compiler.opt"  -o"main_tirtos.o" "../main_tirtos.c"
14:31:45.254  Finished building: "../main_tirtos.c"
14:31:45.258  Arm Compiler - building file: "../main.c"
14:31:45.263  "C:/ti/ti_cgt_arm_llvm_3.2.2.LTS/bin/tiarmclang.exe" -c -mcpu=cortex-m4 -mfloat-abi=hard -mfpu=fpv4-sp-d16 -mlittle-endian -mthumb -Oz -I"C:/Users/maxor/workspace_ccstheia/sck2400_firmware" -I"C:/Users/maxor/workspace_ccstheia/sck2400_firmware/Debug" -I"C:/ti/simplelink_cc13xx_cc26xx_sdk_8_32_00_07/source" -I"C:/ti/simplelink_cc13xx_cc26xx_sdk_8_32_00_07/kernel/tirtos7/packages" -I"C:/ti/simplelink_cc13xx_cc26xx_sdk_8_32_00_07/source/ti/posix/ticlang" -gdwarf-3 -march=armv7e-m -MMD -MP -MF"main.d_raw" -MT"main.o" -I"C:/Users/maxor/workspace_ccstheia/sck2400_firmware/Debug/syscfg"  @"syscfg/ti_utils_build_compiler.opt"  -o"main.o" "../main.c"
14:31:45.270  Finished building: "../main.c"
14:31:45.274  Arm Compiler - building file: "../oad_image_header_app.c"
14:31:45.278  "C:/ti/ti_cgt_arm_llvm_3.2.2.LTS/bin/tiarmclang.exe" -c -mcpu=cortex-m4 -mfloat-abi=hard -mfpu=fpv4-sp-d16 -mlittle-endian -mthumb -Oz -I"C:/Users/maxor/workspace_ccstheia/sck2400_firmware" -I"C:/Users/maxor/workspace_ccstheia/sck2400_firmware/Debug" -I"C:/ti/simplelink_cc13xx_cc26xx_sdk_8_32_00_07/source" -I"C:/ti/simplelink_cc13xx_cc26xx_sdk_8_32_00_07/kernel/tirtos7/packages" -I"C:/ti/simplelink_cc13xx_cc26xx_sdk_8_32_00_07/source/ti/posix/ticlang" -gdwarf-3 -march=armv7e-m -MMD -MP -MF"oad_image_header_app.d_raw" -MT"oad_image_header_app.o" -I"C:/Users/maxor/workspace_ccstheia/sck2400_firmware/Debug/syscfg"  @"syscfg/ti_utils_build_compiler.opt"  -o"oad_image_header_app.o" "../oad_image_header_app.c"
14:31:45.283  Finished building: "../oad_image_header_app.c"
14:31:45.409  Arm Compiler - building file: "../radio.c"
14:31:45.416  "C:/ti/ti_cgt_arm_llvm_3.2.2.LTS/bin/tiarmclang.exe" -c -mcpu=cortex-m4 -mfloat-abi=hard -mfpu=fpv4-sp-d16 -mlittle-endian -mthumb -Oz -I"C:/Users/maxor/workspace_ccstheia/sck2400_firmware" -I"C:/Users/maxor/workspace_ccstheia/sck2400_firmware/Debug" -I"C:/ti/simplelink_cc13xx_cc26xx_sdk_8_32_00_07/source" -I"C:/ti/simplelink_cc13xx_cc26xx_sdk_8_32_00_07/kernel/tirtos7/packages" -I"C:/ti/simplelink_cc13xx_cc26xx_sdk_8_32_00_07/source/ti/posix/ticlang" -gdwarf-3 -march=armv7e-m -MMD -MP -MF"radio.d_raw" -MT"radio.o" -I"C:/Users/maxor/workspace_ccstheia/sck2400_firmware/Debug/syscfg"  @"syscfg/ti_utils_build_compiler.opt"  -o"radio.o" "../radio.c"
14:31:45.424  Finished building: "../radio.c"
14:31:45.478  Arm Compiler - building file: "syscfg/ti_devices_config.c"
14:31:45.485  "C:/ti/ti_cgt_arm_llvm_3.2.2.LTS/bin/tiarmclang.exe" -c -mcpu=cortex-m4 -mfloat-abi=hard -mfpu=fpv4-sp-d16 -mlittle-endian -mthumb -Oz -I"C:/Users/maxor/workspace_ccstheia/sck2400_firmware" -I"C:/Users/maxor/workspace_ccstheia/sck2400_firmware/Debug" -I"C:/ti/simplelink_cc13xx_cc26xx_sdk_8_32_00_07/source" -I"C:/ti/simplelink_cc13xx_cc26xx_sdk_8_32_00_07/kernel/tirtos7/packages" -I"C:/ti/simplelink_cc13xx_cc26xx_sdk_8_32_00_07/source/ti/posix/ticlang" -gdwarf-3 -march=armv7e-m -MMD -MP -MF"syscfg/ti_devices_config.d_raw" -MT"syscfg/ti_devices_config.o" -I"C:/Users/maxor/workspace_ccstheia/sck2400_firmware/Debug/syscfg"  @"syscfg/ti_utils_build_compiler.opt"  -o"syscfg/ti_devices_config.o" "syscfg/ti_devices_config.c"
14:31:45.509  Finished building: "syscfg/ti_devices_config.c"
14:31:45.514  Arm Compiler - building file: "syscfg/ti_radio_config.c"
14:31:45.520  "C:/ti/ti_cgt_arm_llvm_3.2.2.LTS/bin/tiarmclang.exe" -c -mcpu=cortex-m4 -mfloat-abi=hard -mfpu=fpv4-sp-d16 -mlittle-endian -mthumb -Oz -I"C:/Users/maxor/workspace_ccstheia/sck2400_firmware" -I"C:/Users/maxor/workspace_ccstheia/sck2400_firmware/Debug" -I"C:/ti/simplelink_cc13xx_cc26xx_sdk_8_32_00_07/source" -I"C:/ti/simplelink_cc13xx_cc26xx_sdk_8_32_00_07/kernel/tirtos7/packages" -I"C:/ti/simplelink_cc13xx_cc26xx_sdk_8_32_00_07/source/ti/posix/ticlang" -gdwarf-3 -march=armv7e-m -MMD -MP -MF"syscfg/ti_radio_config.d_raw" -MT"syscfg/ti_radio_config.o" -I"C:/Users/maxor/workspace_ccstheia/sck2400_firmware/Debug/syscfg"  @"syscfg/ti_utils_build_compiler.opt"  -o"syscfg/ti_radio_config.o" "syscfg/ti_radio_config.c"
14:31:45.527  Finished building: "syscfg/ti_radio_config.c"
14:31:45.632  Arm Compiler - building file: "syscfg/ti_drivers_config.c"
14:31:45.639  "C:/ti/ti_cgt_arm_llvm_3.2.2.LTS/bin/tiarmclang.exe" -c -mcpu=cortex-m4 -mfloat-abi=hard -mfpu=fpv4-sp-d16 -mlittle-endian -mthumb -Oz -I"C:/Users/maxor/workspace_ccstheia/sck2400_firmware" -I"C:/Users/maxor/workspace_ccstheia/sck2400_firmware/Debug" -I"C:/ti/simplelink_cc13xx_cc26xx_sdk_8_32_00_07/source" -I"C:/ti/simplelink_cc13xx_cc26xx_sdk_8_32_00_07/kernel/tirtos7/packages" -I"C:/ti/simplelink_cc13xx_cc26xx_sdk_8_32_00_07/source/ti/posix/ticlang" -gdwarf-3 -march=armv7e-m -MMD -MP -MF"syscfg/ti_drivers_config.d_raw" -MT"syscfg/ti_drivers_config.o" -I"C:/Users/maxor/workspace_ccstheia/sck2400_firmware/Debug/syscfg"  @"syscfg/ti_utils_build_compiler.opt"  -o"syscfg/ti_drivers_config.o" "syscfg/ti_drivers_config.c"
14:31:45.647  Finished building: "syscfg/ti_drivers_config.c"
14:31:45.734  Arm Compiler - building file: "../telemetry.c"
14:31:45.741  "C:/ti/ti_cgt_arm_llvm_3.2.2.LTS/bin/tiarmclang.exe" -c -mcpu=cortex-m4 -mfloat-abi=hard -mfpu=fpv4-sp-d16 -mlittle-endian -mthumb -Oz -I"C:/Users/maxor/workspace_ccstheia/sck2400_firmware" -I"C:/Users/maxor/workspace_ccstheia/sck2400_firmware/Debug" -I"C:/ti/simplelink_cc13xx_cc26xx_sdk_8_32_00_07/source" -I"C:/ti/simplelink_cc13xx_cc26xx_sdk_8_32_00_07/kernel/tirtos7/packages" -I"C:/ti/simplelink_cc13xx_cc26xx_sdk_8_32_00_07/source/ti/posix/ticlang" -gdwarf-3 -march=armv7e-m -MMD -MP -MF"telemetry.d_raw" -MT"telemetry.o" -I"C:/Users/maxor/workspace_ccstheia/sck2400_firmware/Debug/syscfg"  @"syscfg/ti_utils_build_compiler.opt"  -o"telemetry.o" "../telemetry.c"
14:31:45.748  Finished building: "../telemetry.c"
14:31:45.811  Arm Compiler - building file: "../uart.c"
14:31:45.816  "C:/ti/ti_cgt_arm_llvm_3.2.2.LTS/bin/tiarmclang.exe" -c -mcpu=cortex-m4 -mfloat-abi=hard -mfpu=fpv4-sp-d16 -mlittle-endian -mthumb -Oz -I"C:/Users/maxor/workspace_ccstheia/sck2400_firmware" -I"C:/Users/maxor/workspace_ccstheia/sck2400_firmware/Debug" -I"C:/ti/simplelink_cc13xx_cc26xx_sdk_8_32_00_07/source" -I"C:/ti/simplelink_cc13xx_cc26xx_sdk_8_32_00_07/kernel/tirtos7/packages" -I"C:/ti/simplelink_cc13xx_cc26xx_sdk_8_32_00_07/source/ti/posix/ticlang" -gdwarf-3 -march=armv7e-m -MMD -MP -MF"uart.d_raw" -MT"uart.o" -I"C:/Users/maxor/workspace_ccstheia/sck2400_firmware/Debug/syscfg"  @"syscfg/ti_utils_build_compiler.opt"  -o"uart.o" "../uart.c"
14:31:45.822  Finished building: "../uart.c"
14:31:46.961  Arm Compiler - building file: "syscfg/ti_sysbios_config.c"
14:31:46.966  "C:/ti/ti_cgt_arm_llvm_3.2.2.LTS/bin/tiarmclang.exe" -c -mcpu=cortex-m4 -mfloat-abi=hard -mfpu=fpv4-sp-d16 -mlittle-endian -mthumb -Oz -I"C:/Users/maxor/workspace_ccstheia/sck2400_firmware" -I"C:/Users/maxor/workspace_ccstheia/sck2400_firmware/Debug" -I"C:/ti/simplelink_cc13xx_cc26xx_sdk_8_32_00_07/source" -I"C:/ti/simplelink_cc13xx_cc26xx_sdk_8_32_00_07/kernel/tirtos7/packages" -I"C:/ti/simplelink_cc13xx_cc26xx_sdk_8_32_00_07/source/ti/posix/ticlang" -gdwarf-3 -march=armv7e-m -MMD -MP -MF"syscfg/ti_sysbios_config.d_raw" -MT"syscfg/ti_sysbios_config.o" -I"C:/Users/maxor/workspace_ccstheia/sck2400_firmware/Debug/syscfg"  @"syscfg/ti_utils_build_compiler.opt"  -o"syscfg/ti_sysbios_config.o" "syscfg/ti_sysbios_config.c"
14:31:46.971  Finished building: "syscfg/ti_sysbios_config.c"
14:31:47.011  Arm Linker - building target: "sck2400_firmware.out"
14:31:47.015  "C:/ti/ti_cgt_arm_llvm_3.2.2.LTS/bin/tiarmclang.exe" -mcpu=cortex-m4 -mfloat-abi=hard -mfpu=fpv4-sp-d16 -mlittle-endian -mthumb -Oz -gdwarf-3 -march=armv7e-m -Wl,-m"sck2400_firmware.map" -Wl,-i"C:/ti/simplelink_cc13xx_cc26xx_sdk_8_32_00_07/source" -Wl,-i"C:/ti/simplelink_cc13xx_cc26xx_sdk_8_32_00_07/kernel/tirtos7/packages" -Wl,-i"C:/Users/maxor/workspace_ccstheia/sck2400_firmware/Debug/syscfg" -Wl,-i"C:/ti/ti_cgt_arm_llvm_3.2.2.LTS/lib" -Wl,--diag_wrap=off -Wl,--display_error_number -Wl,--warn_sections -Wl,--xml_link_info="sck2400_firmware_linkInfo.xml" -Wl,--rom_model -o "sck2400_firmware.out" "./RFQueue.o" "./ccsds.o" "./main.o" "./main_tirtos.o" "./oad_image_header_app.o" "./radio.o" "./syscfg/ti_devices_config.o" "./syscfg/ti_radio_config.o" "./syscfg/ti_drivers_config.o" "./syscfg/ti_sysbios_config.o" "./telemetry.o" "./uart.o" "../cc13x2_cc26x2_tirtos7.cmd"  -Wl,-lti_utils_build_linker.cmd.genlibs -Wl,-llibc.a
14:31:47.540  Finished building target: "sck2400_firmware.out"
14:31:47.593  "C:/ti/ti_cgt_arm_llvm_3.2.2.LTS/bin/tiarmhex" -order MS --memwidth=8 --romwidth=8 --intel -o "sck2400_firmware.hex" "sck2400_firmware"
14:31:47.605  Translating to Intel format...
14:31:47.612  "sck2400_firmware.out" .image_header ==> .image_header
14:31:47.616  "sck2400_firmware.out" .text ==> .text
14:31:47.619  "sck2400_firmware.out" .rodata ==> .rodata
14:31:47.623  "sck2400_firmware.out" .resetVecs ==> .resetVecs
14:31:47.641  "sck2400_firmware.out" .oad_entry_vec ==> .oad_entry_vec
14:31:47.646  "sck2400_firmware.out" .args ==> .args
14:31:47.651  "sck2400_firmware.out" .cinit ==> .cinit
14:31:47.655  "sck2400_firmware.out" .ccfg ==> .ccfg
14:31:47.691  **** Build finished ****
14:31:47.811  # ----------------------------------------
14:31:47.831  # Problem summary for project 'sck2400_firmware': 0 errors, 1 warnings
14:31:47.835  Warning: sck2400.syscfg [CONFIG_SPI_0(/ti/drivers/SPI) spi.csnPin]: Connected to hardware
14:31:47.840  # --------------------------------------------------------------------------------
14:31:47.846  # [Tue Jun 09 14:31:47 CDT 2026]: CCS headless build complete - 0 out of 1 projects have errors
14:31:48.251  ✓ Build succeeded: C:\Users\maxor\workspace_ccstheia\sck2400_firmware\Debug\sck2400_firmware.hex
14:31:48.256    Board: GS Board  (APID 0x010)  APID: 0x010
14:31:48.270  OAD patch: scanning hex for oad_entry_vec...
14:31:48.278  OAD patch: ResetISR = 0x0000B679
14:31:48.281  OAD patch: oad_entry_vec found at 0x0000BE68
14:31:48.286  OAD patch: .prgEntry updated to 0x0000BE68
14:31:48.305  OAD patch: deleted stale oad_image_header_app.o
14:31:48.309  OAD patch: incremental rebuild to bake prgEntry...
14:31:51.674  # ================================================================================
14:31:51.678  # [Tue Jun 09 14:31:51 CDT 2026]: CCS headless build starting...
14:31:53.838  **** Build of configuration 'Debug' for project 'sck2400_firmware' ****
14:31:53.886  "C:\\ti\\ccs2051\\ccs\\utils\\bin\\gmake" -k -j 12 all -r -O
14:31:54.096  Arm Compiler - building file: "../oad_image_header_app.c"
14:31:54.101  "C:/ti/ti_cgt_arm_llvm_3.2.2.LTS/bin/tiarmclang.exe" -c -mcpu=cortex-m4 -mfloat-abi=hard -mfpu=fpv4-sp-d16 -mlittle-endian -mthumb -Oz -I"C:/Users/maxor/workspace_ccstheia/sck2400_firmware" -I"C:/Users/maxor/workspace_ccstheia/sck2400_firmware/Debug" -I"C:/ti/simplelink_cc13xx_cc26xx_sdk_8_32_00_07/source" -I"C:/ti/simplelink_cc13xx_cc26xx_sdk_8_32_00_07/kernel/tirtos7/packages" -I"C:/ti/simplelink_cc13xx_cc26xx_sdk_8_32_00_07/source/ti/posix/ticlang" -gdwarf-3 -march=armv7e-m -MMD -MP -MF"oad_image_header_app.d_raw" -MT"oad_image_header_app.o" -I"C:/Users/maxor/workspace_ccstheia/sck2400_firmware/Debug/syscfg"  @"syscfg/ti_utils_build_compiler.opt"  -o"oad_image_header_app.o" "../oad_image_header_app.c"
14:31:54.107  Finished building: "../oad_image_header_app.c"
14:31:54.150  Arm Linker - building target: "sck2400_firmware.out"
14:31:54.156  "C:/ti/ti_cgt_arm_llvm_3.2.2.LTS/bin/tiarmclang.exe" -mcpu=cortex-m4 -mfloat-abi=hard -mfpu=fpv4-sp-d16 -mlittle-endian -mthumb -Oz -gdwarf-3 -march=armv7e-m -Wl,-m"sck2400_firmware.map" -Wl,-i"C:/ti/simplelink_cc13xx_cc26xx_sdk_8_32_00_07/source" -Wl,-i"C:/ti/simplelink_cc13xx_cc26xx_sdk_8_32_00_07/kernel/tirtos7/packages" -Wl,-i"C:/Users/maxor/workspace_ccstheia/sck2400_firmware/Debug/syscfg" -Wl,-i"C:/ti/ti_cgt_arm_llvm_3.2.2.LTS/lib" -Wl,--diag_wrap=off -Wl,--display_error_number -Wl,--warn_sections -Wl,--xml_link_info="sck2400_firmware_linkInfo.xml" -Wl,--rom_model -o "sck2400_firmware.out" "./RFQueue.o" "./ccsds.o" "./main.o" "./main_tirtos.o" "./oad_image_header_app.o" "./radio.o" "./syscfg/ti_devices_config.o" "./syscfg/ti_radio_config.o" "./syscfg/ti_drivers_config.o" "./syscfg/ti_sysbios_config.o" "./telemetry.o" "./uart.o" "../cc13x2_cc26x2_tirtos7.cmd"  -Wl,-lti_utils_build_linker.cmd.genlibs -Wl,-llibc.a
14:31:54.678  Finished building target: "sck2400_firmware.out"
14:31:54.737  "C:/ti/ti_cgt_arm_llvm_3.2.2.LTS/bin/tiarmhex" -order MS --memwidth=8 --romwidth=8 --intel -o "sck2400_firmware.hex" "sck2400_firmware"
14:31:54.749  Translating to Intel format...
14:31:54.755  "sck2400_firmware.out" .image_header ==> .image_header
14:31:54.760  "sck2400_firmware.out" .text ==> .text
14:31:54.766  "sck2400_firmware.out" .rodata ==> .rodata
14:31:54.770  "sck2400_firmware.out" .resetVecs ==> .resetVecs
14:31:54.785  "sck2400_firmware.out" .oad_entry_vec ==> .oad_entry_vec
14:31:54.789  "sck2400_firmware.out" .args ==> .args
14:31:54.794  "sck2400_firmware.out" .cinit ==> .cinit
14:31:54.798  "sck2400_firmware.out" .ccfg ==> .ccfg
14:31:54.856  **** Build finished ****
14:31:54.907  # ----------------------------------------
14:31:54.924  # Problem summary for project 'sck2400_firmware': 0 errors, 1 warnings
14:31:54.930  Warning: sck2400.syscfg [CONFIG_SPI_0(/ti/drivers/SPI) spi.csnPin]: Connected to hardware
14:31:54.935  # --------------------------------------------------------------------------------
14:31:54.941  # [Tue Jun 09 14:31:54 CDT 2026]: CCS headless build complete - 0 out of 1 projects have errors
14:31:55.247  OAD patch: rebuild OK — prgEntry = 0x0000BE68
14:32:01.932  XDS110 detected: Serial = L4300491
14:32:01.959  ✓ Merged BIM + firmware → C:\Users\maxor\workspace_ccstheia\sck2400_merged.hex
14:32:01.973  ══════════════════════════════════════════════════
14:32:01.977    SCK-2400 Local Flash  →  GS Board  (APID 0x010)
14:32:01.980    XDS110: L4300491
14:32:01.990    HEX: C:\Users\maxor\workspace_ccstheia\sck2400_merged.hex
14:32:01.994  ══════════════════════════════════════════════════
14:32:01.998  srfprog -t soc(XDS-L4300491, CC1352P) -e all -p all -v rb -f "C:\Users\maxor\workspace_ccstheia\sck2400_merged.hex"
14:32:07.514  Texas Instruments SmartRF Flash Programmer 2 v1.8.2-windows
14:32:07.517  -------------------------------------------------------------------------------
14:32:07.521  Connected over 2-pin cJTAG.
14:32:07.541  Reading file: C:\Users\maxor\workspace_ccstheia\sck2400_merged.hex.
14:32:07.544  Start flash erase ...
14:32:07.548  OK
14:32:07.552  Start flash programming ...
14:32:07.556  0%0%4%9%97%99%100%
14:32:07.560  OK
14:32:07.575  Start flash verify ...
14:32:07.580  0%0%
14:32:07.584  Page: 0 verified OK.2%
14:32:07.588  Skip verification of unassigned page: 1.4%
14:32:07.591  Page: 2 verified OK.6%
14:32:07.623  Page: 3 verified OK.9%
14:32:07.626  Page: 4 verified OK.11%
14:32:07.630  Page: 5 verified OK.13%
14:32:07.633  Page: 6 verified OK.15%
14:32:07.636  Skip verification of unassigned page: 7.18%
14:32:07.660  Skip verification of unassigned page: 8.20%
14:32:07.663  Skip verification of unassigned page: 9.22%
14:32:07.667  Skip verification of unassigned page: 10.25%
14:32:07.671  Skip verification of unassigned page: 11.27%
14:32:07.674  Skip verification of unassigned page: 12.29%
14:32:07.678  Skip verification of unassigned page: 13.31%
14:32:07.691  Skip verification of unassigned page: 14.34%
14:32:07.694  Skip verification of unassigned page: 15.36%
14:32:07.697  Skip verification of unassigned page: 16.38%
14:32:07.700  Skip verification of unassigned page: 17.40%
14:32:07.704  Skip verification of unassigned page: 18.43%
14:32:07.709  Skip verification of unassigned page: 19.45%
14:32:07.721  Skip verification of unassigned page: 20.47%
14:32:07.725  Skip verification of unassigned page: 21.50%
14:32:07.728  Skip verification of unassigned page: 22.52%
14:32:07.732  Skip verification of unassigned page: 23.54%
14:32:07.738  Skip verification of unassigned page: 24.56%
14:32:07.758  Skip verification of unassigned page: 25.59%
14:32:07.761  Skip verification of unassigned page: 26.61%
14:32:07.765  Skip verification of unassigned page: 27.63%
14:32:07.768  Skip verification of unassigned page: 28.65%
14:32:07.772  Skip verification of unassigned page: 29.68%
14:32:07.777  Skip verification of unassigned page: 30.70%
14:32:07.788  Skip verification of unassigned page: 31.72%
14:32:07.793  Skip verification of unassigned page: 32.75%
14:32:07.798  Skip verification of unassigned page: 33.77%
14:32:07.802  Skip verification of unassigned page: 34.79%
14:32:07.806  Skip verification of unassigned page: 35.81%
14:32:07.837  Skip verification of unassigned page: 36.84%
14:32:07.841  Skip verification of unassigned page: 37.86%
14:32:07.844  Skip verification of unassigned page: 38.88%
14:32:07.847  Skip verification of unassigned page: 39.90%
14:32:07.851  Skip verification of unassigned page: 40.93%
14:32:07.856  Skip verification of unassigned page: 41.95%
14:32:07.861  Page: 42 verified OK.97%
14:32:07.866  Page: 43 verified OK.100%
14:32:07.871  OK
14:32:07.875  Reset target ...
14:32:07.878  OK
14:32:07.903  ✓ Flash complete — GS Board  (APID 0x010)
14:32:20.901    → TX [0000]  [CCSDS] get_telem seq=15 dest=0x010
14:32:20.931    ← RX  [CCSDS RAW] 08 01 C0 0F 00 1F 0C 00 00 00 00 00 00 00 00 00 00 00 00 00 00 00 00 00 07 00 00 00 00 00 00 00 00 00 A8 04 B8 0C
14:32:20.932    ← RX  tlm_beacon  apid=0x001 seq=15
14:32:20.938    ✓ tlm_beacon received seq=15
14:32:24.943  Serial port closed.
14:32:38.182  Connected: COM8 @ 921600
14:32:46.554    → TX [0000]  [CCSDS] get_telem seq=16 dest=0x011
14:32:46.576    ← RX  [CCSDS RAW] 08 01 C0 10 00 1F 0C 00 00 00 00 00 00 00 00 00 0C 00 00 00 00 00 00 00 07 00 00 00 00 00 00 00 00 00 A4 04 96 0C
14:32:46.583    ← RX  tlm_beacon  apid=0x001 seq=16
14:32:46.595    ✓ tlm_beacon received seq=16
14:32:54.319  RF Power: patched radio.h → TX_POWER = BENCH (0 dBm bench)
14:32:54.322  Board: patched ccsds.h → SCK_APID_THIS_BOARD = 0x011 (Remote 1  (APID 0x011))
14:32:54.332  ══════════════════════════════════════════════════
14:32:54.333    SCK-2400 Build  →  Remote 1  (APID 0x011)
14:32:54.334    SCK_APID_THIS_BOARD = 0x011
14:32:54.335    Build type: full
14:32:54.336  ══════════════════════════════════════════════════
14:32:57.640  # ================================================================================
14:32:57.643  # [Tue Jun 09 14:32:57 CDT 2026]: CCS headless build starting...
14:32:57.784  **** Clean-only build of configuration 'Debug' for project 'sck2400_firmware' ****
14:32:57.850  "C:\\ti\\ccs2051\\ccs\\utils\\bin\\gmake" -k -j 12 clean -r -O
14:32:58.058  DEL /F "syscfg\ti_radio_config.h" "syscfg\ti_drivers_config.h" "syscfg\ti_utils_build_linker.cmd.genlibs" "syscfg\ti_utils_build_linker.cmd.genmap" "syscfg\syscfg_c.rov.xs" "syscfg\ti_sysbios_config.h" "syscfg\ti_devices_config.c" "syscfg\ti_radio_config.c" "syscfg\ti_drivers_config.c" "syscfg\ti_utils_build_compiler.opt" "syscfg\ti_sysbios_config.c" "sck2400_firmware.out"
14:32:58.060  DEL /F "RFQueue.o" "ccsds.o" "main.o" "main_tirtos.o" "oad_image_header_app.o" "radio.o" "syscfg\ti_devices_config.o" "syscfg\ti_radio_config.o" "syscfg\ti_drivers_config.o" "syscfg\ti_sysbios_config.o" "telemetry.o" "uart.o"
14:32:58.061  DEL /F "RFQueue.d" "ccsds.d" "main.d" "main_tirtos.d" "oad_image_header_app.d" "radio.d" "syscfg\ti_devices_config.d" "syscfg\ti_radio_config.d" "syscfg\ti_drivers_config.d" "syscfg\ti_sysbios_config.d" "telemetry.d" "uart.d"
14:32:58.070  RMDIR /S/Q "syscfg"
14:32:58.125  **** Build finished ****
14:33:00.328  **** Build of configuration 'Debug' for project 'sck2400_firmware' ****
14:33:00.344  "C:\\ti\\ccs2051\\ccs\\utils\\bin\\gmake" -k -j 12 all -r -O
14:33:02.358  SysConfig - building file: "../sck2400.syscfg"
14:33:02.368  "C:/ti/sysconfig_1.21.1/sysconfig_cli.bat" -s "C:/ti/simplelink_cc13xx_cc26xx_sdk_8_32_00_07/.metadata/product.json" --script "C:/Users/maxor/workspace_ccstheia/sck2400_firmware/sck2400.syscfg" -o "syscfg" --compiler ticlang
14:33:02.371  Running script...
14:33:02.374  Validating...
14:33:02.377  warning: CONFIG_SPI_0(/ti/drivers/SPI) spi.csnPin: Connected to hardware
14:33:02.381  DIO20/38 is connected to MX25R8035F SPI Flash Chip Select on the CC1352P-2 LaunchPad. Consider selecting it in 'use hardware' above. Using a custom board?
14:33:02.384  0 error(s), 1 warning(s)
14:33:02.387  Generating Code (sck2400.syscfg)...
14:33:02.389  Writing C:\Users\maxor\workspace_ccstheia\sck2400_firmware\Debug\syscfg\ti_devices_config.c...
14:33:02.392  Writing C:\Users\maxor\workspace_ccstheia\sck2400_firmware\Debug\syscfg\ti_radio_config.c...
14:33:02.396  Writing C:\Users\maxor\workspace_ccstheia\sck2400_firmware\Debug\syscfg\ti_radio_config.h...
14:33:02.399  Writing C:\Users\maxor\workspace_ccstheia\sck2400_firmware\Debug\syscfg\ti_drivers_config.c...
14:33:02.404  Writing C:\Users\maxor\workspace_ccstheia\sck2400_firmware\Debug\syscfg\ti_drivers_config.h...
14:33:02.408  Writing C:\Users\maxor\workspace_ccstheia\sck2400_firmware\Debug\syscfg\ti_utils_build_linker.cmd.genlibs...
14:33:02.413  Writing C:\Users\maxor\workspace_ccstheia\sck2400_firmware\Debug\syscfg\ti_utils_build_linker.cmd.genmap...
14:33:02.417  Writing C:\Users\maxor\workspace_ccstheia\sck2400_firmware\Debug\syscfg\ti_utils_build_compiler.opt...
14:33:02.421  Writing C:\Users\maxor\workspace_ccstheia\sck2400_firmware\Debug\syscfg\syscfg_c.rov.xs...
14:33:02.424  Writing C:\Users\maxor\workspace_ccstheia\sck2400_firmware\Debug\syscfg\ti_sysbios_config.h...
14:33:02.428  Writing C:\Users\maxor\workspace_ccstheia\sck2400_firmware\Debug\syscfg\ti_sysbios_config.c...
14:33:02.431  Finished building: "../sck2400.syscfg"
14:33:02.618  Arm Compiler - building file: "../RFQueue.c"
14:33:02.624  "C:/ti/ti_cgt_arm_llvm_3.2.2.LTS/bin/tiarmclang.exe" -c -mcpu=cortex-m4 -mfloat-abi=hard -mfpu=fpv4-sp-d16 -mlittle-endian -mthumb -Oz -I"C:/Users/maxor/workspace_ccstheia/sck2400_firmware" -I"C:/Users/maxor/workspace_ccstheia/sck2400_firmware/Debug" -I"C:/ti/simplelink_cc13xx_cc26xx_sdk_8_32_00_07/source" -I"C:/ti/simplelink_cc13xx_cc26xx_sdk_8_32_00_07/kernel/tirtos7/packages" -I"C:/ti/simplelink_cc13xx_cc26xx_sdk_8_32_00_07/source/ti/posix/ticlang" -gdwarf-3 -march=armv7e-m -MMD -MP -MF"RFQueue.d_raw" -MT"RFQueue.o" -I"C:/Users/maxor/workspace_ccstheia/sck2400_firmware/Debug/syscfg"  @"syscfg/ti_utils_build_compiler.opt"  -o"RFQueue.o" "../RFQueue.c"
14:33:02.629  Finished building: "../RFQueue.c"
14:33:02.633  Arm Compiler - building file: "../ccsds.c"
14:33:02.637  "C:/ti/ti_cgt_arm_llvm_3.2.2.LTS/bin/tiarmclang.exe" -c -mcpu=cortex-m4 -mfloat-abi=hard -mfpu=fpv4-sp-d16 -mlittle-endian -mthumb -Oz -I"C:/Users/maxor/workspace_ccstheia/sck2400_firmware" -I"C:/Users/maxor/workspace_ccstheia/sck2400_firmware/Debug" -I"C:/ti/simplelink_cc13xx_cc26xx_sdk_8_32_00_07/source" -I"C:/ti/simplelink_cc13xx_cc26xx_sdk_8_32_00_07/kernel/tirtos7/packages" -I"C:/ti/simplelink_cc13xx_cc26xx_sdk_8_32_00_07/source/ti/posix/ticlang" -gdwarf-3 -march=armv7e-m -MMD -MP -MF"ccsds.d_raw" -MT"ccsds.o" -I"C:/Users/maxor/workspace_ccstheia/sck2400_firmware/Debug/syscfg"  @"syscfg/ti_utils_build_compiler.opt"  -o"ccsds.o" "../ccsds.c"
14:33:02.642  Finished building: "../ccsds.c"
14:33:02.679  Arm Compiler - building file: "../main.c"
14:33:02.684  "C:/ti/ti_cgt_arm_llvm_3.2.2.LTS/bin/tiarmclang.exe" -c -mcpu=cortex-m4 -mfloat-abi=hard -mfpu=fpv4-sp-d16 -mlittle-endian -mthumb -Oz -I"C:/Users/maxor/workspace_ccstheia/sck2400_firmware" -I"C:/Users/maxor/workspace_ccstheia/sck2400_firmware/Debug" -I"C:/ti/simplelink_cc13xx_cc26xx_sdk_8_32_00_07/source" -I"C:/ti/simplelink_cc13xx_cc26xx_sdk_8_32_00_07/kernel/tirtos7/packages" -I"C:/ti/simplelink_cc13xx_cc26xx_sdk_8_32_00_07/source/ti/posix/ticlang" -gdwarf-3 -march=armv7e-m -MMD -MP -MF"main.d_raw" -MT"main.o" -I"C:/Users/maxor/workspace_ccstheia/sck2400_firmware/Debug/syscfg"  @"syscfg/ti_utils_build_compiler.opt"  -o"main.o" "../main.c"
14:33:02.689  Finished building: "../main.c"
14:33:02.693  Arm Compiler - building file: "../oad_image_header_app.c"
14:33:02.696  "C:/ti/ti_cgt_arm_llvm_3.2.2.LTS/bin/tiarmclang.exe" -c -mcpu=cortex-m4 -mfloat-abi=hard -mfpu=fpv4-sp-d16 -mlittle-endian -mthumb -Oz -I"C:/Users/maxor/workspace_ccstheia/sck2400_firmware" -I"C:/Users/maxor/workspace_ccstheia/sck2400_firmware/Debug" -I"C:/ti/simplelink_cc13xx_cc26xx_sdk_8_32_00_07/source" -I"C:/ti/simplelink_cc13xx_cc26xx_sdk_8_32_00_07/kernel/tirtos7/packages" -I"C:/ti/simplelink_cc13xx_cc26xx_sdk_8_32_00_07/source/ti/posix/ticlang" -gdwarf-3 -march=armv7e-m -MMD -MP -MF"oad_image_header_app.d_raw" -MT"oad_image_header_app.o" -I"C:/Users/maxor/workspace_ccstheia/sck2400_firmware/Debug/syscfg"  @"syscfg/ti_utils_build_compiler.opt"  -o"oad_image_header_app.o" "../oad_image_header_app.c"
14:33:02.700  Finished building: "../oad_image_header_app.c"
14:33:02.705  Arm Compiler - building file: "../main_tirtos.c"
14:33:02.708  "C:/ti/ti_cgt_arm_llvm_3.2.2.LTS/bin/tiarmclang.exe" -c -mcpu=cortex-m4 -mfloat-abi=hard -mfpu=fpv4-sp-d16 -mlittle-endian -mthumb -Oz -I"C:/Users/maxor/workspace_ccstheia/sck2400_firmware" -I"C:/Users/maxor/workspace_ccstheia/sck2400_firmware/Debug" -I"C:/ti/simplelink_cc13xx_cc26xx_sdk_8_32_00_07/source" -I"C:/ti/simplelink_cc13xx_cc26xx_sdk_8_32_00_07/kernel/tirtos7/packages" -I"C:/ti/simplelink_cc13xx_cc26xx_sdk_8_32_00_07/source/ti/posix/ticlang" -gdwarf-3 -march=armv7e-m -MMD -MP -MF"main_tirtos.d_raw" -MT"main_tirtos.o" -I"C:/Users/maxor/workspace_ccstheia/sck2400_firmware/Debug/syscfg"  @"syscfg/ti_utils_build_compiler.opt"  -o"main_tirtos.o" "../main_tirtos.c"
14:33:02.712  Finished building: "../main_tirtos.c"
14:33:02.934  Arm Compiler - building file: "syscfg/ti_devices_config.c"
14:33:02.939  "C:/ti/ti_cgt_arm_llvm_3.2.2.LTS/bin/tiarmclang.exe" -c -mcpu=cortex-m4 -mfloat-abi=hard -mfpu=fpv4-sp-d16 -mlittle-endian -mthumb -Oz -I"C:/Users/maxor/workspace_ccstheia/sck2400_firmware" -I"C:/Users/maxor/workspace_ccstheia/sck2400_firmware/Debug" -I"C:/ti/simplelink_cc13xx_cc26xx_sdk_8_32_00_07/source" -I"C:/ti/simplelink_cc13xx_cc26xx_sdk_8_32_00_07/kernel/tirtos7/packages" -I"C:/ti/simplelink_cc13xx_cc26xx_sdk_8_32_00_07/source/ti/posix/ticlang" -gdwarf-3 -march=armv7e-m -MMD -MP -MF"syscfg/ti_devices_config.d_raw" -MT"syscfg/ti_devices_config.o" -I"C:/Users/maxor/workspace_ccstheia/sck2400_firmware/Debug/syscfg"  @"syscfg/ti_utils_build_compiler.opt"  -o"syscfg/ti_devices_config.o" "syscfg/ti_devices_config.c"
14:33:02.944  Finished building: "syscfg/ti_devices_config.c"
14:33:02.978  Arm Compiler - building file: "syscfg/ti_radio_config.c"
14:33:02.984  "C:/ti/ti_cgt_arm_llvm_3.2.2.LTS/bin/tiarmclang.exe" -c -mcpu=cortex-m4 -mfloat-abi=hard -mfpu=fpv4-sp-d16 -mlittle-endian -mthumb -Oz -I"C:/Users/maxor/workspace_ccstheia/sck2400_firmware" -I"C:/Users/maxor/workspace_ccstheia/sck2400_firmware/Debug" -I"C:/ti/simplelink_cc13xx_cc26xx_sdk_8_32_00_07/source" -I"C:/ti/simplelink_cc13xx_cc26xx_sdk_8_32_00_07/kernel/tirtos7/packages" -I"C:/ti/simplelink_cc13xx_cc26xx_sdk_8_32_00_07/source/ti/posix/ticlang" -gdwarf-3 -march=armv7e-m -MMD -MP -MF"syscfg/ti_radio_config.d_raw" -MT"syscfg/ti_radio_config.o" -I"C:/Users/maxor/workspace_ccstheia/sck2400_firmware/Debug/syscfg"  @"syscfg/ti_utils_build_compiler.opt"  -o"syscfg/ti_radio_config.o" "syscfg/ti_radio_config.c"
14:33:03.001  Finished building: "syscfg/ti_radio_config.c"
14:33:03.006  Arm Compiler - building file: "../radio.c"
14:33:03.010  "C:/ti/ti_cgt_arm_llvm_3.2.2.LTS/bin/tiarmclang.exe" -c -mcpu=cortex-m4 -mfloat-abi=hard -mfpu=fpv4-sp-d16 -mlittle-endian -mthumb -Oz -I"C:/Users/maxor/workspace_ccstheia/sck2400_firmware" -I"C:/Users/maxor/workspace_ccstheia/sck2400_firmware/Debug" -I"C:/ti/simplelink_cc13xx_cc26xx_sdk_8_32_00_07/source" -I"C:/ti/simplelink_cc13xx_cc26xx_sdk_8_32_00_07/kernel/tirtos7/packages" -I"C:/ti/simplelink_cc13xx_cc26xx_sdk_8_32_00_07/source/ti/posix/ticlang" -gdwarf-3 -march=armv7e-m -MMD -MP -MF"radio.d_raw" -MT"radio.o" -I"C:/Users/maxor/workspace_ccstheia/sck2400_firmware/Debug/syscfg"  @"syscfg/ti_utils_build_compiler.opt"  -o"radio.o" "../radio.c"
14:33:03.014  Finished building: "../radio.c"
14:33:03.063  Arm Compiler - building file: "syscfg/ti_drivers_config.c"
14:33:03.067  "C:/ti/ti_cgt_arm_llvm_3.2.2.LTS/bin/tiarmclang.exe" -c -mcpu=cortex-m4 -mfloat-abi=hard -mfpu=fpv4-sp-d16 -mlittle-endian -mthumb -Oz -I"C:/Users/maxor/workspace_ccstheia/sck2400_firmware" -I"C:/Users/maxor/workspace_ccstheia/sck2400_firmware/Debug" -I"C:/ti/simplelink_cc13xx_cc26xx_sdk_8_32_00_07/source" -I"C:/ti/simplelink_cc13xx_cc26xx_sdk_8_32_00_07/kernel/tirtos7/packages" -I"C:/ti/simplelink_cc13xx_cc26xx_sdk_8_32_00_07/source/ti/posix/ticlang" -gdwarf-3 -march=armv7e-m -MMD -MP -MF"syscfg/ti_drivers_config.d_raw" -MT"syscfg/ti_drivers_config.o" -I"C:/Users/maxor/workspace_ccstheia/sck2400_firmware/Debug/syscfg"  @"syscfg/ti_utils_build_compiler.opt"  -o"syscfg/ti_drivers_config.o" "syscfg/ti_drivers_config.c"
14:33:03.074  Finished building: "syscfg/ti_drivers_config.c"
14:33:03.152  Arm Compiler - building file: "../telemetry.c"
14:33:03.156  "C:/ti/ti_cgt_arm_llvm_3.2.2.LTS/bin/tiarmclang.exe" -c -mcpu=cortex-m4 -mfloat-abi=hard -mfpu=fpv4-sp-d16 -mlittle-endian -mthumb -Oz -I"C:/Users/maxor/workspace_ccstheia/sck2400_firmware" -I"C:/Users/maxor/workspace_ccstheia/sck2400_firmware/Debug" -I"C:/ti/simplelink_cc13xx_cc26xx_sdk_8_32_00_07/source" -I"C:/ti/simplelink_cc13xx_cc26xx_sdk_8_32_00_07/kernel/tirtos7/packages" -I"C:/ti/simplelink_cc13xx_cc26xx_sdk_8_32_00_07/source/ti/posix/ticlang" -gdwarf-3 -march=armv7e-m -MMD -MP -MF"telemetry.d_raw" -MT"telemetry.o" -I"C:/Users/maxor/workspace_ccstheia/sck2400_firmware/Debug/syscfg"  @"syscfg/ti_utils_build_compiler.opt"  -o"telemetry.o" "../telemetry.c"
14:33:03.161  Finished building: "../telemetry.c"
14:33:03.260  Arm Compiler - building file: "../uart.c"
14:33:03.266  "C:/ti/ti_cgt_arm_llvm_3.2.2.LTS/bin/tiarmclang.exe" -c -mcpu=cortex-m4 -mfloat-abi=hard -mfpu=fpv4-sp-d16 -mlittle-endian -mthumb -Oz -I"C:/Users/maxor/workspace_ccstheia/sck2400_firmware" -I"C:/Users/maxor/workspace_ccstheia/sck2400_firmware/Debug" -I"C:/ti/simplelink_cc13xx_cc26xx_sdk_8_32_00_07/source" -I"C:/ti/simplelink_cc13xx_cc26xx_sdk_8_32_00_07/kernel/tirtos7/packages" -I"C:/ti/simplelink_cc13xx_cc26xx_sdk_8_32_00_07/source/ti/posix/ticlang" -gdwarf-3 -march=armv7e-m -MMD -MP -MF"uart.d_raw" -MT"uart.o" -I"C:/Users/maxor/workspace_ccstheia/sck2400_firmware/Debug/syscfg"  @"syscfg/ti_utils_build_compiler.opt"  -o"uart.o" "../uart.c"
14:33:03.271  Finished building: "../uart.c"
14:33:04.392  Arm Compiler - building file: "syscfg/ti_sysbios_config.c"
14:33:04.396  "C:/ti/ti_cgt_arm_llvm_3.2.2.LTS/bin/tiarmclang.exe" -c -mcpu=cortex-m4 -mfloat-abi=hard -mfpu=fpv4-sp-d16 -mlittle-endian -mthumb -Oz -I"C:/Users/maxor/workspace_ccstheia/sck2400_firmware" -I"C:/Users/maxor/workspace_ccstheia/sck2400_firmware/Debug" -I"C:/ti/simplelink_cc13xx_cc26xx_sdk_8_32_00_07/source" -I"C:/ti/simplelink_cc13xx_cc26xx_sdk_8_32_00_07/kernel/tirtos7/packages" -I"C:/ti/simplelink_cc13xx_cc26xx_sdk_8_32_00_07/source/ti/posix/ticlang" -gdwarf-3 -march=armv7e-m -MMD -MP -MF"syscfg/ti_sysbios_config.d_raw" -MT"syscfg/ti_sysbios_config.o" -I"C:/Users/maxor/workspace_ccstheia/sck2400_firmware/Debug/syscfg"  @"syscfg/ti_utils_build_compiler.opt"  -o"syscfg/ti_sysbios_config.o" "syscfg/ti_sysbios_config.c"
14:33:04.400  Finished building: "syscfg/ti_sysbios_config.c"
14:33:04.441  Arm Linker - building target: "sck2400_firmware.out"
14:33:04.446  "C:/ti/ti_cgt_arm_llvm_3.2.2.LTS/bin/tiarmclang.exe" -mcpu=cortex-m4 -mfloat-abi=hard -mfpu=fpv4-sp-d16 -mlittle-endian -mthumb -Oz -gdwarf-3 -march=armv7e-m -Wl,-m"sck2400_firmware.map" -Wl,-i"C:/ti/simplelink_cc13xx_cc26xx_sdk_8_32_00_07/source" -Wl,-i"C:/ti/simplelink_cc13xx_cc26xx_sdk_8_32_00_07/kernel/tirtos7/packages" -Wl,-i"C:/Users/maxor/workspace_ccstheia/sck2400_firmware/Debug/syscfg" -Wl,-i"C:/ti/ti_cgt_arm_llvm_3.2.2.LTS/lib" -Wl,--diag_wrap=off -Wl,--display_error_number -Wl,--warn_sections -Wl,--xml_link_info="sck2400_firmware_linkInfo.xml" -Wl,--rom_model -o "sck2400_firmware.out" "./RFQueue.o" "./ccsds.o" "./main.o" "./main_tirtos.o" "./oad_image_header_app.o" "./radio.o" "./syscfg/ti_devices_config.o" "./syscfg/ti_radio_config.o" "./syscfg/ti_drivers_config.o" "./syscfg/ti_sysbios_config.o" "./telemetry.o" "./uart.o" "../cc13x2_cc26x2_tirtos7.cmd"  -Wl,-lti_utils_build_linker.cmd.genlibs -Wl,-llibc.a
14:33:04.968  Finished building target: "sck2400_firmware.out"
14:33:05.020  "C:/ti/ti_cgt_arm_llvm_3.2.2.LTS/bin/tiarmhex" -order MS --memwidth=8 --romwidth=8 --intel -o "sck2400_firmware.hex" "sck2400_firmware"
14:33:05.032  Translating to Intel format...
14:33:05.035  "sck2400_firmware.out" .image_header ==> .image_header
14:33:05.039  "sck2400_firmware.out" .text ==> .text
14:33:05.042  "sck2400_firmware.out" .rodata ==> .rodata
14:33:05.045  "sck2400_firmware.out" .resetVecs ==> .resetVecs
14:33:05.047  "sck2400_firmware.out" .oad_entry_vec ==> .oad_entry_vec
14:33:05.050  "sck2400_firmware.out" .args ==> .args
14:33:05.052  "sck2400_firmware.out" .cinit ==> .cinit
14:33:05.073  "sck2400_firmware.out" .ccfg ==> .ccfg
14:33:05.155  **** Build finished ****
14:33:05.287  # ----------------------------------------
14:33:05.291  # Problem summary for project 'sck2400_firmware': 0 errors, 1 warnings
14:33:05.295  Warning: sck2400.syscfg [CONFIG_SPI_0(/ti/drivers/SPI) spi.csnPin]: Connected to hardware
14:33:05.299  # --------------------------------------------------------------------------------
14:33:05.304  # [Tue Jun 09 14:33:05 CDT 2026]: CCS headless build complete - 0 out of 1 projects have errors
14:33:05.732  ✓ Build succeeded: C:\Users\maxor\workspace_ccstheia\sck2400_firmware\Debug\sck2400_firmware.hex
14:33:05.737    Board: Remote 1  (APID 0x011)  APID: 0x011
14:33:05.740  OAD patch: scanning hex for oad_entry_vec...
14:33:05.746  OAD patch: ResetISR = 0x0000B5F1
14:33:05.749  OAD patch: oad_entry_vec found at 0x0000BDE0
14:33:05.752  OAD patch: .prgEntry updated to 0x0000BDE0
14:33:05.756  OAD patch: deleted stale oad_image_header_app.o
14:33:05.760  OAD patch: incremental rebuild to bake prgEntry...
14:33:09.090  # ================================================================================
14:33:09.120  # [Tue Jun 09 14:33:09 CDT 2026]: CCS headless build starting...
14:33:11.232  **** Build of configuration 'Debug' for project 'sck2400_firmware' ****
14:33:11.278  "C:\\ti\\ccs2051\\ccs\\utils\\bin\\gmake" -k -j 12 all -r -O
14:33:11.478  Arm Compiler - building file: "../oad_image_header_app.c"
14:33:11.482  "C:/ti/ti_cgt_arm_llvm_3.2.2.LTS/bin/tiarmclang.exe" -c -mcpu=cortex-m4 -mfloat-abi=hard -mfpu=fpv4-sp-d16 -mlittle-endian -mthumb -Oz -I"C:/Users/maxor/workspace_ccstheia/sck2400_firmware" -I"C:/Users/maxor/workspace_ccstheia/sck2400_firmware/Debug" -I"C:/ti/simplelink_cc13xx_cc26xx_sdk_8_32_00_07/source" -I"C:/ti/simplelink_cc13xx_cc26xx_sdk_8_32_00_07/kernel/tirtos7/packages" -I"C:/ti/simplelink_cc13xx_cc26xx_sdk_8_32_00_07/source/ti/posix/ticlang" -gdwarf-3 -march=armv7e-m -MMD -MP -MF"oad_image_header_app.d_raw" -MT"oad_image_header_app.o" -I"C:/Users/maxor/workspace_ccstheia/sck2400_firmware/Debug/syscfg"  @"syscfg/ti_utils_build_compiler.opt"  -o"oad_image_header_app.o" "../oad_image_header_app.c"
14:33:11.487  Finished building: "../oad_image_header_app.c"
14:33:11.545  Arm Linker - building target: "sck2400_firmware.out"
14:33:11.549  "C:/ti/ti_cgt_arm_llvm_3.2.2.LTS/bin/tiarmclang.exe" -mcpu=cortex-m4 -mfloat-abi=hard -mfpu=fpv4-sp-d16 -mlittle-endian -mthumb -Oz -gdwarf-3 -march=armv7e-m -Wl,-m"sck2400_firmware.map" -Wl,-i"C:/ti/simplelink_cc13xx_cc26xx_sdk_8_32_00_07/source" -Wl,-i"C:/ti/simplelink_cc13xx_cc26xx_sdk_8_32_00_07/kernel/tirtos7/packages" -Wl,-i"C:/Users/maxor/workspace_ccstheia/sck2400_firmware/Debug/syscfg" -Wl,-i"C:/ti/ti_cgt_arm_llvm_3.2.2.LTS/lib" -Wl,--diag_wrap=off -Wl,--display_error_number -Wl,--warn_sections -Wl,--xml_link_info="sck2400_firmware_linkInfo.xml" -Wl,--rom_model -o "sck2400_firmware.out" "./RFQueue.o" "./ccsds.o" "./main.o" "./main_tirtos.o" "./oad_image_header_app.o" "./radio.o" "./syscfg/ti_devices_config.o" "./syscfg/ti_radio_config.o" "./syscfg/ti_drivers_config.o" "./syscfg/ti_sysbios_config.o" "./telemetry.o" "./uart.o" "../cc13x2_cc26x2_tirtos7.cmd"  -Wl,-lti_utils_build_linker.cmd.genlibs -Wl,-llibc.a
14:33:12.079  Finished building target: "sck2400_firmware.out"
14:33:12.134  "C:/ti/ti_cgt_arm_llvm_3.2.2.LTS/bin/tiarmhex" -order MS --memwidth=8 --romwidth=8 --intel -o "sck2400_firmware.hex" "sck2400_firmware"
14:33:12.148  Translating to Intel format...
14:33:12.154  "sck2400_firmware.out" .image_header ==> .image_header
14:33:12.157  "sck2400_firmware.out" .text ==> .text
14:33:12.161  "sck2400_firmware.out" .rodata ==> .rodata
14:33:12.164  "sck2400_firmware.out" .resetVecs ==> .resetVecs
14:33:12.168  "sck2400_firmware.out" .oad_entry_vec ==> .oad_entry_vec
14:33:12.172  "sck2400_firmware.out" .args ==> .args
14:33:12.175  "sck2400_firmware.out" .cinit ==> .cinit
14:33:12.178  "sck2400_firmware.out" .ccfg ==> .ccfg
14:33:12.234  **** Build finished ****
14:33:12.271  # ----------------------------------------
14:33:12.276  # Problem summary for project 'sck2400_firmware': 0 errors, 1 warnings
14:33:12.280  Warning: sck2400.syscfg [CONFIG_SPI_0(/ti/drivers/SPI) spi.csnPin]: Connected to hardware
14:33:12.284  # --------------------------------------------------------------------------------
14:33:12.309  # [Tue Jun 09 14:33:12 CDT 2026]: CCS headless build complete - 0 out of 1 projects have errors
14:33:12.623  OAD patch: rebuild OK — prgEntry = 0x0000BDE0
14:33:24.547  XDS110 detected: Serial = L43003QX
14:33:24.572  ✓ Merged BIM + firmware → C:\Users\maxor\workspace_ccstheia\sck2400_merged.hex
14:33:24.589  ══════════════════════════════════════════════════
14:33:24.591    SCK-2400 Local Flash  →  Remote 1  (APID 0x011)
14:33:24.594    XDS110: L43003QX
14:33:24.596    HEX: C:\Users\maxor\workspace_ccstheia\sck2400_merged.hex
14:33:24.599  ══════════════════════════════════════════════════
14:33:24.601  srfprog -t soc(XDS-L43003QX, CC1352P) -e all -p all -v rb -f "C:\Users\maxor\workspace_ccstheia\sck2400_merged.hex"
14:33:30.113  Texas Instruments SmartRF Flash Programmer 2 v1.8.2-windows
14:33:30.117  -------------------------------------------------------------------------------
14:33:30.121  Connected over 2-pin cJTAG.
14:33:30.146  Reading file: C:\Users\maxor\workspace_ccstheia\sck2400_merged.hex.
14:33:30.149  Start flash erase ...
14:33:30.151  OK
14:33:30.155  Start flash programming ...
14:33:30.158  0%0%4%9%97%99%100%
14:33:30.161  OK
14:33:30.163  Start flash verify ...
14:33:30.166  0%0%
14:33:30.170  Page: 0 verified OK.2%
14:33:30.172  Skip verification of unassigned page: 1.4%
14:33:30.188  Page: 2 verified OK.6%
14:33:30.191  Page: 3 verified OK.9%
14:33:30.194  Page: 4 verified OK.11%
14:33:30.196  Page: 5 verified OK.13%
14:33:30.198  Page: 6 verified OK.15%
14:33:30.201  Skip verification of unassigned page: 7.18%
14:33:30.204  Skip verification of unassigned page: 8.20%
14:33:30.206  Skip verification of unassigned page: 9.22%
14:33:30.209  Skip verification of unassigned page: 10.25%
14:33:30.211  Skip verification of unassigned page: 11.27%
14:33:30.214  Skip verification of unassigned page: 12.29%
14:33:30.216  Skip verification of unassigned page: 13.31%
14:33:30.220  Skip verification of unassigned page: 14.34%
14:33:30.223  Skip verification of unassigned page: 15.36%
14:33:30.226  Skip verification of unassigned page: 16.38%
14:33:30.230  Skip verification of unassigned page: 17.40%
14:33:30.233  Skip verification of unassigned page: 18.43%
14:33:30.236  Skip verification of unassigned page: 19.45%
14:33:30.238  Skip verification of unassigned page: 20.47%
14:33:30.241  Skip verification of unassigned page: 21.50%
14:33:30.243  Skip verification of unassigned page: 22.52%
14:33:30.246  Skip verification of unassigned page: 23.54%
14:33:30.248  Skip verification of unassigned page: 24.56%
14:33:30.251  Skip verification of unassigned page: 25.59%
14:33:30.268  Skip verification of unassigned page: 26.61%
14:33:30.271  Skip verification of unassigned page: 27.63%
14:33:30.274  Skip verification of unassigned page: 28.65%
14:33:30.276  Skip verification of unassigned page: 29.68%
14:33:30.278  Skip verification of unassigned page: 30.70%
14:33:30.281  Skip verification of unassigned page: 31.72%
14:33:30.283  Skip verification of unassigned page: 32.75%
14:33:30.286  Skip verification of unassigned page: 33.77%
14:33:30.289  Skip verification of unassigned page: 34.79%
14:33:30.291  Skip verification of unassigned page: 35.81%
14:33:30.294  Skip verification of unassigned page: 36.84%
14:33:30.296  Skip verification of unassigned page: 37.86%
14:33:30.299  Skip verification of unassigned page: 38.88%
14:33:30.302  Skip verification of unassigned page: 39.90%
14:33:30.304  Skip verification of unassigned page: 40.93%
14:33:30.307  Skip verification of unassigned page: 41.95%
14:33:30.309  Page: 42 verified OK.97%
14:33:30.312  Page: 43 verified OK.100%
14:33:30.314  OK
14:33:30.317  Reset target ...
14:33:30.319  OK
14:33:30.322  ✓ Flash complete — Remote 1  (APID 0x011)
14:33:35.877    → TX [0000]  [CCSDS] get_telem seq=17 dest=0x011
14:33:35.903    ← RX  [CCSDS RAW] 08 01 C0 11 00 1F 04 00 00 00 00 00 00 00 00 00 00 00 00 00 00 00 00 00 07 00 00 00 00 00 00 00 00 00 A2 04 97 0C
14:33:35.927    ← RX  tlm_beacon  apid=0x001 seq=17
14:33:35.930    ✓ tlm_beacon received seq=17
14:35:08.076  Not connected.
14:35:09.939  Connect failed: Could not find file 'COM8'.
14:35:14.435  Connect failed: Could not find file 'COM12'.
14:35:16.099  Connect failed: Could not find file 'COM12'.
14:35:32.603  Connected: COM12 @ 921600
14:35:35.554    → TX [0000]  [CCSDS] get_telem seq=18 dest=0x011
14:35:37.228    ← RX  [CCSDS RAW] 08 01 C0 12 00 1F 32 00 00 00 00 00 01 00 00 00 00 00 00 00 00 00 00 00 00 00 00 00 00 00 00 00 00 00 A4 04 96 0C
14:35:37.232    ← RX  tlm_beacon  apid=0x001 seq=18
14:35:37.233    ✓ tlm_beacon received seq=18
14:35:44.877    → TX [0000]  [CCSDS] get_telem seq=19 dest=0x010
14:35:44.906    ← RX  [CCSDS RAW] 08 01 C0 13 00 1F 11 00 00 00 00 00 01 00 00 00 01 00 00 00 00 00 00 00 0E 00 00 00 00 00 00 00 00 00 A9 04 B8 0C
14:35:44.907    ← RX  tlm_beacon  apid=0x001 seq=19
14:35:44.919    ✓ tlm_beacon received seq=19
15:02:00.884  SCK Ground Station ready.
15:02:00.906  Log folder: C:\Users\maxor\source\repos\2022_projects\OpenLST_GroundStation\bin\Release\net8.0-windows\Log
15:02:00.907  Flights folder: C:\Users\maxor\source\repos\2022_projects\OpenLST_GroundStation\bin\Release\net8.0-windows\Flights
15:02:22.426  Connected: COM12 @ 921600
15:02:24.656    → TX [0010]  get_telem  (seq=17)
15:02:29.759    ✗ No telem reply
15:02:37.975  Board: SCK-2400 (CCSDS)
15:02:39.881    → TX [0000]  [CCSDS] get_telem seq=2 dest=0x010
15:02:44.909    ✗ No telem reply
15:02:53.473    → TX [0000]  [CCSDS] get_telem seq=3 dest=0x010
15:03:05.577    → TX [0000]  [CCSDS] get_telem seq=4 dest=0x010
15:03:05.607    ← RX  [CCSDS RAW] 08 01 C0 04 00 1F 7A 06 00 00 00 00 01 00 00 00 01 00 00 00 00 00 00 00 1C 00 00 00 00 00 00 00 00 00 A9 04 B9 0C
15:03:05.614    ← RX  tlm_beacon  apid=0x001 seq=4
15:03:05.616    ✓ tlm_beacon received seq=4 from 0x010
15:03:07.592    → TX [0000]  [CCSDS] get_telem seq=5 dest=0x010
15:03:07.617    ← RX  [CCSDS RAW] 08 01 C0 05 00 1F 7C 06 00 00 00 00 01 00 00 00 01 00 00 00 00 00 00 00 23 00 00 00 00 00 00 00 00 00 A8 04 B7 0C
15:03:07.619    ← RX  tlm_beacon  apid=0x001 seq=5
15:03:07.625    ✓ tlm_beacon received seq=5 from 0x010
15:03:09.592    → TX [0000]  [CCSDS] get_telem seq=6 dest=0x010
15:03:09.617    ← RX  [CCSDS RAW] 08 01 C0 06 00 1F 7E 06 00 00 00 00 01 00 00 00 01 00 00 00 00 00 00 00 2A 00 00 00 00 00 00 00 00 00 A9 04 B8 0C
15:03:09.619    ← RX  tlm_beacon  apid=0x001 seq=6
15:03:09.625    ✓ tlm_beacon received seq=6 from 0x010
15:03:11.593    → TX [0000]  [CCSDS] get_telem seq=7 dest=0x010
15:03:11.623    ← RX  [CCSDS RAW] 08 01 C0 07 00 1F 80 06 00 00 00 00 01 00 00 00 01 00 00 00 00 00 00 00 31 00 00 00 00 00 00 00 00 00 A9 04 B8 0C
15:03:11.624    ← RX  tlm_beacon  apid=0x001 seq=7
15:03:11.641    ✓ tlm_beacon received seq=7 from 0x010
15:03:19.985    → TX [0000]  [CCSDS] get_telem seq=8 dest=0x010
15:03:38.664    → TX [0000]  [CCSDS] get_telem seq=9 dest=0x010
15:03:38.694    ← RX  [CCSDS RAW] 08 01 C0 09 00 1F 9B 06 00 00 00 00 01 00 00 00 01 00 00 00 00 00 00 00 3F 00 00 00 00 00 00 00 00 00 A8 04 B7 0C
15:03:38.695    ← RX  tlm_beacon  apid=0x001 seq=9
15:03:38.707    ✓ tlm_beacon received seq=9 from 0x010
15:03:45.377    → TX [0000]  [CCSDS] get_telem seq=10 dest=0x010
15:03:45.404    ← RX  [CCSDS RAW] 08 01 C0 0A 00 1F A1 06 00 00 00 00 01 00 00 00 01 00 00 00 00 00 00 00 46 00 00 00 00 00 00 00 00 00 A9 04 B8 0C
15:03:45.405    ← RX  tlm_beacon  apid=0x001 seq=10
15:03:45.408    ✓ tlm_beacon received seq=10 from 0x010
15:03:52.856    → TX [0000]  [CCSDS] get_telem seq=11 dest=0x011
15:03:55.389    ← RX  [CCSDS RAW] 08 01 C0 0B 00 1F D5 06 00 00 00 00 02 00 00 00 01 00 00 00 00 00 00 00 00 00 00 00 00 00 00 00 00 00 A4 04 97 0C
15:03:55.392    ← RX  tlm_beacon  apid=0x001 seq=11
15:03:55.395    ✓ tlm_beacon received seq=11 from 0x011
