07:57:17.526  SCK Ground Station ready.
07:57:17.564  Log folder: C:\Users\maxor\source\repos\2022_projects\OpenLST_GroundStation\bin\Release\net8.0-windows\Log
07:57:17.566  Flights folder: C:\Users\maxor\source\repos\2022_projects\OpenLST_GroundStation\bin\Release\net8.0-windows\Flights
07:57:26.183  Board: SCK-2400 (CCSDS)
08:20:58.118  Connected: COM12 @ 921600
08:21:00.789    → TX [0000]  [CCSDS] get_telem seq=2 dest=0x010
08:21:01.239    ✓ tlm_beacon received seq=2
08:21:01.483    ← RX  [CCSDS RAW] 08 01 C0 02 00 1F 00 06 00 00 00 00 00 00 00 00 00 00 00 00 00 00 00 00 07 00 00 00 00 00 00 00 00 00 A6 04 BA 0C
08:21:01.571    ← RX  tlm_beacon  apid=0x001 seq=2
08:21:07.749    → TX [0000]  [CCSDS] get_telem seq=3 dest=0x011
08:21:09.893    ← RX  [CCSDS RAW] 08 01 C0 03 00 1F 23 00 00 00 00 00 01 00 00 00 00 00 00 00 00 00 00 00 00 00 00 00 00 00 00 00 00 00 A3 04 96 0C
08:21:09.894    ← RX  tlm_beacon  apid=0x001 seq=3
08:21:09.906    ✓ tlm_beacon received seq=3
10:53:01.649  SCK Ground Station ready.
10:53:01.705  Log folder: C:\Users\maxor\source\repos\2022_projects\OpenLST_GroundStation\bin\Release\net8.0-windows\Log
10:53:01.707  Flights folder: C:\Users\maxor\source\repos\2022_projects\OpenLST_GroundStation\bin\Release\net8.0-windows\Flights
10:53:04.047  Connected: COM12 @ 921600
10:54:05.739  Board: SCK-2400 (CCSDS)
10:54:18.241  RF Power: patched radio.h → TX_POWER = BENCH (0 dBm bench)
10:54:18.249  Board: patched ccsds.h → SCK_APID_THIS_BOARD = 0x010 (GS Board  (APID 0x010))
10:54:18.266  ══════════════════════════════════════════════════
10:54:18.269    SCK-2400 Build  →  GS Board  (APID 0x010)
10:54:18.270    SCK_APID_THIS_BOARD = 0x010
10:54:18.272    Build type: full
10:54:18.273  ══════════════════════════════════════════════════
10:54:21.655  # ================================================================================
10:54:21.658  # [Mon Jun 08 10:54:21 CDT 2026]: CCS headless build starting...
10:54:21.825  **** Clean-only build of configuration 'Debug' for project 'sck2400_firmware' ****
10:54:21.932  "C:\\ti\\ccs2051\\ccs\\utils\\bin\\gmake" -k -j 12 clean -r -O
10:54:22.206  DEL /F "syscfg\ti_radio_config.h" "syscfg\ti_drivers_config.h" "syscfg\ti_utils_build_linker.cmd.genlibs" "syscfg\ti_utils_build_linker.cmd.genmap" "syscfg\syscfg_c.rov.xs" "syscfg\ti_sysbios_config.h" "syscfg\ti_devices_config.c" "syscfg\ti_radio_config.c" "syscfg\ti_drivers_config.c" "syscfg\ti_utils_build_compiler.opt" "syscfg\ti_sysbios_config.c" "sck2400_firmware.out"
10:54:22.209  DEL /F "RFQueue.o" "ccsds.o" "main.o" "main_tirtos.o" "radio.o" "syscfg\ti_devices_config.o" "syscfg\ti_radio_config.o" "syscfg\ti_drivers_config.o" "syscfg\ti_sysbios_config.o" "telemetry.o" "uart.o"
10:54:22.211  DEL /F "RFQueue.d" "ccsds.d" "main.d" "main_tirtos.d" "radio.d" "syscfg\ti_devices_config.d" "syscfg\ti_radio_config.d" "syscfg\ti_drivers_config.d" "syscfg\ti_sysbios_config.d" "telemetry.d" "uart.d"
10:54:22.212  RMDIR /S/Q "syscfg"
10:54:22.258  **** Build finished ****
10:54:24.193  **** Build of configuration 'Debug' for project 'sck2400_firmware' ****
10:54:24.206  "C:\\ti\\ccs2051\\ccs\\utils\\bin\\gmake" -k -j 12 all -r -O
10:54:27.092  SysConfig - building file: "../sck2400.syscfg"
10:54:27.095  "C:/ti/sysconfig_1.21.1/sysconfig_cli.bat" -s "C:/ti/simplelink_cc13xx_cc26xx_sdk_8_32_00_07/.metadata/product.json" --script "C:/Users/maxor/workspace_ccstheia/sck2400_firmware/sck2400.syscfg" -o "syscfg" --compiler ticlang
10:54:27.112  Running script...
10:54:27.115  Validating...
10:54:27.119  warning: CONFIG_SPI_0(/ti/drivers/SPI) spi.csnPin: Connected to hardware
10:54:27.123  DIO20/38 is connected to MX25R8035F SPI Flash Chip Select on the CC1352P-2 LaunchPad. Consider selecting it in 'use hardware' above. Using a custom board?
10:54:27.127  0 error(s), 1 warning(s)
10:54:27.131  Generating Code (sck2400.syscfg)...
10:54:27.134  Writing C:\Users\maxor\workspace_ccstheia\sck2400_firmware\Debug\syscfg\ti_devices_config.c...
10:54:27.137  Writing C:\Users\maxor\workspace_ccstheia\sck2400_firmware\Debug\syscfg\ti_radio_config.c...
10:54:27.141  Writing C:\Users\maxor\workspace_ccstheia\sck2400_firmware\Debug\syscfg\ti_radio_config.h...
10:54:27.144  Writing C:\Users\maxor\workspace_ccstheia\sck2400_firmware\Debug\syscfg\ti_drivers_config.c...
10:54:27.147  Writing C:\Users\maxor\workspace_ccstheia\sck2400_firmware\Debug\syscfg\ti_drivers_config.h...
10:54:27.151  Writing C:\Users\maxor\workspace_ccstheia\sck2400_firmware\Debug\syscfg\ti_utils_build_linker.cmd.genlibs...
10:54:27.155  Writing C:\Users\maxor\workspace_ccstheia\sck2400_firmware\Debug\syscfg\ti_utils_build_linker.cmd.genmap...
10:54:27.159  Writing C:\Users\maxor\workspace_ccstheia\sck2400_firmware\Debug\syscfg\ti_utils_build_compiler.opt...
10:54:27.162  Writing C:\Users\maxor\workspace_ccstheia\sck2400_firmware\Debug\syscfg\syscfg_c.rov.xs...
10:54:27.166  Writing C:\Users\maxor\workspace_ccstheia\sck2400_firmware\Debug\syscfg\ti_sysbios_config.h...
10:54:27.170  Writing C:\Users\maxor\workspace_ccstheia\sck2400_firmware\Debug\syscfg\ti_sysbios_config.c...
10:54:27.173  Finished building: "../sck2400.syscfg"
10:54:27.349  Arm Compiler - building file: "../RFQueue.c"
10:54:27.355  "C:/ti/ti_cgt_arm_llvm_3.2.2.LTS/bin/tiarmclang.exe" -c -mcpu=cortex-m4 -mfloat-abi=hard -mfpu=fpv4-sp-d16 -mlittle-endian -mthumb -Oz -I"C:/Users/maxor/workspace_ccstheia/sck2400_firmware" -I"C:/Users/maxor/workspace_ccstheia/sck2400_firmware/Debug" -I"C:/ti/simplelink_cc13xx_cc26xx_sdk_8_32_00_07/source" -I"C:/ti/simplelink_cc13xx_cc26xx_sdk_8_32_00_07/kernel/tirtos7/packages" -I"C:/ti/simplelink_cc13xx_cc26xx_sdk_8_32_00_07/source/ti/posix/ticlang" -gdwarf-3 -march=armv7e-m -MMD -MP -MF"RFQueue.d_raw" -MT"RFQueue.o" -I"C:/Users/maxor/workspace_ccstheia/sck2400_firmware/Debug/syscfg"  @"syscfg/ti_utils_build_compiler.opt"  -o"RFQueue.o" "../RFQueue.c"
10:54:27.361  Finished building: "../RFQueue.c"
10:54:27.437  Arm Compiler - building file: "../ccsds.c"
10:54:27.442  "C:/ti/ti_cgt_arm_llvm_3.2.2.LTS/bin/tiarmclang.exe" -c -mcpu=cortex-m4 -mfloat-abi=hard -mfpu=fpv4-sp-d16 -mlittle-endian -mthumb -Oz -I"C:/Users/maxor/workspace_ccstheia/sck2400_firmware" -I"C:/Users/maxor/workspace_ccstheia/sck2400_firmware/Debug" -I"C:/ti/simplelink_cc13xx_cc26xx_sdk_8_32_00_07/source" -I"C:/ti/simplelink_cc13xx_cc26xx_sdk_8_32_00_07/kernel/tirtos7/packages" -I"C:/ti/simplelink_cc13xx_cc26xx_sdk_8_32_00_07/source/ti/posix/ticlang" -gdwarf-3 -march=armv7e-m -MMD -MP -MF"ccsds.d_raw" -MT"ccsds.o" -I"C:/Users/maxor/workspace_ccstheia/sck2400_firmware/Debug/syscfg"  @"syscfg/ti_utils_build_compiler.opt"  -o"ccsds.o" "../ccsds.c"
10:54:27.447  Finished building: "../ccsds.c"
10:54:27.490  Arm Compiler - building file: "../main_tirtos.c"
10:54:27.495  "C:/ti/ti_cgt_arm_llvm_3.2.2.LTS/bin/tiarmclang.exe" -c -mcpu=cortex-m4 -mfloat-abi=hard -mfpu=fpv4-sp-d16 -mlittle-endian -mthumb -Oz -I"C:/Users/maxor/workspace_ccstheia/sck2400_firmware" -I"C:/Users/maxor/workspace_ccstheia/sck2400_firmware/Debug" -I"C:/ti/simplelink_cc13xx_cc26xx_sdk_8_32_00_07/source" -I"C:/ti/simplelink_cc13xx_cc26xx_sdk_8_32_00_07/kernel/tirtos7/packages" -I"C:/ti/simplelink_cc13xx_cc26xx_sdk_8_32_00_07/source/ti/posix/ticlang" -gdwarf-3 -march=armv7e-m -MMD -MP -MF"main_tirtos.d_raw" -MT"main_tirtos.o" -I"C:/Users/maxor/workspace_ccstheia/sck2400_firmware/Debug/syscfg"  @"syscfg/ti_utils_build_compiler.opt"  -o"main_tirtos.o" "../main_tirtos.c"
10:54:27.500  Finished building: "../main_tirtos.c"
10:54:27.522  Arm Compiler - building file: "../oad_image_header_app.c"
10:54:27.528  "C:/ti/ti_cgt_arm_llvm_3.2.2.LTS/bin/tiarmclang.exe" -c -mcpu=cortex-m4 -mfloat-abi=hard -mfpu=fpv4-sp-d16 -mlittle-endian -mthumb -Oz -I"C:/Users/maxor/workspace_ccstheia/sck2400_firmware" -I"C:/Users/maxor/workspace_ccstheia/sck2400_firmware/Debug" -I"C:/ti/simplelink_cc13xx_cc26xx_sdk_8_32_00_07/source" -I"C:/ti/simplelink_cc13xx_cc26xx_sdk_8_32_00_07/kernel/tirtos7/packages" -I"C:/ti/simplelink_cc13xx_cc26xx_sdk_8_32_00_07/source/ti/posix/ticlang" -gdwarf-3 -march=armv7e-m -MMD -MP -MF"oad_image_header_app.d_raw" -MT"oad_image_header_app.o" -I"C:/Users/maxor/workspace_ccstheia/sck2400_firmware/Debug/syscfg"  @"syscfg/ti_utils_build_compiler.opt"  -o"oad_image_header_app.o" "../oad_image_header_app.c"
10:54:27.536  ../oad_image_header_app.c:24:9: warning: pragma DATA_SECTION is a legacy TI pragma and not supported in clang compilers. use '__attribute((section("scn_name")))' instead [-Wti-pragmas]
10:54:27.541  #pragma DATA_SECTION(_imgHdr, ".image_header")
10:54:27.545  ^
10:54:27.549  ../oad_image_header_app.c:25:9: warning: pragma RETAIN is a legacy TI pragma and not supported in clang compilers. use '__attribute__((used))' instead [-Wti-pragmas]
10:54:27.553  #pragma RETAIN(_imgHdr)
10:54:27.556  ^
10:54:27.559  ../oad_image_header_app.c:42:34: error: use of undeclared identifier 'ResetISR'
10:54:27.562  .prgEntry   = (uint32_t)&ResetISR,  /* application entry point */
10:54:27.566  ^
10:54:27.571  2 warnings and 1 error generated.
10:54:27.575  Arm Compiler - building file: "../main.c"
10:54:27.578  "C:/ti/ti_cgt_arm_llvm_3.2.2.LTS/bin/tiarmclang.exe" -c -mcpu=cortex-m4 -mfloat-abi=hard -mfpu=fpv4-sp-d16 -mlittle-endian -mthumb -Oz -I"C:/Users/maxor/workspace_ccstheia/sck2400_firmware" -I"C:/Users/maxor/workspace_ccstheia/sck2400_firmware/Debug" -I"C:/ti/simplelink_cc13xx_cc26xx_sdk_8_32_00_07/source" -I"C:/ti/simplelink_cc13xx_cc26xx_sdk_8_32_00_07/kernel/tirtos7/packages" -I"C:/ti/simplelink_cc13xx_cc26xx_sdk_8_32_00_07/source/ti/posix/ticlang" -gdwarf-3 -march=armv7e-m -MMD -MP -MF"main.d_raw" -MT"main.o" -I"C:/Users/maxor/workspace_ccstheia/sck2400_firmware/Debug/syscfg"  @"syscfg/ti_utils_build_compiler.opt"  -o"main.o" "../main.c"
10:54:27.585  Finished building: "../main.c"
10:54:27.843  Arm Compiler - building file: "syscfg/ti_devices_config.c"
10:54:27.852  "C:/ti/ti_cgt_arm_llvm_3.2.2.LTS/bin/tiarmclang.exe" -c -mcpu=cortex-m4 -mfloat-abi=hard -mfpu=fpv4-sp-d16 -mlittle-endian -mthumb -Oz -I"C:/Users/maxor/workspace_ccstheia/sck2400_firmware" -I"C:/Users/maxor/workspace_ccstheia/sck2400_firmware/Debug" -I"C:/ti/simplelink_cc13xx_cc26xx_sdk_8_32_00_07/source" -I"C:/ti/simplelink_cc13xx_cc26xx_sdk_8_32_00_07/kernel/tirtos7/packages" -I"C:/ti/simplelink_cc13xx_cc26xx_sdk_8_32_00_07/source/ti/posix/ticlang" -gdwarf-3 -march=armv7e-m -MMD -MP -MF"syscfg/ti_devices_config.d_raw" -MT"syscfg/ti_devices_config.o" -I"C:/Users/maxor/workspace_ccstheia/sck2400_firmware/Debug/syscfg"  @"syscfg/ti_utils_build_compiler.opt"  -o"syscfg/ti_devices_config.o" "syscfg/ti_devices_config.c"
10:54:27.858  Finished building: "syscfg/ti_devices_config.c"
10:54:27.863  Arm Compiler - building file: "syscfg/ti_radio_config.c"
10:54:27.867  "C:/ti/ti_cgt_arm_llvm_3.2.2.LTS/bin/tiarmclang.exe" -c -mcpu=cortex-m4 -mfloat-abi=hard -mfpu=fpv4-sp-d16 -mlittle-endian -mthumb -Oz -I"C:/Users/maxor/workspace_ccstheia/sck2400_firmware" -I"C:/Users/maxor/workspace_ccstheia/sck2400_firmware/Debug" -I"C:/ti/simplelink_cc13xx_cc26xx_sdk_8_32_00_07/source" -I"C:/ti/simplelink_cc13xx_cc26xx_sdk_8_32_00_07/kernel/tirtos7/packages" -I"C:/ti/simplelink_cc13xx_cc26xx_sdk_8_32_00_07/source/ti/posix/ticlang" -gdwarf-3 -march=armv7e-m -MMD -MP -MF"syscfg/ti_radio_config.d_raw" -MT"syscfg/ti_radio_config.o" -I"C:/Users/maxor/workspace_ccstheia/sck2400_firmware/Debug/syscfg"  @"syscfg/ti_utils_build_compiler.opt"  -o"syscfg/ti_radio_config.o" "syscfg/ti_radio_config.c"
10:54:27.873  Finished building: "syscfg/ti_radio_config.c"
10:54:27.914  Arm Compiler - building file: "../radio.c"
10:54:27.919  "C:/ti/ti_cgt_arm_llvm_3.2.2.LTS/bin/tiarmclang.exe" -c -mcpu=cortex-m4 -mfloat-abi=hard -mfpu=fpv4-sp-d16 -mlittle-endian -mthumb -Oz -I"C:/Users/maxor/workspace_ccstheia/sck2400_firmware" -I"C:/Users/maxor/workspace_ccstheia/sck2400_firmware/Debug" -I"C:/ti/simplelink_cc13xx_cc26xx_sdk_8_32_00_07/source" -I"C:/ti/simplelink_cc13xx_cc26xx_sdk_8_32_00_07/kernel/tirtos7/packages" -I"C:/ti/simplelink_cc13xx_cc26xx_sdk_8_32_00_07/source/ti/posix/ticlang" -gdwarf-3 -march=armv7e-m -MMD -MP -MF"radio.d_raw" -MT"radio.o" -I"C:/Users/maxor/workspace_ccstheia/sck2400_firmware/Debug/syscfg"  @"syscfg/ti_utils_build_compiler.opt"  -o"radio.o" "../radio.c"
10:54:27.924  Finished building: "../radio.c"
10:54:28.005  Arm Compiler - building file: "syscfg/ti_drivers_config.c"
10:54:28.015  "C:/ti/ti_cgt_arm_llvm_3.2.2.LTS/bin/tiarmclang.exe" -c -mcpu=cortex-m4 -mfloat-abi=hard -mfpu=fpv4-sp-d16 -mlittle-endian -mthumb -Oz -I"C:/Users/maxor/workspace_ccstheia/sck2400_firmware" -I"C:/Users/maxor/workspace_ccstheia/sck2400_firmware/Debug" -I"C:/ti/simplelink_cc13xx_cc26xx_sdk_8_32_00_07/source" -I"C:/ti/simplelink_cc13xx_cc26xx_sdk_8_32_00_07/kernel/tirtos7/packages" -I"C:/ti/simplelink_cc13xx_cc26xx_sdk_8_32_00_07/source/ti/posix/ticlang" -gdwarf-3 -march=armv7e-m -MMD -MP -MF"syscfg/ti_drivers_config.d_raw" -MT"syscfg/ti_drivers_config.o" -I"C:/Users/maxor/workspace_ccstheia/sck2400_firmware/Debug/syscfg"  @"syscfg/ti_utils_build_compiler.opt"  -o"syscfg/ti_drivers_config.o" "syscfg/ti_drivers_config.c"
10:54:28.031  Finished building: "syscfg/ti_drivers_config.c"
10:54:28.167  Arm Compiler - building file: "../telemetry.c"
10:54:28.185  "C:/ti/ti_cgt_arm_llvm_3.2.2.LTS/bin/tiarmclang.exe" -c -mcpu=cortex-m4 -mfloat-abi=hard -mfpu=fpv4-sp-d16 -mlittle-endian -mthumb -Oz -I"C:/Users/maxor/workspace_ccstheia/sck2400_firmware" -I"C:/Users/maxor/workspace_ccstheia/sck2400_firmware/Debug" -I"C:/ti/simplelink_cc13xx_cc26xx_sdk_8_32_00_07/source" -I"C:/ti/simplelink_cc13xx_cc26xx_sdk_8_32_00_07/kernel/tirtos7/packages" -I"C:/ti/simplelink_cc13xx_cc26xx_sdk_8_32_00_07/source/ti/posix/ticlang" -gdwarf-3 -march=armv7e-m -MMD -MP -MF"telemetry.d_raw" -MT"telemetry.o" -I"C:/Users/maxor/workspace_ccstheia/sck2400_firmware/Debug/syscfg"  @"syscfg/ti_utils_build_compiler.opt"  -o"telemetry.o" "../telemetry.c"
10:54:28.191  Finished building: "../telemetry.c"
10:54:28.232  Arm Compiler - building file: "../uart.c"
10:54:28.239  "C:/ti/ti_cgt_arm_llvm_3.2.2.LTS/bin/tiarmclang.exe" -c -mcpu=cortex-m4 -mfloat-abi=hard -mfpu=fpv4-sp-d16 -mlittle-endian -mthumb -Oz -I"C:/Users/maxor/workspace_ccstheia/sck2400_firmware" -I"C:/Users/maxor/workspace_ccstheia/sck2400_firmware/Debug" -I"C:/ti/simplelink_cc13xx_cc26xx_sdk_8_32_00_07/source" -I"C:/ti/simplelink_cc13xx_cc26xx_sdk_8_32_00_07/kernel/tirtos7/packages" -I"C:/ti/simplelink_cc13xx_cc26xx_sdk_8_32_00_07/source/ti/posix/ticlang" -gdwarf-3 -march=armv7e-m -MMD -MP -MF"uart.d_raw" -MT"uart.o" -I"C:/Users/maxor/workspace_ccstheia/sck2400_firmware/Debug/syscfg"  @"syscfg/ti_utils_build_compiler.opt"  -o"uart.o" "../uart.c"
10:54:28.247  Finished building: "../uart.c"
10:54:29.350  Arm Compiler - building file: "syscfg/ti_sysbios_config.c"
10:54:29.354  "C:/ti/ti_cgt_arm_llvm_3.2.2.LTS/bin/tiarmclang.exe" -c -mcpu=cortex-m4 -mfloat-abi=hard -mfpu=fpv4-sp-d16 -mlittle-endian -mthumb -Oz -I"C:/Users/maxor/workspace_ccstheia/sck2400_firmware" -I"C:/Users/maxor/workspace_ccstheia/sck2400_firmware/Debug" -I"C:/ti/simplelink_cc13xx_cc26xx_sdk_8_32_00_07/source" -I"C:/ti/simplelink_cc13xx_cc26xx_sdk_8_32_00_07/kernel/tirtos7/packages" -I"C:/ti/simplelink_cc13xx_cc26xx_sdk_8_32_00_07/source/ti/posix/ticlang" -gdwarf-3 -march=armv7e-m -MMD -MP -MF"syscfg/ti_sysbios_config.d_raw" -MT"syscfg/ti_sysbios_config.o" -I"C:/Users/maxor/workspace_ccstheia/sck2400_firmware/Debug/syscfg"  @"syscfg/ti_utils_build_compiler.opt"  -o"syscfg/ti_sysbios_config.o" "syscfg/ti_sysbios_config.c"
10:54:29.358  Finished building: "syscfg/ti_sysbios_config.c"
10:54:29.361  gmake: Target 'all' not remade because of errors.
10:54:29.429  **** Build finished ****
10:54:29.559  # ----------------------------------------
10:54:29.564  # Problem summary for project 'sck2400_firmware': 1 errors, 3 warnings
10:54:29.568  Error: oad_image_header_app.c [line 42]: use of undeclared identifier 'ResetISR'
10:54:29.572  Warning: oad_image_header_app.c [line 24]: pragma DATA_SECTION is a legacy TI pragma and not supported in clang compilers. use '__attribute((section("scn_name")))' instead [-Wti-pragmas]
10:54:29.575  Warning: oad_image_header_app.c [line 25]: pragma RETAIN is a legacy TI pragma and not supported in clang compilers. use '__attribute__((used))' instead [-Wti-pragmas]
10:54:29.579  Warning: sck2400.syscfg [CONFIG_SPI_0(/ti/drivers/SPI) spi.csnPin]: Connected to hardware
10:54:29.583  # --------------------------------------------------------------------------------
10:54:29.586  # [Mon Jun 08 10:54:29 CDT 2026]: CCS headless build complete - 1 out of 1 projects have errors
10:54:30.191  ✗ Build FAILED (exit 1)
10:56:12.159  RF Power: patched radio.h → TX_POWER = BENCH (0 dBm bench)
10:56:12.162  Board: patched ccsds.h → SCK_APID_THIS_BOARD = 0x010 (GS Board  (APID 0x010))
10:56:12.172  ══════════════════════════════════════════════════
10:56:12.180    SCK-2400 Build  →  GS Board  (APID 0x010)
10:56:12.181    SCK_APID_THIS_BOARD = 0x010
10:56:12.183    Build type: full
10:56:12.184  ══════════════════════════════════════════════════
10:56:15.463  # ================================================================================
10:56:15.469  # [Mon Jun 08 10:56:15 CDT 2026]: CCS headless build starting...
10:56:15.610  **** Clean-only build of configuration 'Debug' for project 'sck2400_firmware' ****
10:56:15.671  "C:\\ti\\ccs2051\\ccs\\utils\\bin\\gmake" -k -j 12 clean -r -O
10:56:15.907  DEL /F "syscfg\ti_radio_config.h" "syscfg\ti_drivers_config.h" "syscfg\ti_utils_build_linker.cmd.genlibs" "syscfg\ti_utils_build_linker.cmd.genmap" "syscfg\syscfg_c.rov.xs" "syscfg\ti_sysbios_config.h" "syscfg\ti_devices_config.c" "syscfg\ti_radio_config.c" "syscfg\ti_drivers_config.c" "syscfg\ti_utils_build_compiler.opt" "syscfg\ti_sysbios_config.c" "sck2400_firmware.out"
10:56:15.915  DEL /F "RFQueue.o" "ccsds.o" "main.o" "main_tirtos.o" "oad_image_header_app.o" "radio.o" "syscfg\ti_devices_config.o" "syscfg\ti_radio_config.o" "syscfg\ti_drivers_config.o" "syscfg\ti_sysbios_config.o" "telemetry.o" "uart.o"
10:56:15.916  DEL /F "RFQueue.d" "ccsds.d" "main.d" "main_tirtos.d" "oad_image_header_app.d" "radio.d" "syscfg\ti_devices_config.d" "syscfg\ti_radio_config.d" "syscfg\ti_drivers_config.d" "syscfg\ti_sysbios_config.d" "telemetry.d" "uart.d"
10:56:15.917  RMDIR /S/Q "syscfg"
10:56:15.984  **** Build finished ****
10:56:17.883  **** Build of configuration 'Debug' for project 'sck2400_firmware' ****
10:56:17.893  "C:\\ti\\ccs2051\\ccs\\utils\\bin\\gmake" -k -j 12 all -r -O
10:56:19.860  SysConfig - building file: "../sck2400.syscfg"
10:56:19.862  "C:/ti/sysconfig_1.21.1/sysconfig_cli.bat" -s "C:/ti/simplelink_cc13xx_cc26xx_sdk_8_32_00_07/.metadata/product.json" --script "C:/Users/maxor/workspace_ccstheia/sck2400_firmware/sck2400.syscfg" -o "syscfg" --compiler ticlang
10:56:19.864  Running script...
10:56:19.867  Validating...
10:56:19.868  warning: CONFIG_SPI_0(/ti/drivers/SPI) spi.csnPin: Connected to hardware
10:56:19.879  DIO20/38 is connected to MX25R8035F SPI Flash Chip Select on the CC1352P-2 LaunchPad. Consider selecting it in 'use hardware' above. Using a custom board?
10:56:19.882  0 error(s), 1 warning(s)
10:56:19.885  Generating Code (sck2400.syscfg)...
10:56:19.887  Writing C:\Users\maxor\workspace_ccstheia\sck2400_firmware\Debug\syscfg\ti_devices_config.c...
10:56:19.890  Writing C:\Users\maxor\workspace_ccstheia\sck2400_firmware\Debug\syscfg\ti_radio_config.c...
10:56:19.892  Writing C:\Users\maxor\workspace_ccstheia\sck2400_firmware\Debug\syscfg\ti_radio_config.h...
10:56:19.895  Writing C:\Users\maxor\workspace_ccstheia\sck2400_firmware\Debug\syscfg\ti_drivers_config.c...
10:56:19.898  Writing C:\Users\maxor\workspace_ccstheia\sck2400_firmware\Debug\syscfg\ti_drivers_config.h...
10:56:19.901  Writing C:\Users\maxor\workspace_ccstheia\sck2400_firmware\Debug\syscfg\ti_utils_build_linker.cmd.genlibs...
10:56:19.904  Writing C:\Users\maxor\workspace_ccstheia\sck2400_firmware\Debug\syscfg\ti_utils_build_linker.cmd.genmap...
10:56:19.907  Writing C:\Users\maxor\workspace_ccstheia\sck2400_firmware\Debug\syscfg\ti_utils_build_compiler.opt...
10:56:19.910  Writing C:\Users\maxor\workspace_ccstheia\sck2400_firmware\Debug\syscfg\syscfg_c.rov.xs...
10:56:19.914  Writing C:\Users\maxor\workspace_ccstheia\sck2400_firmware\Debug\syscfg\ti_sysbios_config.h...
10:56:19.917  Writing C:\Users\maxor\workspace_ccstheia\sck2400_firmware\Debug\syscfg\ti_sysbios_config.c...
10:56:19.920  Finished building: "../sck2400.syscfg"
10:56:20.181  Arm Compiler - building file: "../RFQueue.c"
10:56:20.186  "C:/ti/ti_cgt_arm_llvm_3.2.2.LTS/bin/tiarmclang.exe" -c -mcpu=cortex-m4 -mfloat-abi=hard -mfpu=fpv4-sp-d16 -mlittle-endian -mthumb -Oz -I"C:/Users/maxor/workspace_ccstheia/sck2400_firmware" -I"C:/Users/maxor/workspace_ccstheia/sck2400_firmware/Debug" -I"C:/ti/simplelink_cc13xx_cc26xx_sdk_8_32_00_07/source" -I"C:/ti/simplelink_cc13xx_cc26xx_sdk_8_32_00_07/kernel/tirtos7/packages" -I"C:/ti/simplelink_cc13xx_cc26xx_sdk_8_32_00_07/source/ti/posix/ticlang" -gdwarf-3 -march=armv7e-m -MMD -MP -MF"RFQueue.d_raw" -MT"RFQueue.o" -I"C:/Users/maxor/workspace_ccstheia/sck2400_firmware/Debug/syscfg"  @"syscfg/ti_utils_build_compiler.opt"  -o"RFQueue.o" "../RFQueue.c"
10:56:20.191  Finished building: "../RFQueue.c"
10:56:20.208  Arm Compiler - building file: "../ccsds.c"
10:56:20.213  "C:/ti/ti_cgt_arm_llvm_3.2.2.LTS/bin/tiarmclang.exe" -c -mcpu=cortex-m4 -mfloat-abi=hard -mfpu=fpv4-sp-d16 -mlittle-endian -mthumb -Oz -I"C:/Users/maxor/workspace_ccstheia/sck2400_firmware" -I"C:/Users/maxor/workspace_ccstheia/sck2400_firmware/Debug" -I"C:/ti/simplelink_cc13xx_cc26xx_sdk_8_32_00_07/source" -I"C:/ti/simplelink_cc13xx_cc26xx_sdk_8_32_00_07/kernel/tirtos7/packages" -I"C:/ti/simplelink_cc13xx_cc26xx_sdk_8_32_00_07/source/ti/posix/ticlang" -gdwarf-3 -march=armv7e-m -MMD -MP -MF"ccsds.d_raw" -MT"ccsds.o" -I"C:/Users/maxor/workspace_ccstheia/sck2400_firmware/Debug/syscfg"  @"syscfg/ti_utils_build_compiler.opt"  -o"ccsds.o" "../ccsds.c"
10:56:20.219  Finished building: "../ccsds.c"
10:56:20.259  Arm Compiler - building file: "../main.c"
10:56:20.265  "C:/ti/ti_cgt_arm_llvm_3.2.2.LTS/bin/tiarmclang.exe" -c -mcpu=cortex-m4 -mfloat-abi=hard -mfpu=fpv4-sp-d16 -mlittle-endian -mthumb -Oz -I"C:/Users/maxor/workspace_ccstheia/sck2400_firmware" -I"C:/Users/maxor/workspace_ccstheia/sck2400_firmware/Debug" -I"C:/ti/simplelink_cc13xx_cc26xx_sdk_8_32_00_07/source" -I"C:/ti/simplelink_cc13xx_cc26xx_sdk_8_32_00_07/kernel/tirtos7/packages" -I"C:/ti/simplelink_cc13xx_cc26xx_sdk_8_32_00_07/source/ti/posix/ticlang" -gdwarf-3 -march=armv7e-m -MMD -MP -MF"main.d_raw" -MT"main.o" -I"C:/Users/maxor/workspace_ccstheia/sck2400_firmware/Debug/syscfg"  @"syscfg/ti_utils_build_compiler.opt"  -o"main.o" "../main.c"
10:56:20.269  Finished building: "../main.c"
10:56:20.272  Arm Compiler - building file: "../main_tirtos.c"
10:56:20.275  "C:/ti/ti_cgt_arm_llvm_3.2.2.LTS/bin/tiarmclang.exe" -c -mcpu=cortex-m4 -mfloat-abi=hard -mfpu=fpv4-sp-d16 -mlittle-endian -mthumb -Oz -I"C:/Users/maxor/workspace_ccstheia/sck2400_firmware" -I"C:/Users/maxor/workspace_ccstheia/sck2400_firmware/Debug" -I"C:/ti/simplelink_cc13xx_cc26xx_sdk_8_32_00_07/source" -I"C:/ti/simplelink_cc13xx_cc26xx_sdk_8_32_00_07/kernel/tirtos7/packages" -I"C:/ti/simplelink_cc13xx_cc26xx_sdk_8_32_00_07/source/ti/posix/ticlang" -gdwarf-3 -march=armv7e-m -MMD -MP -MF"main_tirtos.d_raw" -MT"main_tirtos.o" -I"C:/Users/maxor/workspace_ccstheia/sck2400_firmware/Debug/syscfg"  @"syscfg/ti_utils_build_compiler.opt"  -o"main_tirtos.o" "../main_tirtos.c"
10:56:20.280  Finished building: "../main_tirtos.c"
10:56:20.287  Arm Compiler - building file: "../oad_image_header_app.c"
10:56:20.291  "C:/ti/ti_cgt_arm_llvm_3.2.2.LTS/bin/tiarmclang.exe" -c -mcpu=cortex-m4 -mfloat-abi=hard -mfpu=fpv4-sp-d16 -mlittle-endian -mthumb -Oz -I"C:/Users/maxor/workspace_ccstheia/sck2400_firmware" -I"C:/Users/maxor/workspace_ccstheia/sck2400_firmware/Debug" -I"C:/ti/simplelink_cc13xx_cc26xx_sdk_8_32_00_07/source" -I"C:/ti/simplelink_cc13xx_cc26xx_sdk_8_32_00_07/kernel/tirtos7/packages" -I"C:/ti/simplelink_cc13xx_cc26xx_sdk_8_32_00_07/source/ti/posix/ticlang" -gdwarf-3 -march=armv7e-m -MMD -MP -MF"oad_image_header_app.d_raw" -MT"oad_image_header_app.o" -I"C:/Users/maxor/workspace_ccstheia/sck2400_firmware/Debug/syscfg"  @"syscfg/ti_utils_build_compiler.opt"  -o"oad_image_header_app.o" "../oad_image_header_app.c"
10:56:20.297  Finished building: "../oad_image_header_app.c"
10:56:20.630  Arm Compiler - building file: "syscfg/ti_devices_config.c"
10:56:20.635  "C:/ti/ti_cgt_arm_llvm_3.2.2.LTS/bin/tiarmclang.exe" -c -mcpu=cortex-m4 -mfloat-abi=hard -mfpu=fpv4-sp-d16 -mlittle-endian -mthumb -Oz -I"C:/Users/maxor/workspace_ccstheia/sck2400_firmware" -I"C:/Users/maxor/workspace_ccstheia/sck2400_firmware/Debug" -I"C:/ti/simplelink_cc13xx_cc26xx_sdk_8_32_00_07/source" -I"C:/ti/simplelink_cc13xx_cc26xx_sdk_8_32_00_07/kernel/tirtos7/packages" -I"C:/ti/simplelink_cc13xx_cc26xx_sdk_8_32_00_07/source/ti/posix/ticlang" -gdwarf-3 -march=armv7e-m -MMD -MP -MF"syscfg/ti_devices_config.d_raw" -MT"syscfg/ti_devices_config.o" -I"C:/Users/maxor/workspace_ccstheia/sck2400_firmware/Debug/syscfg"  @"syscfg/ti_utils_build_compiler.opt"  -o"syscfg/ti_devices_config.o" "syscfg/ti_devices_config.c"
10:56:20.640  Finished building: "syscfg/ti_devices_config.c"
10:56:20.643  Arm Compiler - building file: "syscfg/ti_radio_config.c"
10:56:20.647  "C:/ti/ti_cgt_arm_llvm_3.2.2.LTS/bin/tiarmclang.exe" -c -mcpu=cortex-m4 -mfloat-abi=hard -mfpu=fpv4-sp-d16 -mlittle-endian -mthumb -Oz -I"C:/Users/maxor/workspace_ccstheia/sck2400_firmware" -I"C:/Users/maxor/workspace_ccstheia/sck2400_firmware/Debug" -I"C:/ti/simplelink_cc13xx_cc26xx_sdk_8_32_00_07/source" -I"C:/ti/simplelink_cc13xx_cc26xx_sdk_8_32_00_07/kernel/tirtos7/packages" -I"C:/ti/simplelink_cc13xx_cc26xx_sdk_8_32_00_07/source/ti/posix/ticlang" -gdwarf-3 -march=armv7e-m -MMD -MP -MF"syscfg/ti_radio_config.d_raw" -MT"syscfg/ti_radio_config.o" -I"C:/Users/maxor/workspace_ccstheia/sck2400_firmware/Debug/syscfg"  @"syscfg/ti_utils_build_compiler.opt"  -o"syscfg/ti_radio_config.o" "syscfg/ti_radio_config.c"
10:56:20.651  Finished building: "syscfg/ti_radio_config.c"
10:56:20.660  Arm Compiler - building file: "../radio.c"
10:56:20.666  "C:/ti/ti_cgt_arm_llvm_3.2.2.LTS/bin/tiarmclang.exe" -c -mcpu=cortex-m4 -mfloat-abi=hard -mfpu=fpv4-sp-d16 -mlittle-endian -mthumb -Oz -I"C:/Users/maxor/workspace_ccstheia/sck2400_firmware" -I"C:/Users/maxor/workspace_ccstheia/sck2400_firmware/Debug" -I"C:/ti/simplelink_cc13xx_cc26xx_sdk_8_32_00_07/source" -I"C:/ti/simplelink_cc13xx_cc26xx_sdk_8_32_00_07/kernel/tirtos7/packages" -I"C:/ti/simplelink_cc13xx_cc26xx_sdk_8_32_00_07/source/ti/posix/ticlang" -gdwarf-3 -march=armv7e-m -MMD -MP -MF"radio.d_raw" -MT"radio.o" -I"C:/Users/maxor/workspace_ccstheia/sck2400_firmware/Debug/syscfg"  @"syscfg/ti_utils_build_compiler.opt"  -o"radio.o" "../radio.c"
10:56:20.673  Finished building: "../radio.c"
10:56:20.712  Arm Compiler - building file: "syscfg/ti_drivers_config.c"
10:56:20.716  "C:/ti/ti_cgt_arm_llvm_3.2.2.LTS/bin/tiarmclang.exe" -c -mcpu=cortex-m4 -mfloat-abi=hard -mfpu=fpv4-sp-d16 -mlittle-endian -mthumb -Oz -I"C:/Users/maxor/workspace_ccstheia/sck2400_firmware" -I"C:/Users/maxor/workspace_ccstheia/sck2400_firmware/Debug" -I"C:/ti/simplelink_cc13xx_cc26xx_sdk_8_32_00_07/source" -I"C:/ti/simplelink_cc13xx_cc26xx_sdk_8_32_00_07/kernel/tirtos7/packages" -I"C:/ti/simplelink_cc13xx_cc26xx_sdk_8_32_00_07/source/ti/posix/ticlang" -gdwarf-3 -march=armv7e-m -MMD -MP -MF"syscfg/ti_drivers_config.d_raw" -MT"syscfg/ti_drivers_config.o" -I"C:/Users/maxor/workspace_ccstheia/sck2400_firmware/Debug/syscfg"  @"syscfg/ti_utils_build_compiler.opt"  -o"syscfg/ti_drivers_config.o" "syscfg/ti_drivers_config.c"
10:56:20.722  Finished building: "syscfg/ti_drivers_config.c"
10:56:20.794  Arm Compiler - building file: "../telemetry.c"
10:56:20.801  "C:/ti/ti_cgt_arm_llvm_3.2.2.LTS/bin/tiarmclang.exe" -c -mcpu=cortex-m4 -mfloat-abi=hard -mfpu=fpv4-sp-d16 -mlittle-endian -mthumb -Oz -I"C:/Users/maxor/workspace_ccstheia/sck2400_firmware" -I"C:/Users/maxor/workspace_ccstheia/sck2400_firmware/Debug" -I"C:/ti/simplelink_cc13xx_cc26xx_sdk_8_32_00_07/source" -I"C:/ti/simplelink_cc13xx_cc26xx_sdk_8_32_00_07/kernel/tirtos7/packages" -I"C:/ti/simplelink_cc13xx_cc26xx_sdk_8_32_00_07/source/ti/posix/ticlang" -gdwarf-3 -march=armv7e-m -MMD -MP -MF"telemetry.d_raw" -MT"telemetry.o" -I"C:/Users/maxor/workspace_ccstheia/sck2400_firmware/Debug/syscfg"  @"syscfg/ti_utils_build_compiler.opt"  -o"telemetry.o" "../telemetry.c"
10:56:20.807  Finished building: "../telemetry.c"
10:56:20.957  Arm Compiler - building file: "../uart.c"
10:56:20.961  "C:/ti/ti_cgt_arm_llvm_3.2.2.LTS/bin/tiarmclang.exe" -c -mcpu=cortex-m4 -mfloat-abi=hard -mfpu=fpv4-sp-d16 -mlittle-endian -mthumb -Oz -I"C:/Users/maxor/workspace_ccstheia/sck2400_firmware" -I"C:/Users/maxor/workspace_ccstheia/sck2400_firmware/Debug" -I"C:/ti/simplelink_cc13xx_cc26xx_sdk_8_32_00_07/source" -I"C:/ti/simplelink_cc13xx_cc26xx_sdk_8_32_00_07/kernel/tirtos7/packages" -I"C:/ti/simplelink_cc13xx_cc26xx_sdk_8_32_00_07/source/ti/posix/ticlang" -gdwarf-3 -march=armv7e-m -MMD -MP -MF"uart.d_raw" -MT"uart.o" -I"C:/Users/maxor/workspace_ccstheia/sck2400_firmware/Debug/syscfg"  @"syscfg/ti_utils_build_compiler.opt"  -o"uart.o" "../uart.c"
10:56:20.965  Finished building: "../uart.c"
10:56:22.008  Arm Compiler - building file: "syscfg/ti_sysbios_config.c"
10:56:22.011  "C:/ti/ti_cgt_arm_llvm_3.2.2.LTS/bin/tiarmclang.exe" -c -mcpu=cortex-m4 -mfloat-abi=hard -mfpu=fpv4-sp-d16 -mlittle-endian -mthumb -Oz -I"C:/Users/maxor/workspace_ccstheia/sck2400_firmware" -I"C:/Users/maxor/workspace_ccstheia/sck2400_firmware/Debug" -I"C:/ti/simplelink_cc13xx_cc26xx_sdk_8_32_00_07/source" -I"C:/ti/simplelink_cc13xx_cc26xx_sdk_8_32_00_07/kernel/tirtos7/packages" -I"C:/ti/simplelink_cc13xx_cc26xx_sdk_8_32_00_07/source/ti/posix/ticlang" -gdwarf-3 -march=armv7e-m -MMD -MP -MF"syscfg/ti_sysbios_config.d_raw" -MT"syscfg/ti_sysbios_config.o" -I"C:/Users/maxor/workspace_ccstheia/sck2400_firmware/Debug/syscfg"  @"syscfg/ti_utils_build_compiler.opt"  -o"syscfg/ti_sysbios_config.o" "syscfg/ti_sysbios_config.c"
10:56:22.015  Finished building: "syscfg/ti_sysbios_config.c"
10:56:22.067  Arm Linker - building target: "sck2400_firmware.out"
10:56:22.070  "C:/ti/ti_cgt_arm_llvm_3.2.2.LTS/bin/tiarmclang.exe" -mcpu=cortex-m4 -mfloat-abi=hard -mfpu=fpv4-sp-d16 -mlittle-endian -mthumb -Oz -gdwarf-3 -march=armv7e-m -Wl,-m"sck2400_firmware.map" -Wl,-i"C:/ti/simplelink_cc13xx_cc26xx_sdk_8_32_00_07/source" -Wl,-i"C:/ti/simplelink_cc13xx_cc26xx_sdk_8_32_00_07/kernel/tirtos7/packages" -Wl,-i"C:/Users/maxor/workspace_ccstheia/sck2400_firmware/Debug/syscfg" -Wl,-i"C:/ti/ti_cgt_arm_llvm_3.2.2.LTS/lib" -Wl,--diag_wrap=off -Wl,--display_error_number -Wl,--warn_sections -Wl,--xml_link_info="sck2400_firmware_linkInfo.xml" -Wl,--rom_model -o "sck2400_firmware.out" "./RFQueue.o" "./ccsds.o" "./main.o" "./main_tirtos.o" "./oad_image_header_app.o" "./radio.o" "./syscfg/ti_devices_config.o" "./syscfg/ti_radio_config.o" "./syscfg/ti_drivers_config.o" "./syscfg/ti_sysbios_config.o" "./telemetry.o" "./uart.o" "../cc13x2_cc26x2_tirtos7.cmd" "../cc13x2_cc26x2_tirtos7_original.cmd"  -Wl,-lti_utils_build_linker.cmd.genlibs -Wl,-llibc.a
10:56:22.502  "../cc13x2_cc26x2_tirtos7_original.cmd", line 78: error #10263: FLASH memory range has already been specified
10:56:22.510  "../cc13x2_cc26x2_tirtos7_original.cmd", line 78: error #10264: FLASH memory range overlaps existing memory range FLASH
10:56:22.515  "../cc13x2_cc26x2_tirtos7_original.cmd", line 80: error #10263: SRAM memory range has already been specified
10:56:22.519  "../cc13x2_cc26x2_tirtos7_original.cmd", line 80: error #10264: SRAM memory range overlaps existing memory range SRAM
10:56:22.522  "../cc13x2_cc26x2_tirtos7_original.cmd", line 83: error #10263: GPRAM memory range has already been specified
10:56:22.524  "../cc13x2_cc26x2_tirtos7_original.cmd", line 83: error #10264: GPRAM memory range overlaps existing memory range GPRAM
10:56:22.527  "../cc13x2_cc26x2_tirtos7_original.cmd", line 91: error #10263: LOG_DATA memory range has already been specified
10:56:22.530  "../cc13x2_cc26x2_tirtos7_original.cmd", line 91: error #10264: LOG_DATA memory range overlaps existing memory range LOG_DATA
10:56:22.533  "../cc13x2_cc26x2_tirtos7_original.cmd", line 92: error #10263: LOG_PTR memory range has already been specified
10:56:22.536  "../cc13x2_cc26x2_tirtos7_original.cmd", line 92: error #10264: LOG_PTR memory range overlaps existing memory range LOG_PTR
10:56:22.540  error #10057: symbol "__TI_STACK_SIZE" has conflicting mappings (previously mapped to "__STACK_SIZE")
10:56:22.542  error #10057: symbol "__TI_STACK_BASE" has conflicting mappings (previously mapped to "__stack")
10:56:22.545  "../cc13x2_cc26x2_tirtos7_original.cmd", line 35: warning #10190-D: absolute symbol "HEAPSIZE" being redefined
10:56:22.548  "../cc13x2_cc26x2_tirtos7_original.cmd", line 119: warning #10190-D: absolute symbol "__primary_heap_start__" being redefined
10:56:22.550  "../cc13x2_cc26x2_tirtos7_original.cmd", line 121: warning #10190-D: absolute symbol "__primary_heap_end__" being redefined
10:56:22.553  "../cc13x2_cc26x2_tirtos7_original.cmd", line 119: warning #10190-D: absolute symbol "__primary_heap_start__" being redefined
10:56:22.555  "../cc13x2_cc26x2_tirtos7_original.cmd", line 121: warning #10190-D: absolute symbol "__primary_heap_end__" being redefined
10:56:22.558  "../cc13x2_cc26x2_tirtos7_original.cmd", line 119: warning #10190-D: absolute symbol "__primary_heap_start__" being redefined
10:56:22.560  "../cc13x2_cc26x2_tirtos7_original.cmd", line 121: warning #10190-D: absolute symbol "__primary_heap_end__" being redefined
10:56:22.563  error #10010: errors encountered during linking; "sck2400_firmware.out" not built
10:56:22.597  **** Build finished ****
10:56:22.698  # ----------------------------------------
10:56:22.703  # Problem summary for project 'sck2400_firmware': 13 errors, 4 warnings
10:56:22.719  Error: #10057: symbol "__TI_STACK_SIZE" has conflicting mappings (previously mapped to "__STACK_SIZE")
10:56:22.722  Error: #10057: symbol "__TI_STACK_BASE" has conflicting mappings (previously mapped to "__stack")
10:56:22.725  Error: #10010: errors encountered during linking; "sck2400_firmware.out" not built
10:56:22.728  Error: cc13x2_cc26x2_tirtos7_original.cmd [line 78]: #10263: FLASH memory range has already been specified
10:56:22.731  Error: cc13x2_cc26x2_tirtos7_original.cmd [line 78]: #10264: FLASH memory range overlaps existing memory range FLASH
10:56:22.734  Error: cc13x2_cc26x2_tirtos7_original.cmd [line 80]: #10263: SRAM memory range has already been specified
10:56:22.738  Error: cc13x2_cc26x2_tirtos7_original.cmd [line 80]: #10264: SRAM memory range overlaps existing memory range SRAM
10:56:22.741  Error: cc13x2_cc26x2_tirtos7_original.cmd [line 83]: #10263: GPRAM memory range has already been specified
10:56:22.745  Error: cc13x2_cc26x2_tirtos7_original.cmd [line 83]: #10264: GPRAM memory range overlaps existing memory range GPRAM
10:56:22.749  Error: cc13x2_cc26x2_tirtos7_original.cmd [line 91]: #10263: LOG_DATA memory range has already been specified
10:56:22.752  Error: cc13x2_cc26x2_tirtos7_original.cmd [line 91]: #10264: LOG_DATA memory range overlaps existing memory range LOG_DATA
10:56:22.767  Error: cc13x2_cc26x2_tirtos7_original.cmd [line 92]: #10263: LOG_PTR memory range has already been specified
10:56:22.770  Error: cc13x2_cc26x2_tirtos7_original.cmd [line 92]: #10264: LOG_PTR memory range overlaps existing memory range LOG_PTR
10:56:22.773  Warning: cc13x2_cc26x2_tirtos7_original.cmd [line 35]: #10190-D: absolute symbol "HEAPSIZE" being redefined
10:56:22.777  Warning: cc13x2_cc26x2_tirtos7_original.cmd [line 119]: #10190-D: absolute symbol "__primary_heap_start__" being redefined
10:56:22.781  Warning: cc13x2_cc26x2_tirtos7_original.cmd [line 121]: #10190-D: absolute symbol "__primary_heap_end__" being redefined
10:56:22.784  Warning: sck2400.syscfg [CONFIG_SPI_0(/ti/drivers/SPI) spi.csnPin]: Connected to hardware
10:56:22.787  # --------------------------------------------------------------------------------
10:56:22.791  # [Mon Jun 08 10:56:22 CDT 2026]: CCS headless build complete - 1 out of 1 projects have errors
10:56:23.076  ✗ Build FAILED (exit 1)
18:03:27.599  RF Power: patched radio.h → TX_POWER = BENCH (0 dBm bench)
18:03:27.608  Board: patched ccsds.h → SCK_APID_THIS_BOARD = 0x010 (GS Board  (APID 0x010))
18:03:27.621  ══════════════════════════════════════════════════
18:03:27.624    SCK-2400 Build  →  GS Board  (APID 0x010)
18:03:27.628    SCK_APID_THIS_BOARD = 0x010
18:03:27.631    Build type: full
18:03:27.634  ══════════════════════════════════════════════════
18:03:35.030  # ================================================================================
18:03:35.035  # [Mon Jun 08 18:03:35 CDT 2026]: CCS headless build starting...
18:03:35.438  **** Clean-only build of configuration 'Debug' for project 'sck2400_firmware' ****
18:03:35.528  "C:\\ti\\ccs2051\\ccs\\utils\\bin\\gmake" -k -j 12 clean -r -O
18:03:35.831  DEL /F "syscfg\ti_radio_config.h" "syscfg\ti_drivers_config.h" "syscfg\ti_utils_build_linker.cmd.genlibs" "syscfg\ti_utils_build_linker.cmd.genmap" "syscfg\syscfg_c.rov.xs" "syscfg\ti_sysbios_config.h" "syscfg\ti_devices_config.c" "syscfg\ti_radio_config.c" "syscfg\ti_drivers_config.c" "syscfg\ti_utils_build_compiler.opt" "syscfg\ti_sysbios_config.c" "sck2400_firmware.out"
18:03:35.837  DEL /F "RFQueue.o" "ccsds.o" "main.o" "main_tirtos.o" "oad_image_header_app.o" "radio.o" "syscfg\ti_devices_config.o" "syscfg\ti_radio_config.o" "syscfg\ti_drivers_config.o" "syscfg\ti_sysbios_config.o" "telemetry.o" "uart.o"
18:03:35.840  DEL /F "RFQueue.d" "ccsds.d" "main.d" "main_tirtos.d" "oad_image_header_app.d" "radio.d" "syscfg\ti_devices_config.d" "syscfg\ti_radio_config.d" "syscfg\ti_drivers_config.d" "syscfg\ti_sysbios_config.d" "telemetry.d" "uart.d"
18:03:35.844  RMDIR /S/Q "syscfg"
18:03:35.931  **** Build finished ****
18:03:40.090  **** Build of configuration 'Debug' for project 'sck2400_firmware' ****
18:03:40.101  "C:\\ti\\ccs2051\\ccs\\utils\\bin\\gmake" -k -j 12 all -r -O
18:03:42.760  SysConfig - building file: "../sck2400.syscfg"
18:03:42.774  "C:/ti/sysconfig_1.21.1/sysconfig_cli.bat" -s "C:/ti/simplelink_cc13xx_cc26xx_sdk_8_32_00_07/.metadata/product.json" --script "C:/Users/maxor/workspace_ccstheia/sck2400_firmware/sck2400.syscfg" -o "syscfg" --compiler ticlang
18:03:42.780  Running script...
18:03:42.785  Validating...
18:03:42.788  warning: CONFIG_SPI_0(/ti/drivers/SPI) spi.csnPin: Connected to hardware
18:03:42.791  DIO20/38 is connected to MX25R8035F SPI Flash Chip Select on the CC1352P-2 LaunchPad. Consider selecting it in 'use hardware' above. Using a custom board?
18:03:42.795  0 error(s), 1 warning(s)
18:03:42.806  Generating Code (sck2400.syscfg)...
18:03:42.809  Writing C:\Users\maxor\workspace_ccstheia\sck2400_firmware\Debug\syscfg\ti_devices_config.c...
18:03:42.814  Writing C:\Users\maxor\workspace_ccstheia\sck2400_firmware\Debug\syscfg\ti_radio_config.c...
18:03:42.818  Writing C:\Users\maxor\workspace_ccstheia\sck2400_firmware\Debug\syscfg\ti_radio_config.h...
18:03:42.821  Writing C:\Users\maxor\workspace_ccstheia\sck2400_firmware\Debug\syscfg\ti_drivers_config.c...
18:03:42.825  Writing C:\Users\maxor\workspace_ccstheia\sck2400_firmware\Debug\syscfg\ti_drivers_config.h...
18:03:42.828  Writing C:\Users\maxor\workspace_ccstheia\sck2400_firmware\Debug\syscfg\ti_utils_build_linker.cmd.genlibs...
18:03:42.832  Writing C:\Users\maxor\workspace_ccstheia\sck2400_firmware\Debug\syscfg\ti_utils_build_linker.cmd.genmap...
18:03:42.835  Writing C:\Users\maxor\workspace_ccstheia\sck2400_firmware\Debug\syscfg\ti_utils_build_compiler.opt...
18:03:42.838  Writing C:\Users\maxor\workspace_ccstheia\sck2400_firmware\Debug\syscfg\syscfg_c.rov.xs...
18:03:42.841  Writing C:\Users\maxor\workspace_ccstheia\sck2400_firmware\Debug\syscfg\ti_sysbios_config.h...
18:03:42.846  Writing C:\Users\maxor\workspace_ccstheia\sck2400_firmware\Debug\syscfg\ti_sysbios_config.c...
18:03:42.850  Finished building: "../sck2400.syscfg"
18:03:43.327  Arm Compiler - building file: "../RFQueue.c"
18:03:43.334  "C:/ti/ti_cgt_arm_llvm_3.2.2.LTS/bin/tiarmclang.exe" -c -mcpu=cortex-m4 -mfloat-abi=hard -mfpu=fpv4-sp-d16 -mlittle-endian -mthumb -Oz -I"C:/Users/maxor/workspace_ccstheia/sck2400_firmware" -I"C:/Users/maxor/workspace_ccstheia/sck2400_firmware/Debug" -I"C:/ti/simplelink_cc13xx_cc26xx_sdk_8_32_00_07/source" -I"C:/ti/simplelink_cc13xx_cc26xx_sdk_8_32_00_07/kernel/tirtos7/packages" -I"C:/ti/simplelink_cc13xx_cc26xx_sdk_8_32_00_07/source/ti/posix/ticlang" -gdwarf-3 -march=armv7e-m -MMD -MP -MF"RFQueue.d_raw" -MT"RFQueue.o" -I"C:/Users/maxor/workspace_ccstheia/sck2400_firmware/Debug/syscfg"  @"syscfg/ti_utils_build_compiler.opt"  -o"RFQueue.o" "../RFQueue.c"
18:03:43.338  Finished building: "../RFQueue.c"
18:03:43.342  Arm Compiler - building file: "../ccsds.c"
18:03:43.347  "C:/ti/ti_cgt_arm_llvm_3.2.2.LTS/bin/tiarmclang.exe" -c -mcpu=cortex-m4 -mfloat-abi=hard -mfpu=fpv4-sp-d16 -mlittle-endian -mthumb -Oz -I"C:/Users/maxor/workspace_ccstheia/sck2400_firmware" -I"C:/Users/maxor/workspace_ccstheia/sck2400_firmware/Debug" -I"C:/ti/simplelink_cc13xx_cc26xx_sdk_8_32_00_07/source" -I"C:/ti/simplelink_cc13xx_cc26xx_sdk_8_32_00_07/kernel/tirtos7/packages" -I"C:/ti/simplelink_cc13xx_cc26xx_sdk_8_32_00_07/source/ti/posix/ticlang" -gdwarf-3 -march=armv7e-m -MMD -MP -MF"ccsds.d_raw" -MT"ccsds.o" -I"C:/Users/maxor/workspace_ccstheia/sck2400_firmware/Debug/syscfg"  @"syscfg/ti_utils_build_compiler.opt"  -o"ccsds.o" "../ccsds.c"
18:03:43.351  Finished building: "../ccsds.c"
18:03:43.357  Arm Compiler - building file: "../main_tirtos.c"
18:03:43.363  "C:/ti/ti_cgt_arm_llvm_3.2.2.LTS/bin/tiarmclang.exe" -c -mcpu=cortex-m4 -mfloat-abi=hard -mfpu=fpv4-sp-d16 -mlittle-endian -mthumb -Oz -I"C:/Users/maxor/workspace_ccstheia/sck2400_firmware" -I"C:/Users/maxor/workspace_ccstheia/sck2400_firmware/Debug" -I"C:/ti/simplelink_cc13xx_cc26xx_sdk_8_32_00_07/source" -I"C:/ti/simplelink_cc13xx_cc26xx_sdk_8_32_00_07/kernel/tirtos7/packages" -I"C:/ti/simplelink_cc13xx_cc26xx_sdk_8_32_00_07/source/ti/posix/ticlang" -gdwarf-3 -march=armv7e-m -MMD -MP -MF"main_tirtos.d_raw" -MT"main_tirtos.o" -I"C:/Users/maxor/workspace_ccstheia/sck2400_firmware/Debug/syscfg"  @"syscfg/ti_utils_build_compiler.opt"  -o"main_tirtos.o" "../main_tirtos.c"
18:03:43.370  Finished building: "../main_tirtos.c"
18:03:43.375  Arm Compiler - building file: "../main.c"
18:03:43.379  "C:/ti/ti_cgt_arm_llvm_3.2.2.LTS/bin/tiarmclang.exe" -c -mcpu=cortex-m4 -mfloat-abi=hard -mfpu=fpv4-sp-d16 -mlittle-endian -mthumb -Oz -I"C:/Users/maxor/workspace_ccstheia/sck2400_firmware" -I"C:/Users/maxor/workspace_ccstheia/sck2400_firmware/Debug" -I"C:/ti/simplelink_cc13xx_cc26xx_sdk_8_32_00_07/source" -I"C:/ti/simplelink_cc13xx_cc26xx_sdk_8_32_00_07/kernel/tirtos7/packages" -I"C:/ti/simplelink_cc13xx_cc26xx_sdk_8_32_00_07/source/ti/posix/ticlang" -gdwarf-3 -march=armv7e-m -MMD -MP -MF"main.d_raw" -MT"main.o" -I"C:/Users/maxor/workspace_ccstheia/sck2400_firmware/Debug/syscfg"  @"syscfg/ti_utils_build_compiler.opt"  -o"main.o" "../main.c"
18:03:43.403  Finished building: "../main.c"
18:03:43.408  Arm Compiler - building file: "../oad_image_header_app.c"
18:03:43.413  "C:/ti/ti_cgt_arm_llvm_3.2.2.LTS/bin/tiarmclang.exe" -c -mcpu=cortex-m4 -mfloat-abi=hard -mfpu=fpv4-sp-d16 -mlittle-endian -mthumb -Oz -I"C:/Users/maxor/workspace_ccstheia/sck2400_firmware" -I"C:/Users/maxor/workspace_ccstheia/sck2400_firmware/Debug" -I"C:/ti/simplelink_cc13xx_cc26xx_sdk_8_32_00_07/source" -I"C:/ti/simplelink_cc13xx_cc26xx_sdk_8_32_00_07/kernel/tirtos7/packages" -I"C:/ti/simplelink_cc13xx_cc26xx_sdk_8_32_00_07/source/ti/posix/ticlang" -gdwarf-3 -march=armv7e-m -MMD -MP -MF"oad_image_header_app.d_raw" -MT"oad_image_header_app.o" -I"C:/Users/maxor/workspace_ccstheia/sck2400_firmware/Debug/syscfg"  @"syscfg/ti_utils_build_compiler.opt"  -o"oad_image_header_app.o" "../oad_image_header_app.c"
18:03:43.418  Finished building: "../oad_image_header_app.c"
18:03:43.593  Arm Compiler - building file: "../radio.c"
18:03:43.599  "C:/ti/ti_cgt_arm_llvm_3.2.2.LTS/bin/tiarmclang.exe" -c -mcpu=cortex-m4 -mfloat-abi=hard -mfpu=fpv4-sp-d16 -mlittle-endian -mthumb -Oz -I"C:/Users/maxor/workspace_ccstheia/sck2400_firmware" -I"C:/Users/maxor/workspace_ccstheia/sck2400_firmware/Debug" -I"C:/ti/simplelink_cc13xx_cc26xx_sdk_8_32_00_07/source" -I"C:/ti/simplelink_cc13xx_cc26xx_sdk_8_32_00_07/kernel/tirtos7/packages" -I"C:/ti/simplelink_cc13xx_cc26xx_sdk_8_32_00_07/source/ti/posix/ticlang" -gdwarf-3 -march=armv7e-m -MMD -MP -MF"radio.d_raw" -MT"radio.o" -I"C:/Users/maxor/workspace_ccstheia/sck2400_firmware/Debug/syscfg"  @"syscfg/ti_utils_build_compiler.opt"  -o"radio.o" "../radio.c"
18:03:43.605  Finished building: "../radio.c"
18:03:43.640  Arm Compiler - building file: "syscfg/ti_devices_config.c"
18:03:43.645  "C:/ti/ti_cgt_arm_llvm_3.2.2.LTS/bin/tiarmclang.exe" -c -mcpu=cortex-m4 -mfloat-abi=hard -mfpu=fpv4-sp-d16 -mlittle-endian -mthumb -Oz -I"C:/Users/maxor/workspace_ccstheia/sck2400_firmware" -I"C:/Users/maxor/workspace_ccstheia/sck2400_firmware/Debug" -I"C:/ti/simplelink_cc13xx_cc26xx_sdk_8_32_00_07/source" -I"C:/ti/simplelink_cc13xx_cc26xx_sdk_8_32_00_07/kernel/tirtos7/packages" -I"C:/ti/simplelink_cc13xx_cc26xx_sdk_8_32_00_07/source/ti/posix/ticlang" -gdwarf-3 -march=armv7e-m -MMD -MP -MF"syscfg/ti_devices_config.d_raw" -MT"syscfg/ti_devices_config.o" -I"C:/Users/maxor/workspace_ccstheia/sck2400_firmware/Debug/syscfg"  @"syscfg/ti_utils_build_compiler.opt"  -o"syscfg/ti_devices_config.o" "syscfg/ti_devices_config.c"
18:03:43.651  Finished building: "syscfg/ti_devices_config.c"
18:03:43.680  Arm Compiler - building file: "syscfg/ti_radio_config.c"
18:03:43.684  "C:/ti/ti_cgt_arm_llvm_3.2.2.LTS/bin/tiarmclang.exe" -c -mcpu=cortex-m4 -mfloat-abi=hard -mfpu=fpv4-sp-d16 -mlittle-endian -mthumb -Oz -I"C:/Users/maxor/workspace_ccstheia/sck2400_firmware" -I"C:/Users/maxor/workspace_ccstheia/sck2400_firmware/Debug" -I"C:/ti/simplelink_cc13xx_cc26xx_sdk_8_32_00_07/source" -I"C:/ti/simplelink_cc13xx_cc26xx_sdk_8_32_00_07/kernel/tirtos7/packages" -I"C:/ti/simplelink_cc13xx_cc26xx_sdk_8_32_00_07/source/ti/posix/ticlang" -gdwarf-3 -march=armv7e-m -MMD -MP -MF"syscfg/ti_radio_config.d_raw" -MT"syscfg/ti_radio_config.o" -I"C:/Users/maxor/workspace_ccstheia/sck2400_firmware/Debug/syscfg"  @"syscfg/ti_utils_build_compiler.opt"  -o"syscfg/ti_radio_config.o" "syscfg/ti_radio_config.c"
18:03:43.689  Finished building: "syscfg/ti_radio_config.c"
18:03:43.851  Arm Compiler - building file: "syscfg/ti_drivers_config.c"
18:03:43.855  "C:/ti/ti_cgt_arm_llvm_3.2.2.LTS/bin/tiarmclang.exe" -c -mcpu=cortex-m4 -mfloat-abi=hard -mfpu=fpv4-sp-d16 -mlittle-endian -mthumb -Oz -I"C:/Users/maxor/workspace_ccstheia/sck2400_firmware" -I"C:/Users/maxor/workspace_ccstheia/sck2400_firmware/Debug" -I"C:/ti/simplelink_cc13xx_cc26xx_sdk_8_32_00_07/source" -I"C:/ti/simplelink_cc13xx_cc26xx_sdk_8_32_00_07/kernel/tirtos7/packages" -I"C:/ti/simplelink_cc13xx_cc26xx_sdk_8_32_00_07/source/ti/posix/ticlang" -gdwarf-3 -march=armv7e-m -MMD -MP -MF"syscfg/ti_drivers_config.d_raw" -MT"syscfg/ti_drivers_config.o" -I"C:/Users/maxor/workspace_ccstheia/sck2400_firmware/Debug/syscfg"  @"syscfg/ti_utils_build_compiler.opt"  -o"syscfg/ti_drivers_config.o" "syscfg/ti_drivers_config.c"
18:03:43.861  Finished building: "syscfg/ti_drivers_config.c"
18:03:44.013  Arm Compiler - building file: "../telemetry.c"
18:03:44.019  "C:/ti/ti_cgt_arm_llvm_3.2.2.LTS/bin/tiarmclang.exe" -c -mcpu=cortex-m4 -mfloat-abi=hard -mfpu=fpv4-sp-d16 -mlittle-endian -mthumb -Oz -I"C:/Users/maxor/workspace_ccstheia/sck2400_firmware" -I"C:/Users/maxor/workspace_ccstheia/sck2400_firmware/Debug" -I"C:/ti/simplelink_cc13xx_cc26xx_sdk_8_32_00_07/source" -I"C:/ti/simplelink_cc13xx_cc26xx_sdk_8_32_00_07/kernel/tirtos7/packages" -I"C:/ti/simplelink_cc13xx_cc26xx_sdk_8_32_00_07/source/ti/posix/ticlang" -gdwarf-3 -march=armv7e-m -MMD -MP -MF"telemetry.d_raw" -MT"telemetry.o" -I"C:/Users/maxor/workspace_ccstheia/sck2400_firmware/Debug/syscfg"  @"syscfg/ti_utils_build_compiler.opt"  -o"telemetry.o" "../telemetry.c"
18:03:44.026  Finished building: "../telemetry.c"
18:03:44.036  Arm Compiler - building file: "../uart.c"
18:03:44.044  "C:/ti/ti_cgt_arm_llvm_3.2.2.LTS/bin/tiarmclang.exe" -c -mcpu=cortex-m4 -mfloat-abi=hard -mfpu=fpv4-sp-d16 -mlittle-endian -mthumb -Oz -I"C:/Users/maxor/workspace_ccstheia/sck2400_firmware" -I"C:/Users/maxor/workspace_ccstheia/sck2400_firmware/Debug" -I"C:/ti/simplelink_cc13xx_cc26xx_sdk_8_32_00_07/source" -I"C:/ti/simplelink_cc13xx_cc26xx_sdk_8_32_00_07/kernel/tirtos7/packages" -I"C:/ti/simplelink_cc13xx_cc26xx_sdk_8_32_00_07/source/ti/posix/ticlang" -gdwarf-3 -march=armv7e-m -MMD -MP -MF"uart.d_raw" -MT"uart.o" -I"C:/Users/maxor/workspace_ccstheia/sck2400_firmware/Debug/syscfg"  @"syscfg/ti_utils_build_compiler.opt"  -o"uart.o" "../uart.c"
18:03:44.049  Finished building: "../uart.c"
18:03:45.245  Arm Compiler - building file: "syscfg/ti_sysbios_config.c"
18:03:45.267  "C:/ti/ti_cgt_arm_llvm_3.2.2.LTS/bin/tiarmclang.exe" -c -mcpu=cortex-m4 -mfloat-abi=hard -mfpu=fpv4-sp-d16 -mlittle-endian -mthumb -Oz -I"C:/Users/maxor/workspace_ccstheia/sck2400_firmware" -I"C:/Users/maxor/workspace_ccstheia/sck2400_firmware/Debug" -I"C:/ti/simplelink_cc13xx_cc26xx_sdk_8_32_00_07/source" -I"C:/ti/simplelink_cc13xx_cc26xx_sdk_8_32_00_07/kernel/tirtos7/packages" -I"C:/ti/simplelink_cc13xx_cc26xx_sdk_8_32_00_07/source/ti/posix/ticlang" -gdwarf-3 -march=armv7e-m -MMD -MP -MF"syscfg/ti_sysbios_config.d_raw" -MT"syscfg/ti_sysbios_config.o" -I"C:/Users/maxor/workspace_ccstheia/sck2400_firmware/Debug/syscfg"  @"syscfg/ti_utils_build_compiler.opt"  -o"syscfg/ti_sysbios_config.o" "syscfg/ti_sysbios_config.c"
18:03:45.273  Finished building: "syscfg/ti_sysbios_config.c"
18:03:45.299  Arm Linker - building target: "sck2400_firmware.out"
18:03:45.303  "C:/ti/ti_cgt_arm_llvm_3.2.2.LTS/bin/tiarmclang.exe" -mcpu=cortex-m4 -mfloat-abi=hard -mfpu=fpv4-sp-d16 -mlittle-endian -mthumb -Oz -gdwarf-3 -march=armv7e-m -Wl,-m"sck2400_firmware.map" -Wl,-i"C:/ti/simplelink_cc13xx_cc26xx_sdk_8_32_00_07/source" -Wl,-i"C:/ti/simplelink_cc13xx_cc26xx_sdk_8_32_00_07/kernel/tirtos7/packages" -Wl,-i"C:/Users/maxor/workspace_ccstheia/sck2400_firmware/Debug/syscfg" -Wl,-i"C:/ti/ti_cgt_arm_llvm_3.2.2.LTS/lib" -Wl,--diag_wrap=off -Wl,--display_error_number -Wl,--warn_sections -Wl,--xml_link_info="sck2400_firmware_linkInfo.xml" -Wl,--rom_model -o "sck2400_firmware.out" "./RFQueue.o" "./ccsds.o" "./main.o" "./main_tirtos.o" "./oad_image_header_app.o" "./radio.o" "./syscfg/ti_devices_config.o" "./syscfg/ti_radio_config.o" "./syscfg/ti_drivers_config.o" "./syscfg/ti_sysbios_config.o" "./telemetry.o" "./uart.o" "../cc13x2_cc26x2_tirtos7.cmd"  -Wl,-lti_utils_build_linker.cmd.genlibs -Wl,-llibc.a
18:03:46.078  Finished building target: "sck2400_firmware.out"
18:03:46.132  "C:/ti/ti_cgt_arm_llvm_3.2.2.LTS/bin/tiarmhex" -order MS --memwidth=8 --romwidth=8 --intel -o "sck2400_firmware.hex" "sck2400_firmware"
18:03:46.294  Translating to Intel format...
18:03:46.300  "sck2400_firmware.out" .image_header ==> .image_header
18:03:46.305  "sck2400_firmware.out" .text ==> .text
18:03:46.308  "sck2400_firmware.out" .rodata ==> .rodata
18:03:46.312  "sck2400_firmware.out" .resetVecs ==> .resetVecs
18:03:46.315  "sck2400_firmware.out" .args ==> .args
18:03:46.319  "sck2400_firmware.out" .cinit ==> .cinit
18:03:46.346  "sck2400_firmware.out" .ccfg ==> .ccfg
18:03:46.393  **** Build finished ****
18:03:46.506  # ----------------------------------------
18:03:46.511  # Problem summary for project 'sck2400_firmware': 0 errors, 1 warnings
18:03:46.514  Warning: sck2400.syscfg [CONFIG_SPI_0(/ti/drivers/SPI) spi.csnPin]: Connected to hardware
18:03:46.518  # --------------------------------------------------------------------------------
18:03:46.522  # [Mon Jun 08 18:03:46 CDT 2026]: CCS headless build complete - 0 out of 1 projects have errors
18:03:46.985  ✓ Build succeeded: C:\Users\maxor\workspace_ccstheia\sck2400_firmware\Debug\sck2400_firmware.hex
18:03:46.990    Board: GS Board  (APID 0x010)  APID: 0x010
18:21:45.292  Serial port closed.
18:21:46.016  Connected: COM12 @ 921600
18:21:50.107    → TX [0000]  [CCSDS] get_telem seq=2 dest=0x010
18:21:55.058    ✗ No telem reply
18:22:01.093  Serial port closed.
18:22:12.302  SCK Ground Station ready.
18:22:12.327  Log folder: C:\Users\maxor\source\repos\2022_projects\OpenLST_GroundStation\bin\Release\net8.0-windows\Log
18:22:12.329  Flights folder: C:\Users\maxor\source\repos\2022_projects\OpenLST_GroundStation\bin\Release\net8.0-windows\Flights
18:22:19.078  COM ports refreshed. 2 port(s) found.
18:22:21.811  Connected: COM12 @ 921600
18:22:24.417  Board: SCK-2400 (CCSDS)
18:22:26.927    → TX [0000]  [CCSDS] get_telem seq=2 dest=0x010
18:22:31.957    ✗ No telem reply
18:24:30.192  RF Power: patched radio.h → TX_POWER = BENCH (0 dBm bench)
18:24:30.197  Board: patched ccsds.h → SCK_APID_THIS_BOARD = 0x010 (GS Board  (APID 0x010))
18:24:30.216  ══════════════════════════════════════════════════
18:24:30.219    SCK-2400 Build  →  GS Board  (APID 0x010)
18:24:30.220    SCK_APID_THIS_BOARD = 0x010
18:24:30.222    Build type: full
18:24:30.223  ══════════════════════════════════════════════════
18:24:33.518  # ================================================================================
18:24:33.520  # [Mon Jun 08 18:24:33 CDT 2026]: CCS headless build starting...
18:24:33.653  **** Clean-only build of configuration 'Debug' for project 'sck2400_firmware' ****
18:24:33.707  "C:\\ti\\ccs2051\\ccs\\utils\\bin\\gmake" -k -j 12 clean -r -O
18:24:33.947  DEL /F "syscfg\ti_radio_config.h" "syscfg\ti_drivers_config.h" "syscfg\ti_utils_build_linker.cmd.genlibs" "syscfg\ti_utils_build_linker.cmd.genmap" "syscfg\syscfg_c.rov.xs" "syscfg\ti_sysbios_config.h" "syscfg\ti_devices_config.c" "syscfg\ti_radio_config.c" "syscfg\ti_drivers_config.c" "syscfg\ti_utils_build_compiler.opt" "syscfg\ti_sysbios_config.c" "sck2400_firmware.out"
18:24:33.950  DEL /F "RFQueue.o" "ccsds.o" "main.o" "main_tirtos.o" "oad_image_header_app.o" "radio.o" "syscfg\ti_devices_config.o" "syscfg\ti_radio_config.o" "syscfg\ti_drivers_config.o" "syscfg\ti_sysbios_config.o" "telemetry.o" "uart.o"
18:24:33.952  DEL /F "RFQueue.d" "ccsds.d" "main.d" "main_tirtos.d" "oad_image_header_app.d" "radio.d" "syscfg\ti_devices_config.d" "syscfg\ti_radio_config.d" "syscfg\ti_drivers_config.d" "syscfg\ti_sysbios_config.d" "telemetry.d" "uart.d"
18:24:33.953  RMDIR /S/Q "syscfg"
18:24:34.024  **** Build finished ****
18:24:35.941  **** Build of configuration 'Debug' for project 'sck2400_firmware' ****
18:24:35.955  "C:\\ti\\ccs2051\\ccs\\utils\\bin\\gmake" -k -j 12 all -r -O
18:24:37.922  SysConfig - building file: "../sck2400.syscfg"
18:24:37.929  "C:/ti/sysconfig_1.21.1/sysconfig_cli.bat" -s "C:/ti/simplelink_cc13xx_cc26xx_sdk_8_32_00_07/.metadata/product.json" --script "C:/Users/maxor/workspace_ccstheia/sck2400_firmware/sck2400.syscfg" -o "syscfg" --compiler ticlang
18:24:37.932  Running script...
18:24:37.936  Validating...
18:24:37.940  warning: CONFIG_SPI_0(/ti/drivers/SPI) spi.csnPin: Connected to hardware
18:24:37.943  DIO20/38 is connected to MX25R8035F SPI Flash Chip Select on the CC1352P-2 LaunchPad. Consider selecting it in 'use hardware' above. Using a custom board?
18:24:37.947  0 error(s), 1 warning(s)
18:24:37.950  Generating Code (sck2400.syscfg)...
18:24:37.955  Writing C:\Users\maxor\workspace_ccstheia\sck2400_firmware\Debug\syscfg\ti_devices_config.c...
18:24:37.959  Writing C:\Users\maxor\workspace_ccstheia\sck2400_firmware\Debug\syscfg\ti_radio_config.c...
18:24:37.963  Writing C:\Users\maxor\workspace_ccstheia\sck2400_firmware\Debug\syscfg\ti_radio_config.h...
18:24:37.966  Writing C:\Users\maxor\workspace_ccstheia\sck2400_firmware\Debug\syscfg\ti_drivers_config.c...
18:24:37.971  Writing C:\Users\maxor\workspace_ccstheia\sck2400_firmware\Debug\syscfg\ti_drivers_config.h...
18:24:37.975  Writing C:\Users\maxor\workspace_ccstheia\sck2400_firmware\Debug\syscfg\ti_utils_build_linker.cmd.genlibs...
18:24:37.978  Writing C:\Users\maxor\workspace_ccstheia\sck2400_firmware\Debug\syscfg\ti_utils_build_linker.cmd.genmap...
18:24:37.982  Writing C:\Users\maxor\workspace_ccstheia\sck2400_firmware\Debug\syscfg\ti_utils_build_compiler.opt...
18:24:37.992  Writing C:\Users\maxor\workspace_ccstheia\sck2400_firmware\Debug\syscfg\syscfg_c.rov.xs...
18:24:37.997  Writing C:\Users\maxor\workspace_ccstheia\sck2400_firmware\Debug\syscfg\ti_sysbios_config.h...
18:24:38.003  Writing C:\Users\maxor\workspace_ccstheia\sck2400_firmware\Debug\syscfg\ti_sysbios_config.c...
18:24:38.007  Finished building: "../sck2400.syscfg"
18:24:38.237  Arm Compiler - building file: "../RFQueue.c"
18:24:38.243  "C:/ti/ti_cgt_arm_llvm_3.2.2.LTS/bin/tiarmclang.exe" -c -mcpu=cortex-m4 -mfloat-abi=hard -mfpu=fpv4-sp-d16 -mlittle-endian -mthumb -Oz -I"C:/Users/maxor/workspace_ccstheia/sck2400_firmware" -I"C:/Users/maxor/workspace_ccstheia/sck2400_firmware/Debug" -I"C:/ti/simplelink_cc13xx_cc26xx_sdk_8_32_00_07/source" -I"C:/ti/simplelink_cc13xx_cc26xx_sdk_8_32_00_07/kernel/tirtos7/packages" -I"C:/ti/simplelink_cc13xx_cc26xx_sdk_8_32_00_07/source/ti/posix/ticlang" -gdwarf-3 -march=armv7e-m -MMD -MP -MF"RFQueue.d_raw" -MT"RFQueue.o" -I"C:/Users/maxor/workspace_ccstheia/sck2400_firmware/Debug/syscfg"  @"syscfg/ti_utils_build_compiler.opt"  -o"RFQueue.o" "../RFQueue.c"
18:24:38.250  Finished building: "../RFQueue.c"
18:24:38.265  Arm Compiler - building file: "../ccsds.c"
18:24:38.271  "C:/ti/ti_cgt_arm_llvm_3.2.2.LTS/bin/tiarmclang.exe" -c -mcpu=cortex-m4 -mfloat-abi=hard -mfpu=fpv4-sp-d16 -mlittle-endian -mthumb -Oz -I"C:/Users/maxor/workspace_ccstheia/sck2400_firmware" -I"C:/Users/maxor/workspace_ccstheia/sck2400_firmware/Debug" -I"C:/ti/simplelink_cc13xx_cc26xx_sdk_8_32_00_07/source" -I"C:/ti/simplelink_cc13xx_cc26xx_sdk_8_32_00_07/kernel/tirtos7/packages" -I"C:/ti/simplelink_cc13xx_cc26xx_sdk_8_32_00_07/source/ti/posix/ticlang" -gdwarf-3 -march=armv7e-m -MMD -MP -MF"ccsds.d_raw" -MT"ccsds.o" -I"C:/Users/maxor/workspace_ccstheia/sck2400_firmware/Debug/syscfg"  @"syscfg/ti_utils_build_compiler.opt"  -o"ccsds.o" "../ccsds.c"
18:24:38.277  Finished building: "../ccsds.c"
18:24:38.316  Arm Compiler - building file: "../main.c"
18:24:38.322  "C:/ti/ti_cgt_arm_llvm_3.2.2.LTS/bin/tiarmclang.exe" -c -mcpu=cortex-m4 -mfloat-abi=hard -mfpu=fpv4-sp-d16 -mlittle-endian -mthumb -Oz -I"C:/Users/maxor/workspace_ccstheia/sck2400_firmware" -I"C:/Users/maxor/workspace_ccstheia/sck2400_firmware/Debug" -I"C:/ti/simplelink_cc13xx_cc26xx_sdk_8_32_00_07/source" -I"C:/ti/simplelink_cc13xx_cc26xx_sdk_8_32_00_07/kernel/tirtos7/packages" -I"C:/ti/simplelink_cc13xx_cc26xx_sdk_8_32_00_07/source/ti/posix/ticlang" -gdwarf-3 -march=armv7e-m -MMD -MP -MF"main.d_raw" -MT"main.o" -I"C:/Users/maxor/workspace_ccstheia/sck2400_firmware/Debug/syscfg"  @"syscfg/ti_utils_build_compiler.opt"  -o"main.o" "../main.c"
18:24:38.328  Finished building: "../main.c"
18:24:38.332  Arm Compiler - building file: "../main_tirtos.c"
18:24:38.337  "C:/ti/ti_cgt_arm_llvm_3.2.2.LTS/bin/tiarmclang.exe" -c -mcpu=cortex-m4 -mfloat-abi=hard -mfpu=fpv4-sp-d16 -mlittle-endian -mthumb -Oz -I"C:/Users/maxor/workspace_ccstheia/sck2400_firmware" -I"C:/Users/maxor/workspace_ccstheia/sck2400_firmware/Debug" -I"C:/ti/simplelink_cc13xx_cc26xx_sdk_8_32_00_07/source" -I"C:/ti/simplelink_cc13xx_cc26xx_sdk_8_32_00_07/kernel/tirtos7/packages" -I"C:/ti/simplelink_cc13xx_cc26xx_sdk_8_32_00_07/source/ti/posix/ticlang" -gdwarf-3 -march=armv7e-m -MMD -MP -MF"main_tirtos.d_raw" -MT"main_tirtos.o" -I"C:/Users/maxor/workspace_ccstheia/sck2400_firmware/Debug/syscfg"  @"syscfg/ti_utils_build_compiler.opt"  -o"main_tirtos.o" "../main_tirtos.c"
18:24:38.343  Finished building: "../main_tirtos.c"
18:24:38.349  Arm Compiler - building file: "../oad_image_header_app.c"
18:24:38.354  "C:/ti/ti_cgt_arm_llvm_3.2.2.LTS/bin/tiarmclang.exe" -c -mcpu=cortex-m4 -mfloat-abi=hard -mfpu=fpv4-sp-d16 -mlittle-endian -mthumb -Oz -I"C:/Users/maxor/workspace_ccstheia/sck2400_firmware" -I"C:/Users/maxor/workspace_ccstheia/sck2400_firmware/Debug" -I"C:/ti/simplelink_cc13xx_cc26xx_sdk_8_32_00_07/source" -I"C:/ti/simplelink_cc13xx_cc26xx_sdk_8_32_00_07/kernel/tirtos7/packages" -I"C:/ti/simplelink_cc13xx_cc26xx_sdk_8_32_00_07/source/ti/posix/ticlang" -gdwarf-3 -march=armv7e-m -MMD -MP -MF"oad_image_header_app.d_raw" -MT"oad_image_header_app.o" -I"C:/Users/maxor/workspace_ccstheia/sck2400_firmware/Debug/syscfg"  @"syscfg/ti_utils_build_compiler.opt"  -o"oad_image_header_app.o" "../oad_image_header_app.c"
18:24:38.359  Finished building: "../oad_image_header_app.c"
18:24:38.766  Arm Compiler - building file: "syscfg/ti_devices_config.c"
18:24:38.775  "C:/ti/ti_cgt_arm_llvm_3.2.2.LTS/bin/tiarmclang.exe" -c -mcpu=cortex-m4 -mfloat-abi=hard -mfpu=fpv4-sp-d16 -mlittle-endian -mthumb -Oz -I"C:/Users/maxor/workspace_ccstheia/sck2400_firmware" -I"C:/Users/maxor/workspace_ccstheia/sck2400_firmware/Debug" -I"C:/ti/simplelink_cc13xx_cc26xx_sdk_8_32_00_07/source" -I"C:/ti/simplelink_cc13xx_cc26xx_sdk_8_32_00_07/kernel/tirtos7/packages" -I"C:/ti/simplelink_cc13xx_cc26xx_sdk_8_32_00_07/source/ti/posix/ticlang" -gdwarf-3 -march=armv7e-m -MMD -MP -MF"syscfg/ti_devices_config.d_raw" -MT"syscfg/ti_devices_config.o" -I"C:/Users/maxor/workspace_ccstheia/sck2400_firmware/Debug/syscfg"  @"syscfg/ti_utils_build_compiler.opt"  -o"syscfg/ti_devices_config.o" "syscfg/ti_devices_config.c"
18:24:38.782  Finished building: "syscfg/ti_devices_config.c"
18:24:38.788  Arm Compiler - building file: "syscfg/ti_radio_config.c"
18:24:38.792  "C:/ti/ti_cgt_arm_llvm_3.2.2.LTS/bin/tiarmclang.exe" -c -mcpu=cortex-m4 -mfloat-abi=hard -mfpu=fpv4-sp-d16 -mlittle-endian -mthumb -Oz -I"C:/Users/maxor/workspace_ccstheia/sck2400_firmware" -I"C:/Users/maxor/workspace_ccstheia/sck2400_firmware/Debug" -I"C:/ti/simplelink_cc13xx_cc26xx_sdk_8_32_00_07/source" -I"C:/ti/simplelink_cc13xx_cc26xx_sdk_8_32_00_07/kernel/tirtos7/packages" -I"C:/ti/simplelink_cc13xx_cc26xx_sdk_8_32_00_07/source/ti/posix/ticlang" -gdwarf-3 -march=armv7e-m -MMD -MP -MF"syscfg/ti_radio_config.d_raw" -MT"syscfg/ti_radio_config.o" -I"C:/Users/maxor/workspace_ccstheia/sck2400_firmware/Debug/syscfg"  @"syscfg/ti_utils_build_compiler.opt"  -o"syscfg/ti_radio_config.o" "syscfg/ti_radio_config.c"
18:24:38.799  Finished building: "syscfg/ti_radio_config.c"
18:24:38.807  Arm Compiler - building file: "../radio.c"
18:24:38.812  "C:/ti/ti_cgt_arm_llvm_3.2.2.LTS/bin/tiarmclang.exe" -c -mcpu=cortex-m4 -mfloat-abi=hard -mfpu=fpv4-sp-d16 -mlittle-endian -mthumb -Oz -I"C:/Users/maxor/workspace_ccstheia/sck2400_firmware" -I"C:/Users/maxor/workspace_ccstheia/sck2400_firmware/Debug" -I"C:/ti/simplelink_cc13xx_cc26xx_sdk_8_32_00_07/source" -I"C:/ti/simplelink_cc13xx_cc26xx_sdk_8_32_00_07/kernel/tirtos7/packages" -I"C:/ti/simplelink_cc13xx_cc26xx_sdk_8_32_00_07/source/ti/posix/ticlang" -gdwarf-3 -march=armv7e-m -MMD -MP -MF"radio.d_raw" -MT"radio.o" -I"C:/Users/maxor/workspace_ccstheia/sck2400_firmware/Debug/syscfg"  @"syscfg/ti_utils_build_compiler.opt"  -o"radio.o" "../radio.c"
18:24:38.819  Finished building: "../radio.c"
18:24:38.863  Arm Compiler - building file: "syscfg/ti_drivers_config.c"
18:24:38.869  "C:/ti/ti_cgt_arm_llvm_3.2.2.LTS/bin/tiarmclang.exe" -c -mcpu=cortex-m4 -mfloat-abi=hard -mfpu=fpv4-sp-d16 -mlittle-endian -mthumb -Oz -I"C:/Users/maxor/workspace_ccstheia/sck2400_firmware" -I"C:/Users/maxor/workspace_ccstheia/sck2400_firmware/Debug" -I"C:/ti/simplelink_cc13xx_cc26xx_sdk_8_32_00_07/source" -I"C:/ti/simplelink_cc13xx_cc26xx_sdk_8_32_00_07/kernel/tirtos7/packages" -I"C:/ti/simplelink_cc13xx_cc26xx_sdk_8_32_00_07/source/ti/posix/ticlang" -gdwarf-3 -march=armv7e-m -MMD -MP -MF"syscfg/ti_drivers_config.d_raw" -MT"syscfg/ti_drivers_config.o" -I"C:/Users/maxor/workspace_ccstheia/sck2400_firmware/Debug/syscfg"  @"syscfg/ti_utils_build_compiler.opt"  -o"syscfg/ti_drivers_config.o" "syscfg/ti_drivers_config.c"
18:24:38.875  Finished building: "syscfg/ti_drivers_config.c"
18:24:38.935  Arm Compiler - building file: "../telemetry.c"
18:24:38.940  "C:/ti/ti_cgt_arm_llvm_3.2.2.LTS/bin/tiarmclang.exe" -c -mcpu=cortex-m4 -mfloat-abi=hard -mfpu=fpv4-sp-d16 -mlittle-endian -mthumb -Oz -I"C:/Users/maxor/workspace_ccstheia/sck2400_firmware" -I"C:/Users/maxor/workspace_ccstheia/sck2400_firmware/Debug" -I"C:/ti/simplelink_cc13xx_cc26xx_sdk_8_32_00_07/source" -I"C:/ti/simplelink_cc13xx_cc26xx_sdk_8_32_00_07/kernel/tirtos7/packages" -I"C:/ti/simplelink_cc13xx_cc26xx_sdk_8_32_00_07/source/ti/posix/ticlang" -gdwarf-3 -march=armv7e-m -MMD -MP -MF"telemetry.d_raw" -MT"telemetry.o" -I"C:/Users/maxor/workspace_ccstheia/sck2400_firmware/Debug/syscfg"  @"syscfg/ti_utils_build_compiler.opt"  -o"telemetry.o" "../telemetry.c"
18:24:38.945  Finished building: "../telemetry.c"
18:24:39.087  Arm Compiler - building file: "../uart.c"
18:24:39.092  "C:/ti/ti_cgt_arm_llvm_3.2.2.LTS/bin/tiarmclang.exe" -c -mcpu=cortex-m4 -mfloat-abi=hard -mfpu=fpv4-sp-d16 -mlittle-endian -mthumb -Oz -I"C:/Users/maxor/workspace_ccstheia/sck2400_firmware" -I"C:/Users/maxor/workspace_ccstheia/sck2400_firmware/Debug" -I"C:/ti/simplelink_cc13xx_cc26xx_sdk_8_32_00_07/source" -I"C:/ti/simplelink_cc13xx_cc26xx_sdk_8_32_00_07/kernel/tirtos7/packages" -I"C:/ti/simplelink_cc13xx_cc26xx_sdk_8_32_00_07/source/ti/posix/ticlang" -gdwarf-3 -march=armv7e-m -MMD -MP -MF"uart.d_raw" -MT"uart.o" -I"C:/Users/maxor/workspace_ccstheia/sck2400_firmware/Debug/syscfg"  @"syscfg/ti_utils_build_compiler.opt"  -o"uart.o" "../uart.c"
18:24:39.096  Finished building: "../uart.c"
18:24:40.143  Arm Compiler - building file: "syscfg/ti_sysbios_config.c"
18:24:40.147  "C:/ti/ti_cgt_arm_llvm_3.2.2.LTS/bin/tiarmclang.exe" -c -mcpu=cortex-m4 -mfloat-abi=hard -mfpu=fpv4-sp-d16 -mlittle-endian -mthumb -Oz -I"C:/Users/maxor/workspace_ccstheia/sck2400_firmware" -I"C:/Users/maxor/workspace_ccstheia/sck2400_firmware/Debug" -I"C:/ti/simplelink_cc13xx_cc26xx_sdk_8_32_00_07/source" -I"C:/ti/simplelink_cc13xx_cc26xx_sdk_8_32_00_07/kernel/tirtos7/packages" -I"C:/ti/simplelink_cc13xx_cc26xx_sdk_8_32_00_07/source/ti/posix/ticlang" -gdwarf-3 -march=armv7e-m -MMD -MP -MF"syscfg/ti_sysbios_config.d_raw" -MT"syscfg/ti_sysbios_config.o" -I"C:/Users/maxor/workspace_ccstheia/sck2400_firmware/Debug/syscfg"  @"syscfg/ti_utils_build_compiler.opt"  -o"syscfg/ti_sysbios_config.o" "syscfg/ti_sysbios_config.c"
18:24:40.152  Finished building: "syscfg/ti_sysbios_config.c"
18:24:40.196  Arm Linker - building target: "sck2400_firmware.out"
18:24:40.202  "C:/ti/ti_cgt_arm_llvm_3.2.2.LTS/bin/tiarmclang.exe" -mcpu=cortex-m4 -mfloat-abi=hard -mfpu=fpv4-sp-d16 -mlittle-endian -mthumb -Oz -gdwarf-3 -march=armv7e-m -Wl,-m"sck2400_firmware.map" -Wl,-i"C:/ti/simplelink_cc13xx_cc26xx_sdk_8_32_00_07/source" -Wl,-i"C:/ti/simplelink_cc13xx_cc26xx_sdk_8_32_00_07/kernel/tirtos7/packages" -Wl,-i"C:/Users/maxor/workspace_ccstheia/sck2400_firmware/Debug/syscfg" -Wl,-i"C:/ti/ti_cgt_arm_llvm_3.2.2.LTS/lib" -Wl,--diag_wrap=off -Wl,--display_error_number -Wl,--warn_sections -Wl,--xml_link_info="sck2400_firmware_linkInfo.xml" -Wl,--rom_model -o "sck2400_firmware.out" "./RFQueue.o" "./ccsds.o" "./main.o" "./main_tirtos.o" "./oad_image_header_app.o" "./radio.o" "./syscfg/ti_devices_config.o" "./syscfg/ti_radio_config.o" "./syscfg/ti_drivers_config.o" "./syscfg/ti_sysbios_config.o" "./telemetry.o" "./uart.o" "../cc13x2_cc26x2_tirtos7.cmd"  -Wl,-lti_utils_build_linker.cmd.genlibs -Wl,-llibc.a
18:24:40.746  Finished building target: "sck2400_firmware.out"
18:24:40.802  "C:/ti/ti_cgt_arm_llvm_3.2.2.LTS/bin/tiarmhex" -order MS --memwidth=8 --romwidth=8 --intel -o "sck2400_firmware.hex" "sck2400_firmware"
18:24:40.815  Translating to Intel format...
18:24:40.822  "sck2400_firmware.out" .image_header ==> .image_header
18:24:40.827  "sck2400_firmware.out" .text ==> .text
18:24:40.831  "sck2400_firmware.out" .rodata ==> .rodata
18:24:40.835  "sck2400_firmware.out" .resetVecs ==> .resetVecs
18:24:40.852  "sck2400_firmware.out" .args ==> .args
18:24:40.855  "sck2400_firmware.out" .cinit ==> .cinit
18:24:40.858  "sck2400_firmware.out" .ccfg ==> .ccfg
18:24:40.918  **** Build finished ****
18:24:41.044  # ----------------------------------------
18:24:41.049  # Problem summary for project 'sck2400_firmware': 0 errors, 1 warnings
18:24:41.054  Warning: sck2400.syscfg [CONFIG_SPI_0(/ti/drivers/SPI) spi.csnPin]: Connected to hardware
18:24:41.058  # --------------------------------------------------------------------------------
18:24:41.063  # [Mon Jun 08 18:24:41 CDT 2026]: CCS headless build complete - 0 out of 1 projects have errors
18:24:41.397  ✓ Build succeeded: C:\Users\maxor\workspace_ccstheia\sck2400_firmware\Debug\sck2400_firmware.hex
18:24:41.400    Board: GS Board  (APID 0x010)  APID: 0x010
18:24:51.501  XDS110 detected: Serial = L4300491
18:24:51.505  ══════════════════════════════════════════════════
18:24:51.507    SCK-2400 Local Flash  →  GS Board  (APID 0x010)
18:24:51.510    XDS110: L4300491
18:24:51.514    HEX: C:\Users\maxor\workspace_ccstheia\sck2400_firmware\Debug\sck2400_firmware.hex
18:24:51.517  ══════════════════════════════════════════════════
18:24:51.520  srfprog -t soc(XDS-L4300491, CC1352P) -e pif -p all -v rb -f "C:\Users\maxor\workspace_ccstheia\sck2400_firmware\Debug\sck2400_firmware.hex"
18:24:57.163  Texas Instruments SmartRF Flash Programmer 2 v1.8.2-windows
18:24:57.166  -------------------------------------------------------------------------------
18:24:57.169  Connected over 2-pin cJTAG.
18:24:57.172  Reading file: C:\Users\maxor\workspace_ccstheia\sck2400_firmware\Debug\sck2400_firmware.hex.
18:24:57.175  Start flash erase ...
18:24:57.177  1%83%100%
18:24:57.180  OK
18:24:57.184  Start flash programming ...
18:24:57.187  0%4%9%97%100%
18:24:57.190  OK
18:24:57.193  Start flash verify ...
18:24:57.196  0%0%
18:24:57.200  Skip verification of unassigned page: 0.2%
18:24:57.219  Skip verification of unassigned page: 1.4%
18:24:57.223  Page: 2 verified OK.6%
18:24:57.227  Page: 3 verified OK.9%
18:24:57.231  Page: 4 verified OK.11%
18:24:57.234  Page: 5 verified OK.13%
18:24:57.237  Page: 6 verified OK.16%
18:24:57.240  Skip verification of unassigned page: 7.18%
18:24:57.242  Skip verification of unassigned page: 8.20%
18:24:57.245  Skip verification of unassigned page: 9.23%
18:24:57.247  Skip verification of unassigned page: 10.25%
18:24:57.251  Skip verification of unassigned page: 11.27%
18:24:57.254  Skip verification of unassigned page: 12.30%
18:24:57.256  Skip verification of unassigned page: 13.32%
18:24:57.259  Skip verification of unassigned page: 14.34%
18:24:57.261  Skip verification of unassigned page: 15.37%
18:24:57.264  Skip verification of unassigned page: 16.39%
18:24:57.267  Skip verification of unassigned page: 17.41%
18:24:57.270  Skip verification of unassigned page: 18.44%
18:24:57.273  Skip verification of unassigned page: 19.46%
18:24:57.275  Skip verification of unassigned page: 20.48%
18:24:57.278  Skip verification of unassigned page: 21.51%
18:24:57.281  Skip verification of unassigned page: 22.53%
18:24:57.283  Skip verification of unassigned page: 23.55%
18:24:57.286  Skip verification of unassigned page: 24.58%
18:24:57.301  Skip verification of unassigned page: 25.60%
18:24:57.304  Skip verification of unassigned page: 26.62%
18:24:57.306  Skip verification of unassigned page: 27.65%
18:24:57.309  Skip verification of unassigned page: 28.67%
18:24:57.312  Skip verification of unassigned page: 29.69%
18:24:57.314  Skip verification of unassigned page: 30.72%
18:24:57.317  Skip verification of unassigned page: 31.74%
18:24:57.320  Skip verification of unassigned page: 32.76%
18:24:57.323  Skip verification of unassigned page: 33.79%
18:24:57.325  Skip verification of unassigned page: 34.81%
18:24:57.328  Skip verification of unassigned page: 35.83%
18:24:57.330  Skip verification of unassigned page: 36.86%
18:24:57.334  Skip verification of unassigned page: 37.88%
18:24:57.338  Skip verification of unassigned page: 38.90%
18:24:57.342  Skip verification of unassigned page: 39.93%
18:24:57.345  Skip verification of unassigned page: 40.95%
18:24:57.347  Skip verification of unassigned page: 41.97%
18:24:57.351  Page: 42 verified OK.100%100%
18:24:57.354  OK
18:24:57.357  Reset target ...
18:24:57.360  OK
18:24:57.363  ✓ Flash complete — GS Board  (APID 0x010)
18:25:04.390    → TX [0000]  [CCSDS] get_telem seq=3 dest=0x010
18:25:09.438    ✗ No telem reply
18:29:16.250  RF Power: patched radio.h → TX_POWER = BENCH (0 dBm bench)
18:29:16.253  Board: patched ccsds.h → SCK_APID_THIS_BOARD = 0x010 (GS Board  (APID 0x010))
18:29:16.264  ══════════════════════════════════════════════════
18:29:16.266    SCK-2400 Build  →  GS Board  (APID 0x010)
18:29:16.267    SCK_APID_THIS_BOARD = 0x010
18:29:16.268    Build type: full
18:29:16.269  ══════════════════════════════════════════════════
18:29:19.626  # ================================================================================
18:29:19.636  # [Mon Jun 08 18:29:19 CDT 2026]: CCS headless build starting...
18:29:19.765  **** Clean-only build of configuration 'Debug' for project 'sck2400_firmware' ****
18:29:19.823  "C:\\ti\\ccs2051\\ccs\\utils\\bin\\gmake" -k -j 12 clean -r -O
18:29:20.062  DEL /F "syscfg\ti_radio_config.h" "syscfg\ti_drivers_config.h" "syscfg\ti_utils_build_linker.cmd.genlibs" "syscfg\ti_utils_build_linker.cmd.genmap" "syscfg\syscfg_c.rov.xs" "syscfg\ti_sysbios_config.h" "syscfg\ti_devices_config.c" "syscfg\ti_radio_config.c" "syscfg\ti_drivers_config.c" "syscfg\ti_utils_build_compiler.opt" "syscfg\ti_sysbios_config.c" "sck2400_firmware.out"
18:29:20.065  DEL /F "RFQueue.o" "ccsds.o" "main.o" "main_tirtos.o" "oad_image_header_app.o" "radio.o" "syscfg\ti_devices_config.o" "syscfg\ti_radio_config.o" "syscfg\ti_drivers_config.o" "syscfg\ti_sysbios_config.o" "telemetry.o" "uart.o"
18:29:20.066  DEL /F "RFQueue.d" "ccsds.d" "main.d" "main_tirtos.d" "oad_image_header_app.d" "radio.d" "syscfg\ti_devices_config.d" "syscfg\ti_radio_config.d" "syscfg\ti_drivers_config.d" "syscfg\ti_sysbios_config.d" "telemetry.d" "uart.d"
18:29:20.067  RMDIR /S/Q "syscfg"
18:29:20.123  **** Build finished ****
18:29:22.121  **** Build of configuration 'Debug' for project 'sck2400_firmware' ****
18:29:22.132  "C:\\ti\\ccs2051\\ccs\\utils\\bin\\gmake" -k -j 12 all -r -O
18:29:24.187  SysConfig - building file: "../sck2400.syscfg"
18:29:24.189  "C:/ti/sysconfig_1.21.1/sysconfig_cli.bat" -s "C:/ti/simplelink_cc13xx_cc26xx_sdk_8_32_00_07/.metadata/product.json" --script "C:/Users/maxor/workspace_ccstheia/sck2400_firmware/sck2400.syscfg" -o "syscfg" --compiler ticlang
18:29:24.191  Running script...
18:29:24.195  Validating...
18:29:24.196  warning: CONFIG_SPI_0(/ti/drivers/SPI) spi.csnPin: Connected to hardware
18:29:24.206  DIO20/38 is connected to MX25R8035F SPI Flash Chip Select on the CC1352P-2 LaunchPad. Consider selecting it in 'use hardware' above. Using a custom board?
18:29:24.209  0 error(s), 1 warning(s)
18:29:24.212  Generating Code (sck2400.syscfg)...
18:29:24.215  Writing C:\Users\maxor\workspace_ccstheia\sck2400_firmware\Debug\syscfg\ti_devices_config.c...
18:29:24.218  Writing C:\Users\maxor\workspace_ccstheia\sck2400_firmware\Debug\syscfg\ti_radio_config.c...
18:29:24.222  Writing C:\Users\maxor\workspace_ccstheia\sck2400_firmware\Debug\syscfg\ti_radio_config.h...
18:29:24.226  Writing C:\Users\maxor\workspace_ccstheia\sck2400_firmware\Debug\syscfg\ti_drivers_config.c...
18:29:24.228  Writing C:\Users\maxor\workspace_ccstheia\sck2400_firmware\Debug\syscfg\ti_drivers_config.h...
18:29:24.232  Writing C:\Users\maxor\workspace_ccstheia\sck2400_firmware\Debug\syscfg\ti_utils_build_linker.cmd.genlibs...
18:29:24.234  Writing C:\Users\maxor\workspace_ccstheia\sck2400_firmware\Debug\syscfg\ti_utils_build_linker.cmd.genmap...
18:29:24.239  Writing C:\Users\maxor\workspace_ccstheia\sck2400_firmware\Debug\syscfg\ti_utils_build_compiler.opt...
18:29:24.243  Writing C:\Users\maxor\workspace_ccstheia\sck2400_firmware\Debug\syscfg\syscfg_c.rov.xs...
18:29:24.246  Writing C:\Users\maxor\workspace_ccstheia\sck2400_firmware\Debug\syscfg\ti_sysbios_config.h...
18:29:24.249  Writing C:\Users\maxor\workspace_ccstheia\sck2400_firmware\Debug\syscfg\ti_sysbios_config.c...
18:29:24.252  Finished building: "../sck2400.syscfg"
18:29:24.501  Arm Compiler - building file: "../RFQueue.c"
18:29:24.507  "C:/ti/ti_cgt_arm_llvm_3.2.2.LTS/bin/tiarmclang.exe" -c -mcpu=cortex-m4 -mfloat-abi=hard -mfpu=fpv4-sp-d16 -mlittle-endian -mthumb -Oz -I"C:/Users/maxor/workspace_ccstheia/sck2400_firmware" -I"C:/Users/maxor/workspace_ccstheia/sck2400_firmware/Debug" -I"C:/ti/simplelink_cc13xx_cc26xx_sdk_8_32_00_07/source" -I"C:/ti/simplelink_cc13xx_cc26xx_sdk_8_32_00_07/kernel/tirtos7/packages" -I"C:/ti/simplelink_cc13xx_cc26xx_sdk_8_32_00_07/source/ti/posix/ticlang" -gdwarf-3 -march=armv7e-m -MMD -MP -MF"RFQueue.d_raw" -MT"RFQueue.o" -I"C:/Users/maxor/workspace_ccstheia/sck2400_firmware/Debug/syscfg"  @"syscfg/ti_utils_build_compiler.opt"  -o"RFQueue.o" "../RFQueue.c"
18:29:24.512  Finished building: "../RFQueue.c"
18:29:24.516  Arm Compiler - building file: "../ccsds.c"
18:29:24.519  "C:/ti/ti_cgt_arm_llvm_3.2.2.LTS/bin/tiarmclang.exe" -c -mcpu=cortex-m4 -mfloat-abi=hard -mfpu=fpv4-sp-d16 -mlittle-endian -mthumb -Oz -I"C:/Users/maxor/workspace_ccstheia/sck2400_firmware" -I"C:/Users/maxor/workspace_ccstheia/sck2400_firmware/Debug" -I"C:/ti/simplelink_cc13xx_cc26xx_sdk_8_32_00_07/source" -I"C:/ti/simplelink_cc13xx_cc26xx_sdk_8_32_00_07/kernel/tirtos7/packages" -I"C:/ti/simplelink_cc13xx_cc26xx_sdk_8_32_00_07/source/ti/posix/ticlang" -gdwarf-3 -march=armv7e-m -MMD -MP -MF"ccsds.d_raw" -MT"ccsds.o" -I"C:/Users/maxor/workspace_ccstheia/sck2400_firmware/Debug/syscfg"  @"syscfg/ti_utils_build_compiler.opt"  -o"ccsds.o" "../ccsds.c"
18:29:24.523  Finished building: "../ccsds.c"
18:29:24.580  Arm Compiler - building file: "../main.c"
18:29:24.585  "C:/ti/ti_cgt_arm_llvm_3.2.2.LTS/bin/tiarmclang.exe" -c -mcpu=cortex-m4 -mfloat-abi=hard -mfpu=fpv4-sp-d16 -mlittle-endian -mthumb -Oz -I"C:/Users/maxor/workspace_ccstheia/sck2400_firmware" -I"C:/Users/maxor/workspace_ccstheia/sck2400_firmware/Debug" -I"C:/ti/simplelink_cc13xx_cc26xx_sdk_8_32_00_07/source" -I"C:/ti/simplelink_cc13xx_cc26xx_sdk_8_32_00_07/kernel/tirtos7/packages" -I"C:/ti/simplelink_cc13xx_cc26xx_sdk_8_32_00_07/source/ti/posix/ticlang" -gdwarf-3 -march=armv7e-m -MMD -MP -MF"main.d_raw" -MT"main.o" -I"C:/Users/maxor/workspace_ccstheia/sck2400_firmware/Debug/syscfg"  @"syscfg/ti_utils_build_compiler.opt"  -o"main.o" "../main.c"
18:29:24.591  Finished building: "../main.c"
18:29:24.595  Arm Compiler - building file: "../main_tirtos.c"
18:29:24.598  "C:/ti/ti_cgt_arm_llvm_3.2.2.LTS/bin/tiarmclang.exe" -c -mcpu=cortex-m4 -mfloat-abi=hard -mfpu=fpv4-sp-d16 -mlittle-endian -mthumb -Oz -I"C:/Users/maxor/workspace_ccstheia/sck2400_firmware" -I"C:/Users/maxor/workspace_ccstheia/sck2400_firmware/Debug" -I"C:/ti/simplelink_cc13xx_cc26xx_sdk_8_32_00_07/source" -I"C:/ti/simplelink_cc13xx_cc26xx_sdk_8_32_00_07/kernel/tirtos7/packages" -I"C:/ti/simplelink_cc13xx_cc26xx_sdk_8_32_00_07/source/ti/posix/ticlang" -gdwarf-3 -march=armv7e-m -MMD -MP -MF"main_tirtos.d_raw" -MT"main_tirtos.o" -I"C:/Users/maxor/workspace_ccstheia/sck2400_firmware/Debug/syscfg"  @"syscfg/ti_utils_build_compiler.opt"  -o"main_tirtos.o" "../main_tirtos.c"
18:29:24.603  Finished building: "../main_tirtos.c"
18:29:24.617  Arm Compiler - building file: "../oad_image_header_app.c"
18:29:24.627  "C:/ti/ti_cgt_arm_llvm_3.2.2.LTS/bin/tiarmclang.exe" -c -mcpu=cortex-m4 -mfloat-abi=hard -mfpu=fpv4-sp-d16 -mlittle-endian -mthumb -Oz -I"C:/Users/maxor/workspace_ccstheia/sck2400_firmware" -I"C:/Users/maxor/workspace_ccstheia/sck2400_firmware/Debug" -I"C:/ti/simplelink_cc13xx_cc26xx_sdk_8_32_00_07/source" -I"C:/ti/simplelink_cc13xx_cc26xx_sdk_8_32_00_07/kernel/tirtos7/packages" -I"C:/ti/simplelink_cc13xx_cc26xx_sdk_8_32_00_07/source/ti/posix/ticlang" -gdwarf-3 -march=armv7e-m -MMD -MP -MF"oad_image_header_app.d_raw" -MT"oad_image_header_app.o" -I"C:/Users/maxor/workspace_ccstheia/sck2400_firmware/Debug/syscfg"  @"syscfg/ti_utils_build_compiler.opt"  -o"oad_image_header_app.o" "../oad_image_header_app.c"
18:29:24.632  Finished building: "../oad_image_header_app.c"
18:29:24.980  Arm Compiler - building file: "syscfg/ti_devices_config.c"
18:29:24.987  "C:/ti/ti_cgt_arm_llvm_3.2.2.LTS/bin/tiarmclang.exe" -c -mcpu=cortex-m4 -mfloat-abi=hard -mfpu=fpv4-sp-d16 -mlittle-endian -mthumb -Oz -I"C:/Users/maxor/workspace_ccstheia/sck2400_firmware" -I"C:/Users/maxor/workspace_ccstheia/sck2400_firmware/Debug" -I"C:/ti/simplelink_cc13xx_cc26xx_sdk_8_32_00_07/source" -I"C:/ti/simplelink_cc13xx_cc26xx_sdk_8_32_00_07/kernel/tirtos7/packages" -I"C:/ti/simplelink_cc13xx_cc26xx_sdk_8_32_00_07/source/ti/posix/ticlang" -gdwarf-3 -march=armv7e-m -MMD -MP -MF"syscfg/ti_devices_config.d_raw" -MT"syscfg/ti_devices_config.o" -I"C:/Users/maxor/workspace_ccstheia/sck2400_firmware/Debug/syscfg"  @"syscfg/ti_utils_build_compiler.opt"  -o"syscfg/ti_devices_config.o" "syscfg/ti_devices_config.c"
18:29:24.994  Finished building: "syscfg/ti_devices_config.c"
18:29:25.013  Arm Compiler - building file: "syscfg/ti_radio_config.c"
18:29:25.017  "C:/ti/ti_cgt_arm_llvm_3.2.2.LTS/bin/tiarmclang.exe" -c -mcpu=cortex-m4 -mfloat-abi=hard -mfpu=fpv4-sp-d16 -mlittle-endian -mthumb -Oz -I"C:/Users/maxor/workspace_ccstheia/sck2400_firmware" -I"C:/Users/maxor/workspace_ccstheia/sck2400_firmware/Debug" -I"C:/ti/simplelink_cc13xx_cc26xx_sdk_8_32_00_07/source" -I"C:/ti/simplelink_cc13xx_cc26xx_sdk_8_32_00_07/kernel/tirtos7/packages" -I"C:/ti/simplelink_cc13xx_cc26xx_sdk_8_32_00_07/source/ti/posix/ticlang" -gdwarf-3 -march=armv7e-m -MMD -MP -MF"syscfg/ti_radio_config.d_raw" -MT"syscfg/ti_radio_config.o" -I"C:/Users/maxor/workspace_ccstheia/sck2400_firmware/Debug/syscfg"  @"syscfg/ti_utils_build_compiler.opt"  -o"syscfg/ti_radio_config.o" "syscfg/ti_radio_config.c"
18:29:25.024  Finished building: "syscfg/ti_radio_config.c"
18:29:25.042  Arm Compiler - building file: "../radio.c"
18:29:25.047  "C:/ti/ti_cgt_arm_llvm_3.2.2.LTS/bin/tiarmclang.exe" -c -mcpu=cortex-m4 -mfloat-abi=hard -mfpu=fpv4-sp-d16 -mlittle-endian -mthumb -Oz -I"C:/Users/maxor/workspace_ccstheia/sck2400_firmware" -I"C:/Users/maxor/workspace_ccstheia/sck2400_firmware/Debug" -I"C:/ti/simplelink_cc13xx_cc26xx_sdk_8_32_00_07/source" -I"C:/ti/simplelink_cc13xx_cc26xx_sdk_8_32_00_07/kernel/tirtos7/packages" -I"C:/ti/simplelink_cc13xx_cc26xx_sdk_8_32_00_07/source/ti/posix/ticlang" -gdwarf-3 -march=armv7e-m -MMD -MP -MF"radio.d_raw" -MT"radio.o" -I"C:/Users/maxor/workspace_ccstheia/sck2400_firmware/Debug/syscfg"  @"syscfg/ti_utils_build_compiler.opt"  -o"radio.o" "../radio.c"
18:29:25.069  Finished building: "../radio.c"
18:29:25.076  Arm Compiler - building file: "syscfg/ti_drivers_config.c"
18:29:25.079  "C:/ti/ti_cgt_arm_llvm_3.2.2.LTS/bin/tiarmclang.exe" -c -mcpu=cortex-m4 -mfloat-abi=hard -mfpu=fpv4-sp-d16 -mlittle-endian -mthumb -Oz -I"C:/Users/maxor/workspace_ccstheia/sck2400_firmware" -I"C:/Users/maxor/workspace_ccstheia/sck2400_firmware/Debug" -I"C:/ti/simplelink_cc13xx_cc26xx_sdk_8_32_00_07/source" -I"C:/ti/simplelink_cc13xx_cc26xx_sdk_8_32_00_07/kernel/tirtos7/packages" -I"C:/ti/simplelink_cc13xx_cc26xx_sdk_8_32_00_07/source/ti/posix/ticlang" -gdwarf-3 -march=armv7e-m -MMD -MP -MF"syscfg/ti_drivers_config.d_raw" -MT"syscfg/ti_drivers_config.o" -I"C:/Users/maxor/workspace_ccstheia/sck2400_firmware/Debug/syscfg"  @"syscfg/ti_utils_build_compiler.opt"  -o"syscfg/ti_drivers_config.o" "syscfg/ti_drivers_config.c"
18:29:25.084  Finished building: "syscfg/ti_drivers_config.c"
18:29:25.167  Arm Compiler - building file: "../telemetry.c"
18:29:25.171  "C:/ti/ti_cgt_arm_llvm_3.2.2.LTS/bin/tiarmclang.exe" -c -mcpu=cortex-m4 -mfloat-abi=hard -mfpu=fpv4-sp-d16 -mlittle-endian -mthumb -Oz -I"C:/Users/maxor/workspace_ccstheia/sck2400_firmware" -I"C:/Users/maxor/workspace_ccstheia/sck2400_firmware/Debug" -I"C:/ti/simplelink_cc13xx_cc26xx_sdk_8_32_00_07/source" -I"C:/ti/simplelink_cc13xx_cc26xx_sdk_8_32_00_07/kernel/tirtos7/packages" -I"C:/ti/simplelink_cc13xx_cc26xx_sdk_8_32_00_07/source/ti/posix/ticlang" -gdwarf-3 -march=armv7e-m -MMD -MP -MF"telemetry.d_raw" -MT"telemetry.o" -I"C:/Users/maxor/workspace_ccstheia/sck2400_firmware/Debug/syscfg"  @"syscfg/ti_utils_build_compiler.opt"  -o"telemetry.o" "../telemetry.c"
18:29:25.176  Finished building: "../telemetry.c"
18:29:25.334  Arm Compiler - building file: "../uart.c"
18:29:25.340  "C:/ti/ti_cgt_arm_llvm_3.2.2.LTS/bin/tiarmclang.exe" -c -mcpu=cortex-m4 -mfloat-abi=hard -mfpu=fpv4-sp-d16 -mlittle-endian -mthumb -Oz -I"C:/Users/maxor/workspace_ccstheia/sck2400_firmware" -I"C:/Users/maxor/workspace_ccstheia/sck2400_firmware/Debug" -I"C:/ti/simplelink_cc13xx_cc26xx_sdk_8_32_00_07/source" -I"C:/ti/simplelink_cc13xx_cc26xx_sdk_8_32_00_07/kernel/tirtos7/packages" -I"C:/ti/simplelink_cc13xx_cc26xx_sdk_8_32_00_07/source/ti/posix/ticlang" -gdwarf-3 -march=armv7e-m -MMD -MP -MF"uart.d_raw" -MT"uart.o" -I"C:/Users/maxor/workspace_ccstheia/sck2400_firmware/Debug/syscfg"  @"syscfg/ti_utils_build_compiler.opt"  -o"uart.o" "../uart.c"
18:29:25.344  Finished building: "../uart.c"
18:29:26.440  Arm Compiler - building file: "syscfg/ti_sysbios_config.c"
18:29:26.444  "C:/ti/ti_cgt_arm_llvm_3.2.2.LTS/bin/tiarmclang.exe" -c -mcpu=cortex-m4 -mfloat-abi=hard -mfpu=fpv4-sp-d16 -mlittle-endian -mthumb -Oz -I"C:/Users/maxor/workspace_ccstheia/sck2400_firmware" -I"C:/Users/maxor/workspace_ccstheia/sck2400_firmware/Debug" -I"C:/ti/simplelink_cc13xx_cc26xx_sdk_8_32_00_07/source" -I"C:/ti/simplelink_cc13xx_cc26xx_sdk_8_32_00_07/kernel/tirtos7/packages" -I"C:/ti/simplelink_cc13xx_cc26xx_sdk_8_32_00_07/source/ti/posix/ticlang" -gdwarf-3 -march=armv7e-m -MMD -MP -MF"syscfg/ti_sysbios_config.d_raw" -MT"syscfg/ti_sysbios_config.o" -I"C:/Users/maxor/workspace_ccstheia/sck2400_firmware/Debug/syscfg"  @"syscfg/ti_utils_build_compiler.opt"  -o"syscfg/ti_sysbios_config.o" "syscfg/ti_sysbios_config.c"
18:29:26.449  Finished building: "syscfg/ti_sysbios_config.c"
18:29:26.499  Arm Linker - building target: "sck2400_firmware.out"
18:29:26.504  "C:/ti/ti_cgt_arm_llvm_3.2.2.LTS/bin/tiarmclang.exe" -mcpu=cortex-m4 -mfloat-abi=hard -mfpu=fpv4-sp-d16 -mlittle-endian -mthumb -Oz -gdwarf-3 -march=armv7e-m -Wl,-m"sck2400_firmware.map" -Wl,-i"C:/ti/simplelink_cc13xx_cc26xx_sdk_8_32_00_07/source" -Wl,-i"C:/ti/simplelink_cc13xx_cc26xx_sdk_8_32_00_07/kernel/tirtos7/packages" -Wl,-i"C:/Users/maxor/workspace_ccstheia/sck2400_firmware/Debug/syscfg" -Wl,-i"C:/ti/ti_cgt_arm_llvm_3.2.2.LTS/lib" -Wl,--diag_wrap=off -Wl,--display_error_number -Wl,--warn_sections -Wl,--xml_link_info="sck2400_firmware_linkInfo.xml" -Wl,--rom_model -o "sck2400_firmware.out" "./RFQueue.o" "./ccsds.o" "./main.o" "./main_tirtos.o" "./oad_image_header_app.o" "./radio.o" "./syscfg/ti_devices_config.o" "./syscfg/ti_radio_config.o" "./syscfg/ti_drivers_config.o" "./syscfg/ti_sysbios_config.o" "./telemetry.o" "./uart.o" "../cc13x2_cc26x2_tirtos7.cmd"  -Wl,-lti_utils_build_linker.cmd.genlibs -Wl,-llibc.a
18:29:27.129  Finished building target: "sck2400_firmware.out"
18:29:27.190  "C:/ti/ti_cgt_arm_llvm_3.2.2.LTS/bin/tiarmhex" -order MS --memwidth=8 --romwidth=8 --intel -o "sck2400_firmware.hex" "sck2400_firmware"
18:29:27.206  Translating to Intel format...
18:29:27.210  "sck2400_firmware.out" .image_header ==> .image_header
18:29:27.214  "sck2400_firmware.out" .text ==> .text
18:29:27.217  "sck2400_firmware.out" .rodata ==> .rodata
18:29:27.222  "sck2400_firmware.out" .resetVecs ==> .resetVecs
18:29:27.225  "sck2400_firmware.out" .args ==> .args
18:29:27.228  "sck2400_firmware.out" .cinit ==> .cinit
18:29:27.230  "sck2400_firmware.out" .ccfg ==> .ccfg
18:29:27.339  **** Build finished ****
18:29:27.461  # ----------------------------------------
18:29:27.466  # Problem summary for project 'sck2400_firmware': 0 errors, 1 warnings
18:29:27.471  Warning: sck2400.syscfg [CONFIG_SPI_0(/ti/drivers/SPI) spi.csnPin]: Connected to hardware
18:29:27.485  # --------------------------------------------------------------------------------
18:29:27.489  # [Mon Jun 08 18:29:27 CDT 2026]: CCS headless build complete - 0 out of 1 projects have errors
18:29:27.846  ✓ Build succeeded: C:\Users\maxor\workspace_ccstheia\sck2400_firmware\Debug\sck2400_firmware.hex
18:29:27.850    Board: GS Board  (APID 0x010)  APID: 0x010
18:29:31.622  XDS110 detected: Serial = L4300491
18:29:31.626  ══════════════════════════════════════════════════
18:29:31.630    SCK-2400 Local Flash  →  GS Board  (APID 0x010)
18:29:31.633    XDS110: L4300491
18:29:31.636    HEX: C:\Users\maxor\workspace_ccstheia\sck2400_firmware\Debug\sck2400_firmware.hex
18:29:31.640  ══════════════════════════════════════════════════
18:29:31.645  srfprog -t soc(XDS-L4300491, CC1352P) -e pif -p all -v rb -f "C:\Users\maxor\workspace_ccstheia\sck2400_firmware\Debug\sck2400_firmware.hex"
18:29:37.380  Texas Instruments SmartRF Flash Programmer 2 v1.8.2-windows
18:29:37.383  -------------------------------------------------------------------------------
18:29:37.385  Connected over 2-pin cJTAG.
18:29:37.388  Reading file: C:\Users\maxor\workspace_ccstheia\sck2400_firmware\Debug\sck2400_firmware.hex.
18:29:37.391  Start flash erase ...
18:29:37.393  1%83%100%
18:29:37.396  OK
18:29:37.398  Start flash programming ...
18:29:37.401  0%4%9%97%100%
18:29:37.403  OK
18:29:37.406  Start flash verify ...
18:29:37.408  0%0%
18:29:37.411  Skip verification of unassigned page: 0.2%
18:29:37.413  Skip verification of unassigned page: 1.4%
18:29:37.416  Page: 2 verified OK.6%
18:29:37.418  Page: 3 verified OK.9%
18:29:37.421  Page: 4 verified OK.11%
18:29:37.423  Page: 5 verified OK.13%
18:29:37.426  Page: 6 verified OK.16%
18:29:37.428  Skip verification of unassigned page: 7.18%
18:29:37.438  Skip verification of unassigned page: 8.20%
18:29:37.440  Skip verification of unassigned page: 9.23%
18:29:37.443  Skip verification of unassigned page: 10.25%
18:29:37.469  Skip verification of unassigned page: 11.27%
18:29:37.472  Skip verification of unassigned page: 12.30%
18:29:37.474  Skip verification of unassigned page: 13.32%
18:29:37.477  Skip verification of unassigned page: 14.34%
18:29:37.479  Skip verification of unassigned page: 15.37%
18:29:37.482  Skip verification of unassigned page: 16.39%
18:29:37.485  Skip verification of unassigned page: 17.41%
18:29:37.488  Skip verification of unassigned page: 18.44%
18:29:37.490  Skip verification of unassigned page: 19.46%
18:29:37.493  Skip verification of unassigned page: 20.48%
18:29:37.495  Skip verification of unassigned page: 21.51%
18:29:37.498  Skip verification of unassigned page: 22.53%
18:29:37.501  Skip verification of unassigned page: 23.55%
18:29:37.503  Skip verification of unassigned page: 24.58%
18:29:37.506  Skip verification of unassigned page: 25.60%
18:29:37.508  Skip verification of unassigned page: 26.62%
18:29:37.511  Skip verification of unassigned page: 27.65%
18:29:37.513  Skip verification of unassigned page: 28.67%
18:29:37.516  Skip verification of unassigned page: 29.69%
18:29:37.518  Skip verification of unassigned page: 30.72%
18:29:37.522  Skip verification of unassigned page: 31.74%
18:29:37.524  Skip verification of unassigned page: 32.76%
18:29:37.527  Skip verification of unassigned page: 33.79%
18:29:37.529  Skip verification of unassigned page: 34.81%
18:29:37.538  Skip verification of unassigned page: 35.83%
18:29:37.541  Skip verification of unassigned page: 36.86%
18:29:37.543  Skip verification of unassigned page: 37.88%
18:29:37.546  Skip verification of unassigned page: 38.90%
18:29:37.548  Skip verification of unassigned page: 39.93%
18:29:37.550  Skip verification of unassigned page: 40.95%
18:29:37.553  Skip verification of unassigned page: 41.97%
18:29:37.557  Page: 42 verified OK.100%100%
18:29:37.560  OK
18:29:37.564  Reset target ...
18:29:37.567  OK
18:29:37.570  ✓ Flash complete — GS Board  (APID 0x010)
18:29:44.261    → TX [0000]  [CCSDS] get_telem seq=4 dest=0x010
18:29:49.287    ✗ No telem reply
18:31:03.825    → TX [0000]  [CCSDS] get_telem seq=5 dest=0x010
18:31:08.524    ✗ No telem reply
18:32:37.239    → TX [0000]  [CCSDS] get_telem seq=6 dest=0x010
18:32:41.957    ✗ No telem reply
18:33:51.047    → TX [0000]  [CCSDS] get_telem seq=7 dest=0x010
18:33:56.044    ✗ No telem reply
18:47:27.456  RF Power: patched radio.h → TX_POWER = BENCH (0 dBm bench)
18:47:27.460  Board: patched ccsds.h → SCK_APID_THIS_BOARD = 0x010 (GS Board  (APID 0x010))
18:47:27.470  ══════════════════════════════════════════════════
18:47:27.472    SCK-2400 Build  →  GS Board  (APID 0x010)
18:47:27.473    SCK_APID_THIS_BOARD = 0x010
18:47:27.474    Build type: full
18:47:27.475  ══════════════════════════════════════════════════
18:47:30.745  # ================================================================================
18:47:30.749  # [Mon Jun 08 18:47:30 CDT 2026]: CCS headless build starting...
18:47:30.894  **** Clean-only build of configuration 'Debug' for project 'sck2400_firmware' ****
18:47:30.948  "C:\\ti\\ccs2051\\ccs\\utils\\bin\\gmake" -k -j 12 clean -r -O
18:47:31.169  DEL /F "syscfg\ti_radio_config.h" "syscfg\ti_drivers_config.h" "syscfg\ti_utils_build_linker.cmd.genlibs" "syscfg\ti_utils_build_linker.cmd.genmap" "syscfg\syscfg_c.rov.xs" "syscfg\ti_sysbios_config.h" "syscfg\ti_devices_config.c" "syscfg\ti_radio_config.c" "syscfg\ti_drivers_config.c" "syscfg\ti_utils_build_compiler.opt" "syscfg\ti_sysbios_config.c" "sck2400_firmware.out"
18:47:31.172  DEL /F "RFQueue.o" "ccsds.o" "main.o" "main_tirtos.o" "oad_image_header_app.o" "radio.o" "syscfg\ti_devices_config.o" "syscfg\ti_radio_config.o" "syscfg\ti_drivers_config.o" "syscfg\ti_sysbios_config.o" "telemetry.o" "uart.o"
18:47:31.173  DEL /F "RFQueue.d" "ccsds.d" "main.d" "main_tirtos.d" "oad_image_header_app.d" "radio.d" "syscfg\ti_devices_config.d" "syscfg\ti_radio_config.d" "syscfg\ti_drivers_config.d" "syscfg\ti_sysbios_config.d" "telemetry.d" "uart.d"
18:47:31.175  RMDIR /S/Q "syscfg"
18:47:31.232  **** Build finished ****
18:47:33.144  **** Build of configuration 'Debug' for project 'sck2400_firmware' ****
18:47:33.158  "C:\\ti\\ccs2051\\ccs\\utils\\bin\\gmake" -k -j 12 all -r -O
18:47:35.095  SysConfig - building file: "../sck2400.syscfg"
18:47:35.105  "C:/ti/sysconfig_1.21.1/sysconfig_cli.bat" -s "C:/ti/simplelink_cc13xx_cc26xx_sdk_8_32_00_07/.metadata/product.json" --script "C:/Users/maxor/workspace_ccstheia/sck2400_firmware/sck2400.syscfg" -o "syscfg" --compiler ticlang
18:47:35.107  Running script...
18:47:35.108  Validating...
18:47:35.110  warning: CONFIG_SPI_0(/ti/drivers/SPI) spi.csnPin: Connected to hardware
18:47:35.120  DIO20/38 is connected to MX25R8035F SPI Flash Chip Select on the CC1352P-2 LaunchPad. Consider selecting it in 'use hardware' above. Using a custom board?
18:47:35.123  0 error(s), 1 warning(s)
18:47:35.126  Generating Code (sck2400.syscfg)...
18:47:35.130  Writing C:\Users\maxor\workspace_ccstheia\sck2400_firmware\Debug\syscfg\ti_devices_config.c...
18:47:35.133  Writing C:\Users\maxor\workspace_ccstheia\sck2400_firmware\Debug\syscfg\ti_radio_config.c...
18:47:35.137  Writing C:\Users\maxor\workspace_ccstheia\sck2400_firmware\Debug\syscfg\ti_radio_config.h...
18:47:35.141  Writing C:\Users\maxor\workspace_ccstheia\sck2400_firmware\Debug\syscfg\ti_drivers_config.c...
18:47:35.146  Writing C:\Users\maxor\workspace_ccstheia\sck2400_firmware\Debug\syscfg\ti_drivers_config.h...
18:47:35.150  Writing C:\Users\maxor\workspace_ccstheia\sck2400_firmware\Debug\syscfg\ti_utils_build_linker.cmd.genlibs...
18:47:35.153  Writing C:\Users\maxor\workspace_ccstheia\sck2400_firmware\Debug\syscfg\ti_utils_build_linker.cmd.genmap...
18:47:35.156  Writing C:\Users\maxor\workspace_ccstheia\sck2400_firmware\Debug\syscfg\ti_utils_build_compiler.opt...
18:47:35.160  Writing C:\Users\maxor\workspace_ccstheia\sck2400_firmware\Debug\syscfg\syscfg_c.rov.xs...
18:47:35.163  Writing C:\Users\maxor\workspace_ccstheia\sck2400_firmware\Debug\syscfg\ti_sysbios_config.h...
18:47:35.169  Writing C:\Users\maxor\workspace_ccstheia\sck2400_firmware\Debug\syscfg\ti_sysbios_config.c...
18:47:35.173  Finished building: "../sck2400.syscfg"
18:47:35.363  Arm Compiler - building file: "../RFQueue.c"
18:47:35.369  "C:/ti/ti_cgt_arm_llvm_3.2.2.LTS/bin/tiarmclang.exe" -c -mcpu=cortex-m4 -mfloat-abi=hard -mfpu=fpv4-sp-d16 -mlittle-endian -mthumb -Oz -I"C:/Users/maxor/workspace_ccstheia/sck2400_firmware" -I"C:/Users/maxor/workspace_ccstheia/sck2400_firmware/Debug" -I"C:/ti/simplelink_cc13xx_cc26xx_sdk_8_32_00_07/source" -I"C:/ti/simplelink_cc13xx_cc26xx_sdk_8_32_00_07/kernel/tirtos7/packages" -I"C:/ti/simplelink_cc13xx_cc26xx_sdk_8_32_00_07/source/ti/posix/ticlang" -gdwarf-3 -march=armv7e-m -MMD -MP -MF"RFQueue.d_raw" -MT"RFQueue.o" -I"C:/Users/maxor/workspace_ccstheia/sck2400_firmware/Debug/syscfg"  @"syscfg/ti_utils_build_compiler.opt"  -o"RFQueue.o" "../RFQueue.c"
18:47:35.373  Finished building: "../RFQueue.c"
18:47:35.376  Arm Compiler - building file: "../ccsds.c"
18:47:35.379  "C:/ti/ti_cgt_arm_llvm_3.2.2.LTS/bin/tiarmclang.exe" -c -mcpu=cortex-m4 -mfloat-abi=hard -mfpu=fpv4-sp-d16 -mlittle-endian -mthumb -Oz -I"C:/Users/maxor/workspace_ccstheia/sck2400_firmware" -I"C:/Users/maxor/workspace_ccstheia/sck2400_firmware/Debug" -I"C:/ti/simplelink_cc13xx_cc26xx_sdk_8_32_00_07/source" -I"C:/ti/simplelink_cc13xx_cc26xx_sdk_8_32_00_07/kernel/tirtos7/packages" -I"C:/ti/simplelink_cc13xx_cc26xx_sdk_8_32_00_07/source/ti/posix/ticlang" -gdwarf-3 -march=armv7e-m -MMD -MP -MF"ccsds.d_raw" -MT"ccsds.o" -I"C:/Users/maxor/workspace_ccstheia/sck2400_firmware/Debug/syscfg"  @"syscfg/ti_utils_build_compiler.opt"  -o"ccsds.o" "../ccsds.c"
18:47:35.385  Finished building: "../ccsds.c"
18:47:35.426  Arm Compiler - building file: "../main.c"
18:47:35.432  "C:/ti/ti_cgt_arm_llvm_3.2.2.LTS/bin/tiarmclang.exe" -c -mcpu=cortex-m4 -mfloat-abi=hard -mfpu=fpv4-sp-d16 -mlittle-endian -mthumb -Oz -I"C:/Users/maxor/workspace_ccstheia/sck2400_firmware" -I"C:/Users/maxor/workspace_ccstheia/sck2400_firmware/Debug" -I"C:/ti/simplelink_cc13xx_cc26xx_sdk_8_32_00_07/source" -I"C:/ti/simplelink_cc13xx_cc26xx_sdk_8_32_00_07/kernel/tirtos7/packages" -I"C:/ti/simplelink_cc13xx_cc26xx_sdk_8_32_00_07/source/ti/posix/ticlang" -gdwarf-3 -march=armv7e-m -MMD -MP -MF"main.d_raw" -MT"main.o" -I"C:/Users/maxor/workspace_ccstheia/sck2400_firmware/Debug/syscfg"  @"syscfg/ti_utils_build_compiler.opt"  -o"main.o" "../main.c"
18:47:35.437  Finished building: "../main.c"
18:47:35.441  Arm Compiler - building file: "../main_tirtos.c"
18:47:35.461  "C:/ti/ti_cgt_arm_llvm_3.2.2.LTS/bin/tiarmclang.exe" -c -mcpu=cortex-m4 -mfloat-abi=hard -mfpu=fpv4-sp-d16 -mlittle-endian -mthumb -Oz -I"C:/Users/maxor/workspace_ccstheia/sck2400_firmware" -I"C:/Users/maxor/workspace_ccstheia/sck2400_firmware/Debug" -I"C:/ti/simplelink_cc13xx_cc26xx_sdk_8_32_00_07/source" -I"C:/ti/simplelink_cc13xx_cc26xx_sdk_8_32_00_07/kernel/tirtos7/packages" -I"C:/ti/simplelink_cc13xx_cc26xx_sdk_8_32_00_07/source/ti/posix/ticlang" -gdwarf-3 -march=armv7e-m -MMD -MP -MF"main_tirtos.d_raw" -MT"main_tirtos.o" -I"C:/Users/maxor/workspace_ccstheia/sck2400_firmware/Debug/syscfg"  @"syscfg/ti_utils_build_compiler.opt"  -o"main_tirtos.o" "../main_tirtos.c"
18:47:35.465  Finished building: "../main_tirtos.c"
18:47:35.469  Arm Compiler - building file: "../oad_image_header_app.c"
18:47:35.473  "C:/ti/ti_cgt_arm_llvm_3.2.2.LTS/bin/tiarmclang.exe" -c -mcpu=cortex-m4 -mfloat-abi=hard -mfpu=fpv4-sp-d16 -mlittle-endian -mthumb -Oz -I"C:/Users/maxor/workspace_ccstheia/sck2400_firmware" -I"C:/Users/maxor/workspace_ccstheia/sck2400_firmware/Debug" -I"C:/ti/simplelink_cc13xx_cc26xx_sdk_8_32_00_07/source" -I"C:/ti/simplelink_cc13xx_cc26xx_sdk_8_32_00_07/kernel/tirtos7/packages" -I"C:/ti/simplelink_cc13xx_cc26xx_sdk_8_32_00_07/source/ti/posix/ticlang" -gdwarf-3 -march=armv7e-m -MMD -MP -MF"oad_image_header_app.d_raw" -MT"oad_image_header_app.o" -I"C:/Users/maxor/workspace_ccstheia/sck2400_firmware/Debug/syscfg"  @"syscfg/ti_utils_build_compiler.opt"  -o"oad_image_header_app.o" "../oad_image_header_app.c"
18:47:35.478  Finished building: "../oad_image_header_app.c"
18:47:35.772  Arm Compiler - building file: "syscfg/ti_devices_config.c"
18:47:35.778  "C:/ti/ti_cgt_arm_llvm_3.2.2.LTS/bin/tiarmclang.exe" -c -mcpu=cortex-m4 -mfloat-abi=hard -mfpu=fpv4-sp-d16 -mlittle-endian -mthumb -Oz -I"C:/Users/maxor/workspace_ccstheia/sck2400_firmware" -I"C:/Users/maxor/workspace_ccstheia/sck2400_firmware/Debug" -I"C:/ti/simplelink_cc13xx_cc26xx_sdk_8_32_00_07/source" -I"C:/ti/simplelink_cc13xx_cc26xx_sdk_8_32_00_07/kernel/tirtos7/packages" -I"C:/ti/simplelink_cc13xx_cc26xx_sdk_8_32_00_07/source/ti/posix/ticlang" -gdwarf-3 -march=armv7e-m -MMD -MP -MF"syscfg/ti_devices_config.d_raw" -MT"syscfg/ti_devices_config.o" -I"C:/Users/maxor/workspace_ccstheia/sck2400_firmware/Debug/syscfg"  @"syscfg/ti_utils_build_compiler.opt"  -o"syscfg/ti_devices_config.o" "syscfg/ti_devices_config.c"
18:47:35.785  Finished building: "syscfg/ti_devices_config.c"
18:47:35.789  Arm Compiler - building file: "syscfg/ti_radio_config.c"
18:47:35.793  "C:/ti/ti_cgt_arm_llvm_3.2.2.LTS/bin/tiarmclang.exe" -c -mcpu=cortex-m4 -mfloat-abi=hard -mfpu=fpv4-sp-d16 -mlittle-endian -mthumb -Oz -I"C:/Users/maxor/workspace_ccstheia/sck2400_firmware" -I"C:/Users/maxor/workspace_ccstheia/sck2400_firmware/Debug" -I"C:/ti/simplelink_cc13xx_cc26xx_sdk_8_32_00_07/source" -I"C:/ti/simplelink_cc13xx_cc26xx_sdk_8_32_00_07/kernel/tirtos7/packages" -I"C:/ti/simplelink_cc13xx_cc26xx_sdk_8_32_00_07/source/ti/posix/ticlang" -gdwarf-3 -march=armv7e-m -MMD -MP -MF"syscfg/ti_radio_config.d_raw" -MT"syscfg/ti_radio_config.o" -I"C:/Users/maxor/workspace_ccstheia/sck2400_firmware/Debug/syscfg"  @"syscfg/ti_utils_build_compiler.opt"  -o"syscfg/ti_radio_config.o" "syscfg/ti_radio_config.c"
18:47:35.799  Finished building: "syscfg/ti_radio_config.c"
18:47:35.806  Arm Compiler - building file: "../radio.c"
18:47:35.811  "C:/ti/ti_cgt_arm_llvm_3.2.2.LTS/bin/tiarmclang.exe" -c -mcpu=cortex-m4 -mfloat-abi=hard -mfpu=fpv4-sp-d16 -mlittle-endian -mthumb -Oz -I"C:/Users/maxor/workspace_ccstheia/sck2400_firmware" -I"C:/Users/maxor/workspace_ccstheia/sck2400_firmware/Debug" -I"C:/ti/simplelink_cc13xx_cc26xx_sdk_8_32_00_07/source" -I"C:/ti/simplelink_cc13xx_cc26xx_sdk_8_32_00_07/kernel/tirtos7/packages" -I"C:/ti/simplelink_cc13xx_cc26xx_sdk_8_32_00_07/source/ti/posix/ticlang" -gdwarf-3 -march=armv7e-m -MMD -MP -MF"radio.d_raw" -MT"radio.o" -I"C:/Users/maxor/workspace_ccstheia/sck2400_firmware/Debug/syscfg"  @"syscfg/ti_utils_build_compiler.opt"  -o"radio.o" "../radio.c"
18:47:35.818  Finished building: "../radio.c"
18:47:35.854  Arm Compiler - building file: "syscfg/ti_drivers_config.c"
18:47:35.860  "C:/ti/ti_cgt_arm_llvm_3.2.2.LTS/bin/tiarmclang.exe" -c -mcpu=cortex-m4 -mfloat-abi=hard -mfpu=fpv4-sp-d16 -mlittle-endian -mthumb -Oz -I"C:/Users/maxor/workspace_ccstheia/sck2400_firmware" -I"C:/Users/maxor/workspace_ccstheia/sck2400_firmware/Debug" -I"C:/ti/simplelink_cc13xx_cc26xx_sdk_8_32_00_07/source" -I"C:/ti/simplelink_cc13xx_cc26xx_sdk_8_32_00_07/kernel/tirtos7/packages" -I"C:/ti/simplelink_cc13xx_cc26xx_sdk_8_32_00_07/source/ti/posix/ticlang" -gdwarf-3 -march=armv7e-m -MMD -MP -MF"syscfg/ti_drivers_config.d_raw" -MT"syscfg/ti_drivers_config.o" -I"C:/Users/maxor/workspace_ccstheia/sck2400_firmware/Debug/syscfg"  @"syscfg/ti_utils_build_compiler.opt"  -o"syscfg/ti_drivers_config.o" "syscfg/ti_drivers_config.c"
18:47:35.866  Finished building: "syscfg/ti_drivers_config.c"
18:47:35.918  Arm Compiler - building file: "../telemetry.c"
18:47:35.923  "C:/ti/ti_cgt_arm_llvm_3.2.2.LTS/bin/tiarmclang.exe" -c -mcpu=cortex-m4 -mfloat-abi=hard -mfpu=fpv4-sp-d16 -mlittle-endian -mthumb -Oz -I"C:/Users/maxor/workspace_ccstheia/sck2400_firmware" -I"C:/Users/maxor/workspace_ccstheia/sck2400_firmware/Debug" -I"C:/ti/simplelink_cc13xx_cc26xx_sdk_8_32_00_07/source" -I"C:/ti/simplelink_cc13xx_cc26xx_sdk_8_32_00_07/kernel/tirtos7/packages" -I"C:/ti/simplelink_cc13xx_cc26xx_sdk_8_32_00_07/source/ti/posix/ticlang" -gdwarf-3 -march=armv7e-m -MMD -MP -MF"telemetry.d_raw" -MT"telemetry.o" -I"C:/Users/maxor/workspace_ccstheia/sck2400_firmware/Debug/syscfg"  @"syscfg/ti_utils_build_compiler.opt"  -o"telemetry.o" "../telemetry.c"
18:47:35.928  Finished building: "../telemetry.c"
18:47:36.063  Arm Compiler - building file: "../uart.c"
18:47:36.068  "C:/ti/ti_cgt_arm_llvm_3.2.2.LTS/bin/tiarmclang.exe" -c -mcpu=cortex-m4 -mfloat-abi=hard -mfpu=fpv4-sp-d16 -mlittle-endian -mthumb -Oz -I"C:/Users/maxor/workspace_ccstheia/sck2400_firmware" -I"C:/Users/maxor/workspace_ccstheia/sck2400_firmware/Debug" -I"C:/ti/simplelink_cc13xx_cc26xx_sdk_8_32_00_07/source" -I"C:/ti/simplelink_cc13xx_cc26xx_sdk_8_32_00_07/kernel/tirtos7/packages" -I"C:/ti/simplelink_cc13xx_cc26xx_sdk_8_32_00_07/source/ti/posix/ticlang" -gdwarf-3 -march=armv7e-m -MMD -MP -MF"uart.d_raw" -MT"uart.o" -I"C:/Users/maxor/workspace_ccstheia/sck2400_firmware/Debug/syscfg"  @"syscfg/ti_utils_build_compiler.opt"  -o"uart.o" "../uart.c"
18:47:36.072  Finished building: "../uart.c"
18:47:37.104  Arm Compiler - building file: "syscfg/ti_sysbios_config.c"
18:47:37.108  "C:/ti/ti_cgt_arm_llvm_3.2.2.LTS/bin/tiarmclang.exe" -c -mcpu=cortex-m4 -mfloat-abi=hard -mfpu=fpv4-sp-d16 -mlittle-endian -mthumb -Oz -I"C:/Users/maxor/workspace_ccstheia/sck2400_firmware" -I"C:/Users/maxor/workspace_ccstheia/sck2400_firmware/Debug" -I"C:/ti/simplelink_cc13xx_cc26xx_sdk_8_32_00_07/source" -I"C:/ti/simplelink_cc13xx_cc26xx_sdk_8_32_00_07/kernel/tirtos7/packages" -I"C:/ti/simplelink_cc13xx_cc26xx_sdk_8_32_00_07/source/ti/posix/ticlang" -gdwarf-3 -march=armv7e-m -MMD -MP -MF"syscfg/ti_sysbios_config.d_raw" -MT"syscfg/ti_sysbios_config.o" -I"C:/Users/maxor/workspace_ccstheia/sck2400_firmware/Debug/syscfg"  @"syscfg/ti_utils_build_compiler.opt"  -o"syscfg/ti_sysbios_config.o" "syscfg/ti_sysbios_config.c"
18:47:37.113  Finished building: "syscfg/ti_sysbios_config.c"
18:47:37.153  Arm Linker - building target: "sck2400_firmware.out"
18:47:37.157  "C:/ti/ti_cgt_arm_llvm_3.2.2.LTS/bin/tiarmclang.exe" -mcpu=cortex-m4 -mfloat-abi=hard -mfpu=fpv4-sp-d16 -mlittle-endian -mthumb -Oz -gdwarf-3 -march=armv7e-m -Wl,-m"sck2400_firmware.map" -Wl,-i"C:/ti/simplelink_cc13xx_cc26xx_sdk_8_32_00_07/source" -Wl,-i"C:/ti/simplelink_cc13xx_cc26xx_sdk_8_32_00_07/kernel/tirtos7/packages" -Wl,-i"C:/Users/maxor/workspace_ccstheia/sck2400_firmware/Debug/syscfg" -Wl,-i"C:/ti/ti_cgt_arm_llvm_3.2.2.LTS/lib" -Wl,--diag_wrap=off -Wl,--display_error_number -Wl,--warn_sections -Wl,--xml_link_info="sck2400_firmware_linkInfo.xml" -Wl,--rom_model -o "sck2400_firmware.out" "./RFQueue.o" "./ccsds.o" "./main.o" "./main_tirtos.o" "./oad_image_header_app.o" "./radio.o" "./syscfg/ti_devices_config.o" "./syscfg/ti_radio_config.o" "./syscfg/ti_drivers_config.o" "./syscfg/ti_sysbios_config.o" "./telemetry.o" "./uart.o" "../cc13x2_cc26x2_tirtos7.cmd"  -Wl,-lti_utils_build_linker.cmd.genlibs -Wl,-llibc.a
18:47:37.672  Finished building target: "sck2400_firmware.out"
18:47:37.728  "C:/ti/ti_cgt_arm_llvm_3.2.2.LTS/bin/tiarmhex" -order MS --memwidth=8 --romwidth=8 --intel -o "sck2400_firmware.hex" "sck2400_firmware"
18:47:37.742  Translating to Intel format...
18:47:37.747  "sck2400_firmware.out" .image_header ==> .image_header
18:47:37.751  "sck2400_firmware.out" .text ==> .text
18:47:37.756  "sck2400_firmware.out" .rodata ==> .rodata
18:47:37.773  "sck2400_firmware.out" .resetVecs ==> .resetVecs
18:47:37.776  "sck2400_firmware.out" .args ==> .args
18:47:37.780  "sck2400_firmware.out" .cinit ==> .cinit
18:47:37.783  "sck2400_firmware.out" .ccfg ==> .ccfg
18:47:37.840  **** Build finished ****
18:47:37.956  # ----------------------------------------
18:47:37.960  # Problem summary for project 'sck2400_firmware': 0 errors, 1 warnings
18:47:37.964  Warning: sck2400.syscfg [CONFIG_SPI_0(/ti/drivers/SPI) spi.csnPin]: Connected to hardware
18:47:37.968  # --------------------------------------------------------------------------------
18:47:37.972  # [Mon Jun 08 18:47:37 CDT 2026]: CCS headless build complete - 0 out of 1 projects have errors
18:47:38.304  ✓ Build succeeded: C:\Users\maxor\workspace_ccstheia\sck2400_firmware\Debug\sck2400_firmware.hex
18:47:38.308    Board: GS Board  (APID 0x010)  APID: 0x010
18:47:41.546  XDS110 detected: Serial = L4300491
18:47:41.551  ══════════════════════════════════════════════════
18:47:41.554    SCK-2400 Local Flash  →  GS Board  (APID 0x010)
18:47:41.557    XDS110: L4300491
18:47:41.560    HEX: C:\Users\maxor\workspace_ccstheia\sck2400_firmware\Debug\sck2400_firmware.hex
18:47:41.563  ══════════════════════════════════════════════════
18:47:41.566  srfprog -t soc(XDS-L4300491, CC1352P) -e pif -p all -v rb -f "C:\Users\maxor\workspace_ccstheia\sck2400_firmware\Debug\sck2400_firmware.hex"
18:47:47.249  Texas Instruments SmartRF Flash Programmer 2 v1.8.2-windows
18:47:47.252  -------------------------------------------------------------------------------
18:47:47.257  Connected over 2-pin cJTAG.
18:47:47.260  Reading file: C:\Users\maxor\workspace_ccstheia\sck2400_firmware\Debug\sck2400_firmware.hex.
18:47:47.263  Start flash erase ...
18:47:47.268  1%83%100%
18:47:47.270  OK
18:47:47.273  Start flash programming ...
18:47:47.278  0%4%9%97%100%
18:47:47.297  OK
18:47:47.301  Start flash verify ...
18:47:47.304  0%0%
18:47:47.307  Skip verification of unassigned page: 0.2%
18:47:47.310  Skip verification of unassigned page: 1.4%
18:47:47.313  Page: 2 verified OK.6%
18:47:47.318  Page: 3 verified OK.9%
18:47:47.322  Page: 4 verified OK.11%
18:47:47.326  Page: 5 verified OK.13%
18:47:47.329  Page: 6 verified OK.16%
18:47:47.332  Skip verification of unassigned page: 7.18%
18:47:47.335  Skip verification of unassigned page: 8.20%
18:47:47.338  Skip verification of unassigned page: 9.23%
18:47:47.341  Skip verification of unassigned page: 10.25%
18:47:47.344  Skip verification of unassigned page: 11.27%
18:47:47.347  Skip verification of unassigned page: 12.30%
18:47:47.351  Skip verification of unassigned page: 13.32%
18:47:47.354  Skip verification of unassigned page: 14.34%
18:47:47.356  Skip verification of unassigned page: 15.37%
18:47:47.359  Skip verification of unassigned page: 16.39%
18:47:47.362  Skip verification of unassigned page: 17.41%
18:47:47.365  Skip verification of unassigned page: 18.44%
18:47:47.368  Skip verification of unassigned page: 19.46%
18:47:47.371  Skip verification of unassigned page: 20.48%
18:47:47.391  Skip verification of unassigned page: 21.51%
18:47:47.394  Skip verification of unassigned page: 22.53%
18:47:47.397  Skip verification of unassigned page: 23.55%
18:47:47.400  Skip verification of unassigned page: 24.58%
18:47:47.403  Skip verification of unassigned page: 25.60%
18:47:47.406  Skip verification of unassigned page: 26.62%
18:47:47.409  Skip verification of unassigned page: 27.65%
18:47:47.412  Skip verification of unassigned page: 28.67%
18:47:47.415  Skip verification of unassigned page: 29.69%
18:47:47.418  Skip verification of unassigned page: 30.72%
18:47:47.421  Skip verification of unassigned page: 31.74%
18:47:47.424  Skip verification of unassigned page: 32.76%
18:47:47.427  Skip verification of unassigned page: 33.79%
18:47:47.431  Skip verification of unassigned page: 34.81%
18:47:47.435  Skip verification of unassigned page: 35.83%
18:47:47.439  Skip verification of unassigned page: 36.86%
18:47:47.442  Skip verification of unassigned page: 37.88%
18:47:47.445  Skip verification of unassigned page: 38.90%
18:47:47.448  Skip verification of unassigned page: 39.93%
18:47:47.452  Skip verification of unassigned page: 40.95%
18:47:47.455  Skip verification of unassigned page: 41.97%
18:47:47.458  Page: 42 verified OK.100%100%
18:47:47.461  OK
18:47:47.464  Reset target ...
18:47:47.485  OK
18:47:47.488  ✓ Flash complete — GS Board  (APID 0x010)
18:59:27.375    → TX [0000]  [CCSDS] get_telem seq=8 dest=0x010
18:59:32.398    ✗ No telem reply
19:12:07.520  RF Power: patched radio.h → TX_POWER = BENCH (0 dBm bench)
19:12:07.525  Board: patched ccsds.h → SCK_APID_THIS_BOARD = 0x010 (GS Board  (APID 0x010))
19:12:07.536  ══════════════════════════════════════════════════
19:12:07.537    SCK-2400 Build  →  GS Board  (APID 0x010)
19:12:07.539    SCK_APID_THIS_BOARD = 0x010
19:12:07.540    Build type: full
19:12:07.541  ══════════════════════════════════════════════════
19:12:10.838  # ================================================================================
19:12:10.842  # [Mon Jun 08 19:12:10 CDT 2026]: CCS headless build starting...
19:12:10.974  **** Clean-only build of configuration 'Debug' for project 'sck2400_firmware' ****
19:12:11.021  "C:\\ti\\ccs2051\\ccs\\utils\\bin\\gmake" -k -j 12 clean -r -O
19:12:11.258  DEL /F "syscfg\ti_radio_config.h" "syscfg\ti_drivers_config.h" "syscfg\ti_utils_build_linker.cmd.genlibs" "syscfg\ti_utils_build_linker.cmd.genmap" "syscfg\syscfg_c.rov.xs" "syscfg\ti_sysbios_config.h" "syscfg\ti_devices_config.c" "syscfg\ti_radio_config.c" "syscfg\ti_drivers_config.c" "syscfg\ti_utils_build_compiler.opt" "syscfg\ti_sysbios_config.c" "sck2400_firmware.out"
19:12:11.260  DEL /F "RFQueue.o" "ccsds.o" "main.o" "main_tirtos.o" "oad_image_header_app.o" "radio.o" "syscfg\ti_devices_config.o" "syscfg\ti_radio_config.o" "syscfg\ti_drivers_config.o" "syscfg\ti_sysbios_config.o" "telemetry.o" "uart.o"
19:12:11.262  DEL /F "RFQueue.d" "ccsds.d" "main.d" "main_tirtos.d" "oad_image_header_app.d" "radio.d" "syscfg\ti_devices_config.d" "syscfg\ti_radio_config.d" "syscfg\ti_drivers_config.d" "syscfg\ti_sysbios_config.d" "telemetry.d" "uart.d"
19:12:11.263  RMDIR /S/Q "syscfg"
19:12:11.313  **** Build finished ****
19:12:13.351  **** Build of configuration 'Debug' for project 'sck2400_firmware' ****
19:12:13.363  "C:\\ti\\ccs2051\\ccs\\utils\\bin\\gmake" -k -j 12 all -r -O
19:12:15.323  SysConfig - building file: "../sck2400.syscfg"
19:12:15.325  "C:/ti/sysconfig_1.21.1/sysconfig_cli.bat" -s "C:/ti/simplelink_cc13xx_cc26xx_sdk_8_32_00_07/.metadata/product.json" --script "C:/Users/maxor/workspace_ccstheia/sck2400_firmware/sck2400.syscfg" -o "syscfg" --compiler ticlang
19:12:15.337  Running script...
19:12:15.341  Validating...
19:12:15.345  warning: CONFIG_SPI_0(/ti/drivers/SPI) spi.csnPin: Connected to hardware
19:12:15.348  DIO20/38 is connected to MX25R8035F SPI Flash Chip Select on the CC1352P-2 LaunchPad. Consider selecting it in 'use hardware' above. Using a custom board?
19:12:15.351  0 error(s), 1 warning(s)
19:12:15.354  Generating Code (sck2400.syscfg)...
19:12:15.361  Writing C:\Users\maxor\workspace_ccstheia\sck2400_firmware\Debug\syscfg\ti_devices_config.c...
19:12:15.364  Writing C:\Users\maxor\workspace_ccstheia\sck2400_firmware\Debug\syscfg\ti_radio_config.c...
19:12:15.367  Writing C:\Users\maxor\workspace_ccstheia\sck2400_firmware\Debug\syscfg\ti_radio_config.h...
19:12:15.372  Writing C:\Users\maxor\workspace_ccstheia\sck2400_firmware\Debug\syscfg\ti_drivers_config.c...
19:12:15.377  Writing C:\Users\maxor\workspace_ccstheia\sck2400_firmware\Debug\syscfg\ti_drivers_config.h...
19:12:15.381  Writing C:\Users\maxor\workspace_ccstheia\sck2400_firmware\Debug\syscfg\ti_utils_build_linker.cmd.genlibs...
19:12:15.384  Writing C:\Users\maxor\workspace_ccstheia\sck2400_firmware\Debug\syscfg\ti_utils_build_linker.cmd.genmap...
19:12:15.387  Writing C:\Users\maxor\workspace_ccstheia\sck2400_firmware\Debug\syscfg\ti_utils_build_compiler.opt...
19:12:15.391  Writing C:\Users\maxor\workspace_ccstheia\sck2400_firmware\Debug\syscfg\syscfg_c.rov.xs...
19:12:15.394  Writing C:\Users\maxor\workspace_ccstheia\sck2400_firmware\Debug\syscfg\ti_sysbios_config.h...
19:12:15.399  Writing C:\Users\maxor\workspace_ccstheia\sck2400_firmware\Debug\syscfg\ti_sysbios_config.c...
19:12:15.402  Finished building: "../sck2400.syscfg"
19:12:15.565  Arm Compiler - building file: "../main_tirtos.c"
19:12:15.572  "C:/ti/ti_cgt_arm_llvm_3.2.2.LTS/bin/tiarmclang.exe" -c -mcpu=cortex-m4 -mfloat-abi=hard -mfpu=fpv4-sp-d16 -mlittle-endian -mthumb -Oz -I"C:/Users/maxor/workspace_ccstheia/sck2400_firmware" -I"C:/Users/maxor/workspace_ccstheia/sck2400_firmware/Debug" -I"C:/ti/simplelink_cc13xx_cc26xx_sdk_8_32_00_07/source" -I"C:/ti/simplelink_cc13xx_cc26xx_sdk_8_32_00_07/kernel/tirtos7/packages" -I"C:/ti/simplelink_cc13xx_cc26xx_sdk_8_32_00_07/source/ti/posix/ticlang" -gdwarf-3 -march=armv7e-m -MMD -MP -MF"main_tirtos.d_raw" -MT"main_tirtos.o" -I"C:/Users/maxor/workspace_ccstheia/sck2400_firmware/Debug/syscfg"  @"syscfg/ti_utils_build_compiler.opt"  -o"main_tirtos.o" "../main_tirtos.c"
19:12:15.579  ../main_tirtos.c:62:5: warning: call to undeclared function 'GPIO_init'; ISO C99 and later do not support implicit function declarations [-Wimplicit-function-declaration]
19:12:15.583  GPIO_init();
19:12:15.586  ^
19:12:15.591  ../main_tirtos.c:63:5: warning: call to undeclared function 'GPIO_setConfig'; ISO C99 and later do not support implicit function declarations [-Wimplicit-function-declaration]
19:12:15.595  GPIO_setConfig(CONFIG_GPIO_GLED, GPIO_CFG_OUT_STD | GPIO_CFG_OUT_LOW);
19:12:15.599  ^
19:12:15.602  ../main_tirtos.c:63:20: error: use of undeclared identifier 'CONFIG_GPIO_GLED'
19:12:15.605  GPIO_setConfig(CONFIG_GPIO_GLED, GPIO_CFG_OUT_STD | GPIO_CFG_OUT_LOW);
19:12:15.608  ^
19:12:15.612  ../main_tirtos.c:63:38: error: use of undeclared identifier 'GPIO_CFG_OUT_STD'
19:12:15.616  GPIO_setConfig(CONFIG_GPIO_GLED, GPIO_CFG_OUT_STD | GPIO_CFG_OUT_LOW);
19:12:15.620  ^
19:12:15.623  ../main_tirtos.c:63:57: error: use of undeclared identifier 'GPIO_CFG_OUT_LOW'
19:12:15.627  GPIO_setConfig(CONFIG_GPIO_GLED, GPIO_CFG_OUT_STD | GPIO_CFG_OUT_LOW);
19:12:15.630  ^
19:12:15.634  ../main_tirtos.c:65:9: warning: call to undeclared function 'GPIO_write'; ISO C99 and later do not support implicit function declarations [-Wimplicit-function-declaration]
19:12:15.639  GPIO_write(CONFIG_GPIO_GLED, i & 1);
19:12:15.644  ^
19:12:15.647  ../main_tirtos.c:65:20: error: use of undeclared identifier 'CONFIG_GPIO_GLED'
19:12:15.651  GPIO_write(CONFIG_GPIO_GLED, i & 1);
19:12:15.654  ^
19:12:15.658  ../main_tirtos.c:68:5: warning: call to undeclared function 'GPIO_write'; ISO C99 and later do not support implicit function declarations [-Wimplicit-function-declaration]
19:12:15.664  GPIO_write(CONFIG_GPIO_GLED, 0);
19:12:15.667  ^
19:12:15.671  ../main_tirtos.c:68:16: error: use of undeclared identifier 'CONFIG_GPIO_GLED'
19:12:15.675  GPIO_write(CONFIG_GPIO_GLED, 0);
19:12:15.679  ^
19:12:15.683  4 warnings and 5 errors generated.
19:12:15.687  Arm Compiler - building file: "../RFQueue.c"
19:12:15.694  "C:/ti/ti_cgt_arm_llvm_3.2.2.LTS/bin/tiarmclang.exe" -c -mcpu=cortex-m4 -mfloat-abi=hard -mfpu=fpv4-sp-d16 -mlittle-endian -mthumb -Oz -I"C:/Users/maxor/workspace_ccstheia/sck2400_firmware" -I"C:/Users/maxor/workspace_ccstheia/sck2400_firmware/Debug" -I"C:/ti/simplelink_cc13xx_cc26xx_sdk_8_32_00_07/source" -I"C:/ti/simplelink_cc13xx_cc26xx_sdk_8_32_00_07/kernel/tirtos7/packages" -I"C:/ti/simplelink_cc13xx_cc26xx_sdk_8_32_00_07/source/ti/posix/ticlang" -gdwarf-3 -march=armv7e-m -MMD -MP -MF"RFQueue.d_raw" -MT"RFQueue.o" -I"C:/Users/maxor/workspace_ccstheia/sck2400_firmware/Debug/syscfg"  @"syscfg/ti_utils_build_compiler.opt"  -o"RFQueue.o" "../RFQueue.c"
19:12:15.698  Finished building: "../RFQueue.c"
19:12:15.702  Arm Compiler - building file: "../ccsds.c"
19:12:15.722  "C:/ti/ti_cgt_arm_llvm_3.2.2.LTS/bin/tiarmclang.exe" -c -mcpu=cortex-m4 -mfloat-abi=hard -mfpu=fpv4-sp-d16 -mlittle-endian -mthumb -Oz -I"C:/Users/maxor/workspace_ccstheia/sck2400_firmware" -I"C:/Users/maxor/workspace_ccstheia/sck2400_firmware/Debug" -I"C:/ti/simplelink_cc13xx_cc26xx_sdk_8_32_00_07/source" -I"C:/ti/simplelink_cc13xx_cc26xx_sdk_8_32_00_07/kernel/tirtos7/packages" -I"C:/ti/simplelink_cc13xx_cc26xx_sdk_8_32_00_07/source/ti/posix/ticlang" -gdwarf-3 -march=armv7e-m -MMD -MP -MF"ccsds.d_raw" -MT"ccsds.o" -I"C:/Users/maxor/workspace_ccstheia/sck2400_firmware/Debug/syscfg"  @"syscfg/ti_utils_build_compiler.opt"  -o"ccsds.o" "../ccsds.c"
19:12:15.728  Finished building: "../ccsds.c"
19:12:15.733  Arm Compiler - building file: "../main.c"
19:12:15.738  "C:/ti/ti_cgt_arm_llvm_3.2.2.LTS/bin/tiarmclang.exe" -c -mcpu=cortex-m4 -mfloat-abi=hard -mfpu=fpv4-sp-d16 -mlittle-endian -mthumb -Oz -I"C:/Users/maxor/workspace_ccstheia/sck2400_firmware" -I"C:/Users/maxor/workspace_ccstheia/sck2400_firmware/Debug" -I"C:/ti/simplelink_cc13xx_cc26xx_sdk_8_32_00_07/source" -I"C:/ti/simplelink_cc13xx_cc26xx_sdk_8_32_00_07/kernel/tirtos7/packages" -I"C:/ti/simplelink_cc13xx_cc26xx_sdk_8_32_00_07/source/ti/posix/ticlang" -gdwarf-3 -march=armv7e-m -MMD -MP -MF"main.d_raw" -MT"main.o" -I"C:/Users/maxor/workspace_ccstheia/sck2400_firmware/Debug/syscfg"  @"syscfg/ti_utils_build_compiler.opt"  -o"main.o" "../main.c"
19:12:15.743  Finished building: "../main.c"
19:12:15.747  Arm Compiler - building file: "../oad_image_header_app.c"
19:12:15.751  "C:/ti/ti_cgt_arm_llvm_3.2.2.LTS/bin/tiarmclang.exe" -c -mcpu=cortex-m4 -mfloat-abi=hard -mfpu=fpv4-sp-d16 -mlittle-endian -mthumb -Oz -I"C:/Users/maxor/workspace_ccstheia/sck2400_firmware" -I"C:/Users/maxor/workspace_ccstheia/sck2400_firmware/Debug" -I"C:/ti/simplelink_cc13xx_cc26xx_sdk_8_32_00_07/source" -I"C:/ti/simplelink_cc13xx_cc26xx_sdk_8_32_00_07/kernel/tirtos7/packages" -I"C:/ti/simplelink_cc13xx_cc26xx_sdk_8_32_00_07/source/ti/posix/ticlang" -gdwarf-3 -march=armv7e-m -MMD -MP -MF"oad_image_header_app.d_raw" -MT"oad_image_header_app.o" -I"C:/Users/maxor/workspace_ccstheia/sck2400_firmware/Debug/syscfg"  @"syscfg/ti_utils_build_compiler.opt"  -o"oad_image_header_app.o" "../oad_image_header_app.c"
19:12:15.758  Finished building: "../oad_image_header_app.c"
19:12:15.949  Arm Compiler - building file: "syscfg/ti_devices_config.c"
19:12:15.956  "C:/ti/ti_cgt_arm_llvm_3.2.2.LTS/bin/tiarmclang.exe" -c -mcpu=cortex-m4 -mfloat-abi=hard -mfpu=fpv4-sp-d16 -mlittle-endian -mthumb -Oz -I"C:/Users/maxor/workspace_ccstheia/sck2400_firmware" -I"C:/Users/maxor/workspace_ccstheia/sck2400_firmware/Debug" -I"C:/ti/simplelink_cc13xx_cc26xx_sdk_8_32_00_07/source" -I"C:/ti/simplelink_cc13xx_cc26xx_sdk_8_32_00_07/kernel/tirtos7/packages" -I"C:/ti/simplelink_cc13xx_cc26xx_sdk_8_32_00_07/source/ti/posix/ticlang" -gdwarf-3 -march=armv7e-m -MMD -MP -MF"syscfg/ti_devices_config.d_raw" -MT"syscfg/ti_devices_config.o" -I"C:/Users/maxor/workspace_ccstheia/sck2400_firmware/Debug/syscfg"  @"syscfg/ti_utils_build_compiler.opt"  -o"syscfg/ti_devices_config.o" "syscfg/ti_devices_config.c"
19:12:15.962  Finished building: "syscfg/ti_devices_config.c"
19:12:16.001  Arm Compiler - building file: "syscfg/ti_radio_config.c"
19:12:16.007  "C:/ti/ti_cgt_arm_llvm_3.2.2.LTS/bin/tiarmclang.exe" -c -mcpu=cortex-m4 -mfloat-abi=hard -mfpu=fpv4-sp-d16 -mlittle-endian -mthumb -Oz -I"C:/Users/maxor/workspace_ccstheia/sck2400_firmware" -I"C:/Users/maxor/workspace_ccstheia/sck2400_firmware/Debug" -I"C:/ti/simplelink_cc13xx_cc26xx_sdk_8_32_00_07/source" -I"C:/ti/simplelink_cc13xx_cc26xx_sdk_8_32_00_07/kernel/tirtos7/packages" -I"C:/ti/simplelink_cc13xx_cc26xx_sdk_8_32_00_07/source/ti/posix/ticlang" -gdwarf-3 -march=armv7e-m -MMD -MP -MF"syscfg/ti_radio_config.d_raw" -MT"syscfg/ti_radio_config.o" -I"C:/Users/maxor/workspace_ccstheia/sck2400_firmware/Debug/syscfg"  @"syscfg/ti_utils_build_compiler.opt"  -o"syscfg/ti_radio_config.o" "syscfg/ti_radio_config.c"
19:12:16.013  Finished building: "syscfg/ti_radio_config.c"
19:12:16.016  Arm Compiler - building file: "../radio.c"
19:12:16.020  "C:/ti/ti_cgt_arm_llvm_3.2.2.LTS/bin/tiarmclang.exe" -c -mcpu=cortex-m4 -mfloat-abi=hard -mfpu=fpv4-sp-d16 -mlittle-endian -mthumb -Oz -I"C:/Users/maxor/workspace_ccstheia/sck2400_firmware" -I"C:/Users/maxor/workspace_ccstheia/sck2400_firmware/Debug" -I"C:/ti/simplelink_cc13xx_cc26xx_sdk_8_32_00_07/source" -I"C:/ti/simplelink_cc13xx_cc26xx_sdk_8_32_00_07/kernel/tirtos7/packages" -I"C:/ti/simplelink_cc13xx_cc26xx_sdk_8_32_00_07/source/ti/posix/ticlang" -gdwarf-3 -march=armv7e-m -MMD -MP -MF"radio.d_raw" -MT"radio.o" -I"C:/Users/maxor/workspace_ccstheia/sck2400_firmware/Debug/syscfg"  @"syscfg/ti_utils_build_compiler.opt"  -o"radio.o" "../radio.c"
19:12:16.027  Finished building: "../radio.c"
19:12:16.087  Arm Compiler - building file: "syscfg/ti_drivers_config.c"
19:12:16.094  "C:/ti/ti_cgt_arm_llvm_3.2.2.LTS/bin/tiarmclang.exe" -c -mcpu=cortex-m4 -mfloat-abi=hard -mfpu=fpv4-sp-d16 -mlittle-endian -mthumb -Oz -I"C:/Users/maxor/workspace_ccstheia/sck2400_firmware" -I"C:/Users/maxor/workspace_ccstheia/sck2400_firmware/Debug" -I"C:/ti/simplelink_cc13xx_cc26xx_sdk_8_32_00_07/source" -I"C:/ti/simplelink_cc13xx_cc26xx_sdk_8_32_00_07/kernel/tirtos7/packages" -I"C:/ti/simplelink_cc13xx_cc26xx_sdk_8_32_00_07/source/ti/posix/ticlang" -gdwarf-3 -march=armv7e-m -MMD -MP -MF"syscfg/ti_drivers_config.d_raw" -MT"syscfg/ti_drivers_config.o" -I"C:/Users/maxor/workspace_ccstheia/sck2400_firmware/Debug/syscfg"  @"syscfg/ti_utils_build_compiler.opt"  -o"syscfg/ti_drivers_config.o" "syscfg/ti_drivers_config.c"
19:12:16.099  Finished building: "syscfg/ti_drivers_config.c"
19:12:16.153  Arm Compiler - building file: "../telemetry.c"
19:12:16.158  "C:/ti/ti_cgt_arm_llvm_3.2.2.LTS/bin/tiarmclang.exe" -c -mcpu=cortex-m4 -mfloat-abi=hard -mfpu=fpv4-sp-d16 -mlittle-endian -mthumb -Oz -I"C:/Users/maxor/workspace_ccstheia/sck2400_firmware" -I"C:/Users/maxor/workspace_ccstheia/sck2400_firmware/Debug" -I"C:/ti/simplelink_cc13xx_cc26xx_sdk_8_32_00_07/source" -I"C:/ti/simplelink_cc13xx_cc26xx_sdk_8_32_00_07/kernel/tirtos7/packages" -I"C:/ti/simplelink_cc13xx_cc26xx_sdk_8_32_00_07/source/ti/posix/ticlang" -gdwarf-3 -march=armv7e-m -MMD -MP -MF"telemetry.d_raw" -MT"telemetry.o" -I"C:/Users/maxor/workspace_ccstheia/sck2400_firmware/Debug/syscfg"  @"syscfg/ti_utils_build_compiler.opt"  -o"telemetry.o" "../telemetry.c"
19:12:16.163  Finished building: "../telemetry.c"
19:12:16.308  Arm Compiler - building file: "../uart.c"
19:12:16.313  "C:/ti/ti_cgt_arm_llvm_3.2.2.LTS/bin/tiarmclang.exe" -c -mcpu=cortex-m4 -mfloat-abi=hard -mfpu=fpv4-sp-d16 -mlittle-endian -mthumb -Oz -I"C:/Users/maxor/workspace_ccstheia/sck2400_firmware" -I"C:/Users/maxor/workspace_ccstheia/sck2400_firmware/Debug" -I"C:/ti/simplelink_cc13xx_cc26xx_sdk_8_32_00_07/source" -I"C:/ti/simplelink_cc13xx_cc26xx_sdk_8_32_00_07/kernel/tirtos7/packages" -I"C:/ti/simplelink_cc13xx_cc26xx_sdk_8_32_00_07/source/ti/posix/ticlang" -gdwarf-3 -march=armv7e-m -MMD -MP -MF"uart.d_raw" -MT"uart.o" -I"C:/Users/maxor/workspace_ccstheia/sck2400_firmware/Debug/syscfg"  @"syscfg/ti_utils_build_compiler.opt"  -o"uart.o" "../uart.c"
19:12:16.318  Finished building: "../uart.c"
19:12:17.318  Arm Compiler - building file: "syscfg/ti_sysbios_config.c"
19:12:17.323  "C:/ti/ti_cgt_arm_llvm_3.2.2.LTS/bin/tiarmclang.exe" -c -mcpu=cortex-m4 -mfloat-abi=hard -mfpu=fpv4-sp-d16 -mlittle-endian -mthumb -Oz -I"C:/Users/maxor/workspace_ccstheia/sck2400_firmware" -I"C:/Users/maxor/workspace_ccstheia/sck2400_firmware/Debug" -I"C:/ti/simplelink_cc13xx_cc26xx_sdk_8_32_00_07/source" -I"C:/ti/simplelink_cc13xx_cc26xx_sdk_8_32_00_07/kernel/tirtos7/packages" -I"C:/ti/simplelink_cc13xx_cc26xx_sdk_8_32_00_07/source/ti/posix/ticlang" -gdwarf-3 -march=armv7e-m -MMD -MP -MF"syscfg/ti_sysbios_config.d_raw" -MT"syscfg/ti_sysbios_config.o" -I"C:/Users/maxor/workspace_ccstheia/sck2400_firmware/Debug/syscfg"  @"syscfg/ti_utils_build_compiler.opt"  -o"syscfg/ti_sysbios_config.o" "syscfg/ti_sysbios_config.c"
19:12:17.328  Finished building: "syscfg/ti_sysbios_config.c"
19:12:17.331  gmake: Target 'all' not remade because of errors.
19:12:17.367  **** Build finished ****
19:12:17.467  # ----------------------------------------
19:12:17.472  # Problem summary for project 'sck2400_firmware': 5 errors, 5 warnings
19:12:17.477  Error: main_tirtos.c [line 63]: use of undeclared identifier 'CONFIG_GPIO_GLED'
19:12:17.481  Error: main_tirtos.c [line 63]: use of undeclared identifier 'GPIO_CFG_OUT_STD'
19:12:17.486  Error: main_tirtos.c [line 63]: use of undeclared identifier 'GPIO_CFG_OUT_LOW'
19:12:17.491  Error: main_tirtos.c [line 65]: use of undeclared identifier 'CONFIG_GPIO_GLED'
19:12:17.495  Error: main_tirtos.c [line 68]: use of undeclared identifier 'CONFIG_GPIO_GLED'
19:12:17.498  Warning: main_tirtos.c [line 62]: call to undeclared function 'GPIO_init'; ISO C99 and later do not support implicit function declarations [-Wimplicit-function-declaration]
19:12:17.502  Warning: main_tirtos.c [line 63]: call to undeclared function 'GPIO_setConfig'; ISO C99 and later do not support implicit function declarations [-Wimplicit-function-declaration]
19:12:17.506  Warning: main_tirtos.c [line 65]: call to undeclared function 'GPIO_write'; ISO C99 and later do not support implicit function declarations [-Wimplicit-function-declaration]
19:12:17.511  Warning: main_tirtos.c [line 68]: call to undeclared function 'GPIO_write'; ISO C99 and later do not support implicit function declarations [-Wimplicit-function-declaration]
19:12:17.516  Warning: sck2400.syscfg [CONFIG_SPI_0(/ti/drivers/SPI) spi.csnPin]: Connected to hardware
19:12:17.521  # --------------------------------------------------------------------------------
19:12:17.527  # [Mon Jun 08 19:12:17 CDT 2026]: CCS headless build complete - 1 out of 1 projects have errors
19:12:17.798  ✗ Build FAILED (exit 1)
19:13:05.008  RF Power: patched radio.h → TX_POWER = BENCH (0 dBm bench)
19:13:05.015  Board: patched ccsds.h → SCK_APID_THIS_BOARD = 0x010 (GS Board  (APID 0x010))
19:13:05.027  ══════════════════════════════════════════════════
19:13:05.030    SCK-2400 Build  →  GS Board  (APID 0x010)
19:13:05.034    SCK_APID_THIS_BOARD = 0x010
19:13:05.037    Build type: full
19:13:05.040  ══════════════════════════════════════════════════
19:13:08.345  # ================================================================================
19:13:08.353  # [Mon Jun 08 19:13:08 CDT 2026]: CCS headless build starting...
19:13:08.482  **** Clean-only build of configuration 'Debug' for project 'sck2400_firmware' ****
19:13:08.533  "C:\\ti\\ccs2051\\ccs\\utils\\bin\\gmake" -k -j 12 clean -r -O
19:13:08.754  DEL /F "syscfg\ti_radio_config.h" "syscfg\ti_drivers_config.h" "syscfg\ti_utils_build_linker.cmd.genlibs" "syscfg\ti_utils_build_linker.cmd.genmap" "syscfg\syscfg_c.rov.xs" "syscfg\ti_sysbios_config.h" "syscfg\ti_devices_config.c" "syscfg\ti_radio_config.c" "syscfg\ti_drivers_config.c" "syscfg\ti_utils_build_compiler.opt" "syscfg\ti_sysbios_config.c" "sck2400_firmware.out"
19:13:08.759  DEL /F "RFQueue.o" "ccsds.o" "main.o" "main_tirtos.o" "oad_image_header_app.o" "radio.o" "syscfg\ti_devices_config.o" "syscfg\ti_radio_config.o" "syscfg\ti_drivers_config.o" "syscfg\ti_sysbios_config.o" "telemetry.o" "uart.o"
19:13:08.762  DEL /F "RFQueue.d" "ccsds.d" "main.d" "main_tirtos.d" "oad_image_header_app.d" "radio.d" "syscfg\ti_devices_config.d" "syscfg\ti_radio_config.d" "syscfg\ti_drivers_config.d" "syscfg\ti_sysbios_config.d" "telemetry.d" "uart.d"
19:13:08.797  RMDIR /S/Q "syscfg"
19:13:08.802  **** Build finished ****
19:13:10.725  **** Build of configuration 'Debug' for project 'sck2400_firmware' ****
19:13:10.736  "C:\\ti\\ccs2051\\ccs\\utils\\bin\\gmake" -k -j 12 all -r -O
19:13:12.688  SysConfig - building file: "../sck2400.syscfg"
19:13:12.701  "C:/ti/sysconfig_1.21.1/sysconfig_cli.bat" -s "C:/ti/simplelink_cc13xx_cc26xx_sdk_8_32_00_07/.metadata/product.json" --script "C:/Users/maxor/workspace_ccstheia/sck2400_firmware/sck2400.syscfg" -o "syscfg" --compiler ticlang
19:13:12.705  Running script...
19:13:12.709  Validating...
19:13:12.712  warning: CONFIG_SPI_0(/ti/drivers/SPI) spi.csnPin: Connected to hardware
19:13:12.716  DIO20/38 is connected to MX25R8035F SPI Flash Chip Select on the CC1352P-2 LaunchPad. Consider selecting it in 'use hardware' above. Using a custom board?
19:13:12.719  0 error(s), 1 warning(s)
19:13:12.723  Generating Code (sck2400.syscfg)...
19:13:12.727  Writing C:\Users\maxor\workspace_ccstheia\sck2400_firmware\Debug\syscfg\ti_devices_config.c...
19:13:12.731  Writing C:\Users\maxor\workspace_ccstheia\sck2400_firmware\Debug\syscfg\ti_radio_config.c...
19:13:12.736  Writing C:\Users\maxor\workspace_ccstheia\sck2400_firmware\Debug\syscfg\ti_radio_config.h...
19:13:12.741  Writing C:\Users\maxor\workspace_ccstheia\sck2400_firmware\Debug\syscfg\ti_drivers_config.c...
19:13:12.746  Writing C:\Users\maxor\workspace_ccstheia\sck2400_firmware\Debug\syscfg\ti_drivers_config.h...
19:13:12.749  Writing C:\Users\maxor\workspace_ccstheia\sck2400_firmware\Debug\syscfg\ti_utils_build_linker.cmd.genlibs...
19:13:12.752  Writing C:\Users\maxor\workspace_ccstheia\sck2400_firmware\Debug\syscfg\ti_utils_build_linker.cmd.genmap...
19:13:12.756  Writing C:\Users\maxor\workspace_ccstheia\sck2400_firmware\Debug\syscfg\ti_utils_build_compiler.opt...
19:13:12.761  Writing C:\Users\maxor\workspace_ccstheia\sck2400_firmware\Debug\syscfg\syscfg_c.rov.xs...
19:13:12.765  Writing C:\Users\maxor\workspace_ccstheia\sck2400_firmware\Debug\syscfg\ti_sysbios_config.h...
19:13:12.769  Writing C:\Users\maxor\workspace_ccstheia\sck2400_firmware\Debug\syscfg\ti_sysbios_config.c...
19:13:12.773  Finished building: "../sck2400.syscfg"
19:13:12.965  Arm Compiler - building file: "../RFQueue.c"
19:13:12.971  "C:/ti/ti_cgt_arm_llvm_3.2.2.LTS/bin/tiarmclang.exe" -c -mcpu=cortex-m4 -mfloat-abi=hard -mfpu=fpv4-sp-d16 -mlittle-endian -mthumb -Oz -I"C:/Users/maxor/workspace_ccstheia/sck2400_firmware" -I"C:/Users/maxor/workspace_ccstheia/sck2400_firmware/Debug" -I"C:/ti/simplelink_cc13xx_cc26xx_sdk_8_32_00_07/source" -I"C:/ti/simplelink_cc13xx_cc26xx_sdk_8_32_00_07/kernel/tirtos7/packages" -I"C:/ti/simplelink_cc13xx_cc26xx_sdk_8_32_00_07/source/ti/posix/ticlang" -gdwarf-3 -march=armv7e-m -MMD -MP -MF"RFQueue.d_raw" -MT"RFQueue.o" -I"C:/Users/maxor/workspace_ccstheia/sck2400_firmware/Debug/syscfg"  @"syscfg/ti_utils_build_compiler.opt"  -o"RFQueue.o" "../RFQueue.c"
19:13:12.977  Finished building: "../RFQueue.c"
19:13:12.981  Arm Compiler - building file: "../ccsds.c"
19:13:12.985  "C:/ti/ti_cgt_arm_llvm_3.2.2.LTS/bin/tiarmclang.exe" -c -mcpu=cortex-m4 -mfloat-abi=hard -mfpu=fpv4-sp-d16 -mlittle-endian -mthumb -Oz -I"C:/Users/maxor/workspace_ccstheia/sck2400_firmware" -I"C:/Users/maxor/workspace_ccstheia/sck2400_firmware/Debug" -I"C:/ti/simplelink_cc13xx_cc26xx_sdk_8_32_00_07/source" -I"C:/ti/simplelink_cc13xx_cc26xx_sdk_8_32_00_07/kernel/tirtos7/packages" -I"C:/ti/simplelink_cc13xx_cc26xx_sdk_8_32_00_07/source/ti/posix/ticlang" -gdwarf-3 -march=armv7e-m -MMD -MP -MF"ccsds.d_raw" -MT"ccsds.o" -I"C:/Users/maxor/workspace_ccstheia/sck2400_firmware/Debug/syscfg"  @"syscfg/ti_utils_build_compiler.opt"  -o"ccsds.o" "../ccsds.c"
19:13:12.990  Finished building: "../ccsds.c"
19:13:13.027  Arm Compiler - building file: "../main.c"
19:13:13.032  "C:/ti/ti_cgt_arm_llvm_3.2.2.LTS/bin/tiarmclang.exe" -c -mcpu=cortex-m4 -mfloat-abi=hard -mfpu=fpv4-sp-d16 -mlittle-endian -mthumb -Oz -I"C:/Users/maxor/workspace_ccstheia/sck2400_firmware" -I"C:/Users/maxor/workspace_ccstheia/sck2400_firmware/Debug" -I"C:/ti/simplelink_cc13xx_cc26xx_sdk_8_32_00_07/source" -I"C:/ti/simplelink_cc13xx_cc26xx_sdk_8_32_00_07/kernel/tirtos7/packages" -I"C:/ti/simplelink_cc13xx_cc26xx_sdk_8_32_00_07/source/ti/posix/ticlang" -gdwarf-3 -march=armv7e-m -MMD -MP -MF"main.d_raw" -MT"main.o" -I"C:/Users/maxor/workspace_ccstheia/sck2400_firmware/Debug/syscfg"  @"syscfg/ti_utils_build_compiler.opt"  -o"main.o" "../main.c"
19:13:13.038  Finished building: "../main.c"
19:13:13.043  Arm Compiler - building file: "../oad_image_header_app.c"
19:13:13.049  "C:/ti/ti_cgt_arm_llvm_3.2.2.LTS/bin/tiarmclang.exe" -c -mcpu=cortex-m4 -mfloat-abi=hard -mfpu=fpv4-sp-d16 -mlittle-endian -mthumb -Oz -I"C:/Users/maxor/workspace_ccstheia/sck2400_firmware" -I"C:/Users/maxor/workspace_ccstheia/sck2400_firmware/Debug" -I"C:/ti/simplelink_cc13xx_cc26xx_sdk_8_32_00_07/source" -I"C:/ti/simplelink_cc13xx_cc26xx_sdk_8_32_00_07/kernel/tirtos7/packages" -I"C:/ti/simplelink_cc13xx_cc26xx_sdk_8_32_00_07/source/ti/posix/ticlang" -gdwarf-3 -march=armv7e-m -MMD -MP -MF"oad_image_header_app.d_raw" -MT"oad_image_header_app.o" -I"C:/Users/maxor/workspace_ccstheia/sck2400_firmware/Debug/syscfg"  @"syscfg/ti_utils_build_compiler.opt"  -o"oad_image_header_app.o" "../oad_image_header_app.c"
19:13:13.058  Finished building: "../oad_image_header_app.c"
19:13:13.063  Arm Compiler - building file: "../main_tirtos.c"
19:13:13.067  "C:/ti/ti_cgt_arm_llvm_3.2.2.LTS/bin/tiarmclang.exe" -c -mcpu=cortex-m4 -mfloat-abi=hard -mfpu=fpv4-sp-d16 -mlittle-endian -mthumb -Oz -I"C:/Users/maxor/workspace_ccstheia/sck2400_firmware" -I"C:/Users/maxor/workspace_ccstheia/sck2400_firmware/Debug" -I"C:/ti/simplelink_cc13xx_cc26xx_sdk_8_32_00_07/source" -I"C:/ti/simplelink_cc13xx_cc26xx_sdk_8_32_00_07/kernel/tirtos7/packages" -I"C:/ti/simplelink_cc13xx_cc26xx_sdk_8_32_00_07/source/ti/posix/ticlang" -gdwarf-3 -march=armv7e-m -MMD -MP -MF"main_tirtos.d_raw" -MT"main_tirtos.o" -I"C:/Users/maxor/workspace_ccstheia/sck2400_firmware/Debug/syscfg"  @"syscfg/ti_utils_build_compiler.opt"  -o"main_tirtos.o" "../main_tirtos.c"
19:13:13.072  Finished building: "../main_tirtos.c"
19:13:13.331  Arm Compiler - building file: "syscfg/ti_devices_config.c"
19:13:13.336  "C:/ti/ti_cgt_arm_llvm_3.2.2.LTS/bin/tiarmclang.exe" -c -mcpu=cortex-m4 -mfloat-abi=hard -mfpu=fpv4-sp-d16 -mlittle-endian -mthumb -Oz -I"C:/Users/maxor/workspace_ccstheia/sck2400_firmware" -I"C:/Users/maxor/workspace_ccstheia/sck2400_firmware/Debug" -I"C:/ti/simplelink_cc13xx_cc26xx_sdk_8_32_00_07/source" -I"C:/ti/simplelink_cc13xx_cc26xx_sdk_8_32_00_07/kernel/tirtos7/packages" -I"C:/ti/simplelink_cc13xx_cc26xx_sdk_8_32_00_07/source/ti/posix/ticlang" -gdwarf-3 -march=armv7e-m -MMD -MP -MF"syscfg/ti_devices_config.d_raw" -MT"syscfg/ti_devices_config.o" -I"C:/Users/maxor/workspace_ccstheia/sck2400_firmware/Debug/syscfg"  @"syscfg/ti_utils_build_compiler.opt"  -o"syscfg/ti_devices_config.o" "syscfg/ti_devices_config.c"
19:13:13.342  Finished building: "syscfg/ti_devices_config.c"
19:13:13.361  Arm Compiler - building file: "syscfg/ti_radio_config.c"
19:13:13.368  "C:/ti/ti_cgt_arm_llvm_3.2.2.LTS/bin/tiarmclang.exe" -c -mcpu=cortex-m4 -mfloat-abi=hard -mfpu=fpv4-sp-d16 -mlittle-endian -mthumb -Oz -I"C:/Users/maxor/workspace_ccstheia/sck2400_firmware" -I"C:/Users/maxor/workspace_ccstheia/sck2400_firmware/Debug" -I"C:/ti/simplelink_cc13xx_cc26xx_sdk_8_32_00_07/source" -I"C:/ti/simplelink_cc13xx_cc26xx_sdk_8_32_00_07/kernel/tirtos7/packages" -I"C:/ti/simplelink_cc13xx_cc26xx_sdk_8_32_00_07/source/ti/posix/ticlang" -gdwarf-3 -march=armv7e-m -MMD -MP -MF"syscfg/ti_radio_config.d_raw" -MT"syscfg/ti_radio_config.o" -I"C:/Users/maxor/workspace_ccstheia/sck2400_firmware/Debug/syscfg"  @"syscfg/ti_utils_build_compiler.opt"  -o"syscfg/ti_radio_config.o" "syscfg/ti_radio_config.c"
19:13:13.374  Finished building: "syscfg/ti_radio_config.c"
19:13:13.415  Arm Compiler - building file: "../radio.c"
19:13:13.422  "C:/ti/ti_cgt_arm_llvm_3.2.2.LTS/bin/tiarmclang.exe" -c -mcpu=cortex-m4 -mfloat-abi=hard -mfpu=fpv4-sp-d16 -mlittle-endian -mthumb -Oz -I"C:/Users/maxor/workspace_ccstheia/sck2400_firmware" -I"C:/Users/maxor/workspace_ccstheia/sck2400_firmware/Debug" -I"C:/ti/simplelink_cc13xx_cc26xx_sdk_8_32_00_07/source" -I"C:/ti/simplelink_cc13xx_cc26xx_sdk_8_32_00_07/kernel/tirtos7/packages" -I"C:/ti/simplelink_cc13xx_cc26xx_sdk_8_32_00_07/source/ti/posix/ticlang" -gdwarf-3 -march=armv7e-m -MMD -MP -MF"radio.d_raw" -MT"radio.o" -I"C:/Users/maxor/workspace_ccstheia/sck2400_firmware/Debug/syscfg"  @"syscfg/ti_utils_build_compiler.opt"  -o"radio.o" "../radio.c"
19:13:13.430  Finished building: "../radio.c"
19:13:13.500  Arm Compiler - building file: "syscfg/ti_drivers_config.c"
19:13:13.505  "C:/ti/ti_cgt_arm_llvm_3.2.2.LTS/bin/tiarmclang.exe" -c -mcpu=cortex-m4 -mfloat-abi=hard -mfpu=fpv4-sp-d16 -mlittle-endian -mthumb -Oz -I"C:/Users/maxor/workspace_ccstheia/sck2400_firmware" -I"C:/Users/maxor/workspace_ccstheia/sck2400_firmware/Debug" -I"C:/ti/simplelink_cc13xx_cc26xx_sdk_8_32_00_07/source" -I"C:/ti/simplelink_cc13xx_cc26xx_sdk_8_32_00_07/kernel/tirtos7/packages" -I"C:/ti/simplelink_cc13xx_cc26xx_sdk_8_32_00_07/source/ti/posix/ticlang" -gdwarf-3 -march=armv7e-m -MMD -MP -MF"syscfg/ti_drivers_config.d_raw" -MT"syscfg/ti_drivers_config.o" -I"C:/Users/maxor/workspace_ccstheia/sck2400_firmware/Debug/syscfg"  @"syscfg/ti_utils_build_compiler.opt"  -o"syscfg/ti_drivers_config.o" "syscfg/ti_drivers_config.c"
19:13:13.511  Finished building: "syscfg/ti_drivers_config.c"
19:13:13.521  Arm Compiler - building file: "../telemetry.c"
19:13:13.527  "C:/ti/ti_cgt_arm_llvm_3.2.2.LTS/bin/tiarmclang.exe" -c -mcpu=cortex-m4 -mfloat-abi=hard -mfpu=fpv4-sp-d16 -mlittle-endian -mthumb -Oz -I"C:/Users/maxor/workspace_ccstheia/sck2400_firmware" -I"C:/Users/maxor/workspace_ccstheia/sck2400_firmware/Debug" -I"C:/ti/simplelink_cc13xx_cc26xx_sdk_8_32_00_07/source" -I"C:/ti/simplelink_cc13xx_cc26xx_sdk_8_32_00_07/kernel/tirtos7/packages" -I"C:/ti/simplelink_cc13xx_cc26xx_sdk_8_32_00_07/source/ti/posix/ticlang" -gdwarf-3 -march=armv7e-m -MMD -MP -MF"telemetry.d_raw" -MT"telemetry.o" -I"C:/Users/maxor/workspace_ccstheia/sck2400_firmware/Debug/syscfg"  @"syscfg/ti_utils_build_compiler.opt"  -o"telemetry.o" "../telemetry.c"
19:13:13.532  Finished building: "../telemetry.c"
19:13:13.640  Arm Compiler - building file: "../uart.c"
19:13:13.646  "C:/ti/ti_cgt_arm_llvm_3.2.2.LTS/bin/tiarmclang.exe" -c -mcpu=cortex-m4 -mfloat-abi=hard -mfpu=fpv4-sp-d16 -mlittle-endian -mthumb -Oz -I"C:/Users/maxor/workspace_ccstheia/sck2400_firmware" -I"C:/Users/maxor/workspace_ccstheia/sck2400_firmware/Debug" -I"C:/ti/simplelink_cc13xx_cc26xx_sdk_8_32_00_07/source" -I"C:/ti/simplelink_cc13xx_cc26xx_sdk_8_32_00_07/kernel/tirtos7/packages" -I"C:/ti/simplelink_cc13xx_cc26xx_sdk_8_32_00_07/source/ti/posix/ticlang" -gdwarf-3 -march=armv7e-m -MMD -MP -MF"uart.d_raw" -MT"uart.o" -I"C:/Users/maxor/workspace_ccstheia/sck2400_firmware/Debug/syscfg"  @"syscfg/ti_utils_build_compiler.opt"  -o"uart.o" "../uart.c"
19:13:13.652  Finished building: "../uart.c"
19:13:14.807  Arm Compiler - building file: "syscfg/ti_sysbios_config.c"
19:13:14.814  "C:/ti/ti_cgt_arm_llvm_3.2.2.LTS/bin/tiarmclang.exe" -c -mcpu=cortex-m4 -mfloat-abi=hard -mfpu=fpv4-sp-d16 -mlittle-endian -mthumb -Oz -I"C:/Users/maxor/workspace_ccstheia/sck2400_firmware" -I"C:/Users/maxor/workspace_ccstheia/sck2400_firmware/Debug" -I"C:/ti/simplelink_cc13xx_cc26xx_sdk_8_32_00_07/source" -I"C:/ti/simplelink_cc13xx_cc26xx_sdk_8_32_00_07/kernel/tirtos7/packages" -I"C:/ti/simplelink_cc13xx_cc26xx_sdk_8_32_00_07/source/ti/posix/ticlang" -gdwarf-3 -march=armv7e-m -MMD -MP -MF"syscfg/ti_sysbios_config.d_raw" -MT"syscfg/ti_sysbios_config.o" -I"C:/Users/maxor/workspace_ccstheia/sck2400_firmware/Debug/syscfg"  @"syscfg/ti_utils_build_compiler.opt"  -o"syscfg/ti_sysbios_config.o" "syscfg/ti_sysbios_config.c"
19:13:14.821  Finished building: "syscfg/ti_sysbios_config.c"
19:13:14.868  Arm Linker - building target: "sck2400_firmware.out"
19:13:14.873  "C:/ti/ti_cgt_arm_llvm_3.2.2.LTS/bin/tiarmclang.exe" -mcpu=cortex-m4 -mfloat-abi=hard -mfpu=fpv4-sp-d16 -mlittle-endian -mthumb -Oz -gdwarf-3 -march=armv7e-m -Wl,-m"sck2400_firmware.map" -Wl,-i"C:/ti/simplelink_cc13xx_cc26xx_sdk_8_32_00_07/source" -Wl,-i"C:/ti/simplelink_cc13xx_cc26xx_sdk_8_32_00_07/kernel/tirtos7/packages" -Wl,-i"C:/Users/maxor/workspace_ccstheia/sck2400_firmware/Debug/syscfg" -Wl,-i"C:/ti/ti_cgt_arm_llvm_3.2.2.LTS/lib" -Wl,--diag_wrap=off -Wl,--display_error_number -Wl,--warn_sections -Wl,--xml_link_info="sck2400_firmware_linkInfo.xml" -Wl,--rom_model -o "sck2400_firmware.out" "./RFQueue.o" "./ccsds.o" "./main.o" "./main_tirtos.o" "./oad_image_header_app.o" "./radio.o" "./syscfg/ti_devices_config.o" "./syscfg/ti_radio_config.o" "./syscfg/ti_drivers_config.o" "./syscfg/ti_sysbios_config.o" "./telemetry.o" "./uart.o" "../cc13x2_cc26x2_tirtos7.cmd"  -Wl,-lti_utils_build_linker.cmd.genlibs -Wl,-llibc.a
19:13:15.487  Finished building target: "sck2400_firmware.out"
19:13:15.544  "C:/ti/ti_cgt_arm_llvm_3.2.2.LTS/bin/tiarmhex" -order MS --memwidth=8 --romwidth=8 --intel -o "sck2400_firmware.hex" "sck2400_firmware"
19:13:15.556  Translating to Intel format...
19:13:15.561  "sck2400_firmware.out" .image_header ==> .image_header
19:13:15.565  "sck2400_firmware.out" .text ==> .text
19:13:15.569  "sck2400_firmware.out" .rodata ==> .rodata
19:13:15.573  "sck2400_firmware.out" .resetVecs ==> .resetVecs
19:13:15.579  "sck2400_firmware.out" .args ==> .args
19:13:15.585  "sck2400_firmware.out" .cinit ==> .cinit
19:13:15.599  "sck2400_firmware.out" .ccfg ==> .ccfg
19:13:15.643  **** Build finished ****
19:13:15.806  # ----------------------------------------
19:13:15.813  # Problem summary for project 'sck2400_firmware': 0 errors, 1 warnings
19:13:15.817  Warning: sck2400.syscfg [CONFIG_SPI_0(/ti/drivers/SPI) spi.csnPin]: Connected to hardware
19:13:15.821  # --------------------------------------------------------------------------------
19:13:15.827  # [Mon Jun 08 19:13:15 CDT 2026]: CCS headless build complete - 0 out of 1 projects have errors
19:13:16.210  ✓ Build succeeded: C:\Users\maxor\workspace_ccstheia\sck2400_firmware\Debug\sck2400_firmware.hex
19:13:16.214    Board: GS Board  (APID 0x010)  APID: 0x010
19:13:24.704  XDS110 detected: Serial = L4300491
19:13:24.710  ══════════════════════════════════════════════════
19:13:24.713    SCK-2400 Local Flash  →  GS Board  (APID 0x010)
19:13:24.727    XDS110: L4300491
19:13:24.731    HEX: C:\Users\maxor\workspace_ccstheia\sck2400_firmware\Debug\sck2400_firmware.hex
19:13:24.734  ══════════════════════════════════════════════════
19:13:24.738  srfprog -t soc(XDS-L4300491, CC1352P) -e pif -p all -v rb -f "C:\Users\maxor\workspace_ccstheia\sck2400_firmware\Debug\sck2400_firmware.hex"
19:13:30.380  Texas Instruments SmartRF Flash Programmer 2 v1.8.2-windows
19:13:30.384  -------------------------------------------------------------------------------
19:13:30.389  Connected over 2-pin cJTAG.
19:13:30.393  Reading file: C:\Users\maxor\workspace_ccstheia\sck2400_firmware\Debug\sck2400_firmware.hex.
19:13:30.397  Start flash erase ...
19:13:30.400  1%83%100%
19:13:30.403  OK
19:13:30.407  Start flash programming ...
19:13:30.430  0%4%9%97%100%
19:13:30.433  OK
19:13:30.436  Start flash verify ...
19:13:30.439  0%0%
19:13:30.444  Skip verification of unassigned page: 0.2%
19:13:30.448  Skip verification of unassigned page: 1.4%
19:13:30.453  Page: 2 verified OK.6%
19:13:30.456  Page: 3 verified OK.9%
19:13:30.461  Page: 4 verified OK.11%
19:13:30.466  Page: 5 verified OK.13%
19:13:30.472  Page: 6 verified OK.16%
19:13:30.477  Skip verification of unassigned page: 7.18%
19:13:30.492  Skip verification of unassigned page: 8.20%
19:13:30.496  Skip verification of unassigned page: 9.23%
19:13:30.500  Skip verification of unassigned page: 10.25%
19:13:30.503  Skip verification of unassigned page: 11.27%
19:13:30.507  Skip verification of unassigned page: 12.30%
19:13:30.511  Skip verification of unassigned page: 13.32%
19:13:30.516  Skip verification of unassigned page: 14.34%
19:13:30.521  Skip verification of unassigned page: 15.37%
19:13:30.525  Skip verification of unassigned page: 16.39%
19:13:30.528  Skip verification of unassigned page: 17.41%
19:13:30.531  Skip verification of unassigned page: 18.44%
19:13:30.535  Skip verification of unassigned page: 19.46%
19:13:30.542  Skip verification of unassigned page: 20.48%
19:13:30.545  Skip verification of unassigned page: 21.51%
19:13:30.548  Skip verification of unassigned page: 22.53%
19:13:30.551  Skip verification of unassigned page: 23.55%
19:13:30.555  Skip verification of unassigned page: 24.58%
19:13:30.558  Skip verification of unassigned page: 25.60%
19:13:30.562  Skip verification of unassigned page: 26.62%
19:13:30.565  Skip verification of unassigned page: 27.65%
19:13:30.568  Skip verification of unassigned page: 28.67%
19:13:30.572  Skip verification of unassigned page: 29.69%
19:13:30.576  Skip verification of unassigned page: 30.72%
19:13:30.579  Skip verification of unassigned page: 31.74%
19:13:30.607  Skip verification of unassigned page: 32.76%
19:13:30.610  Skip verification of unassigned page: 33.79%
19:13:30.614  Skip verification of unassigned page: 34.81%
19:13:30.617  Skip verification of unassigned page: 35.83%
19:13:30.620  Skip verification of unassigned page: 36.86%
19:13:30.624  Skip verification of unassigned page: 37.88%
19:13:30.629  Skip verification of unassigned page: 38.90%
19:13:30.632  Skip verification of unassigned page: 39.93%
19:13:30.635  Skip verification of unassigned page: 40.95%
19:13:30.638  Skip verification of unassigned page: 41.97%
19:13:30.642  Page: 42 verified OK.100%100%
19:13:30.646  OK
19:13:30.660  Reset target ...
19:13:30.663  OK
19:13:30.667  ✓ Flash complete — GS Board  (APID 0x010)
19:13:49.763  Connected: COM12 @ 921600
19:13:50.249  Serial port closed.
19:13:52.594  Connected: COM12 @ 921600
19:13:57.805    → TX [0000]  [CCSDS] get_telem seq=9 dest=0x010
19:14:02.838    ✗ No telem reply
19:14:05.013    → TX [0000]  [CCSDS] get_telem seq=10 dest=0x010
19:14:10.075    ✗ No telem reply
19:17:16.012  RF Power: patched radio.h → TX_POWER = BENCH (0 dBm bench)
19:17:16.016  Board: patched ccsds.h → SCK_APID_THIS_BOARD = 0x010 (GS Board  (APID 0x010))
19:17:16.028  ══════════════════════════════════════════════════
19:17:16.030    SCK-2400 Build  →  GS Board  (APID 0x010)
19:17:16.031    SCK_APID_THIS_BOARD = 0x010
19:17:16.032    Build type: full
19:17:16.033  ══════════════════════════════════════════════════
19:17:19.297  # ================================================================================
19:17:19.309  # [Mon Jun 08 19:17:19 CDT 2026]: CCS headless build starting...
19:17:19.444  **** Clean-only build of configuration 'Debug' for project 'sck2400_firmware' ****
19:17:19.501  "C:\\ti\\ccs2051\\ccs\\utils\\bin\\gmake" -k -j 12 clean -r -O
19:17:19.721  DEL /F "syscfg\ti_radio_config.h" "syscfg\ti_drivers_config.h" "syscfg\ti_utils_build_linker.cmd.genlibs" "syscfg\ti_utils_build_linker.cmd.genmap" "syscfg\syscfg_c.rov.xs" "syscfg\ti_sysbios_config.h" "syscfg\ti_devices_config.c" "syscfg\ti_radio_config.c" "syscfg\ti_drivers_config.c" "syscfg\ti_utils_build_compiler.opt" "syscfg\ti_sysbios_config.c" "sck2400_firmware.out"
19:17:19.724  DEL /F "RFQueue.o" "ccsds.o" "main.o" "main_tirtos.o" "oad_image_header_app.o" "radio.o" "syscfg\ti_devices_config.o" "syscfg\ti_radio_config.o" "syscfg\ti_drivers_config.o" "syscfg\ti_sysbios_config.o" "telemetry.o" "uart.o"
19:17:19.725  DEL /F "RFQueue.d" "ccsds.d" "main.d" "main_tirtos.d" "oad_image_header_app.d" "radio.d" "syscfg\ti_devices_config.d" "syscfg\ti_radio_config.d" "syscfg\ti_drivers_config.d" "syscfg\ti_sysbios_config.d" "telemetry.d" "uart.d"
19:17:19.726  RMDIR /S/Q "syscfg"
19:17:19.797  **** Build finished ****
19:17:21.715  **** Build of configuration 'Debug' for project 'sck2400_firmware' ****
19:17:21.727  "C:\\ti\\ccs2051\\ccs\\utils\\bin\\gmake" -k -j 12 all -r -O
19:17:23.735  SysConfig - building file: "../sck2400.syscfg"
19:17:23.737  "C:/ti/sysconfig_1.21.1/sysconfig_cli.bat" -s "C:/ti/simplelink_cc13xx_cc26xx_sdk_8_32_00_07/.metadata/product.json" --script "C:/Users/maxor/workspace_ccstheia/sck2400_firmware/sck2400.syscfg" -o "syscfg" --compiler ticlang
19:17:23.739  Running script...
19:17:23.741  Validating...
19:17:23.742  warning: CONFIG_SPI_0(/ti/drivers/SPI) spi.csnPin: Connected to hardware
19:17:23.752  DIO20/38 is connected to MX25R8035F SPI Flash Chip Select on the CC1352P-2 LaunchPad. Consider selecting it in 'use hardware' above. Using a custom board?
19:17:23.754  0 error(s), 1 warning(s)
19:17:23.757  Generating Code (sck2400.syscfg)...
19:17:23.760  Writing C:\Users\maxor\workspace_ccstheia\sck2400_firmware\Debug\syscfg\ti_devices_config.c...
19:17:23.763  Writing C:\Users\maxor\workspace_ccstheia\sck2400_firmware\Debug\syscfg\ti_radio_config.c...
19:17:23.766  Writing C:\Users\maxor\workspace_ccstheia\sck2400_firmware\Debug\syscfg\ti_radio_config.h...
19:17:23.770  Writing C:\Users\maxor\workspace_ccstheia\sck2400_firmware\Debug\syscfg\ti_drivers_config.c...
19:17:23.773  Writing C:\Users\maxor\workspace_ccstheia\sck2400_firmware\Debug\syscfg\ti_drivers_config.h...
19:17:23.776  Writing C:\Users\maxor\workspace_ccstheia\sck2400_firmware\Debug\syscfg\ti_utils_build_linker.cmd.genlibs...
19:17:23.779  Writing C:\Users\maxor\workspace_ccstheia\sck2400_firmware\Debug\syscfg\ti_utils_build_linker.cmd.genmap...
19:17:23.783  Writing C:\Users\maxor\workspace_ccstheia\sck2400_firmware\Debug\syscfg\ti_utils_build_compiler.opt...
19:17:23.786  Writing C:\Users\maxor\workspace_ccstheia\sck2400_firmware\Debug\syscfg\syscfg_c.rov.xs...
19:17:23.789  Writing C:\Users\maxor\workspace_ccstheia\sck2400_firmware\Debug\syscfg\ti_sysbios_config.h...
19:17:23.791  Writing C:\Users\maxor\workspace_ccstheia\sck2400_firmware\Debug\syscfg\ti_sysbios_config.c...
19:17:23.794  Finished building: "../sck2400.syscfg"
19:17:23.990  Arm Compiler - building file: "../main_tirtos.c"
19:17:23.996  "C:/ti/ti_cgt_arm_llvm_3.2.2.LTS/bin/tiarmclang.exe" -c -mcpu=cortex-m4 -mfloat-abi=hard -mfpu=fpv4-sp-d16 -mlittle-endian -mthumb -Oz -I"C:/Users/maxor/workspace_ccstheia/sck2400_firmware" -I"C:/Users/maxor/workspace_ccstheia/sck2400_firmware/Debug" -I"C:/ti/simplelink_cc13xx_cc26xx_sdk_8_32_00_07/source" -I"C:/ti/simplelink_cc13xx_cc26xx_sdk_8_32_00_07/kernel/tirtos7/packages" -I"C:/ti/simplelink_cc13xx_cc26xx_sdk_8_32_00_07/source/ti/posix/ticlang" -gdwarf-3 -march=armv7e-m -MMD -MP -MF"main_tirtos.d_raw" -MT"main_tirtos.o" -I"C:/Users/maxor/workspace_ccstheia/sck2400_firmware/Debug/syscfg"  @"syscfg/ti_utils_build_compiler.opt"  -o"main_tirtos.o" "../main_tirtos.c"
19:17:24.001  ../main_tirtos.c:76:9: warning: call to undeclared function 'GPIODirModeSet'; ISO C99 and later do not support implicit function declarations [-Wimplicit-function-declaration]
19:17:24.004  GPIODirModeSet(1<<7, GPIO_DIR_MODE_OUT);
19:17:24.007  ^
19:17:24.010  ../main_tirtos.c:76:30: error: use of undeclared identifier 'GPIO_DIR_MODE_OUT'
19:17:24.013  GPIODirModeSet(1<<7, GPIO_DIR_MODE_OUT);
19:17:24.017  ^
19:17:24.020  ../main_tirtos.c:77:20: warning: call to undeclared function 'GPIOPinWrite'; ISO C99 and later do not support implicit function declarations [-Wimplicit-function-declaration]
19:17:24.023  if (i & 1) GPIOPinWrite(1<<7, 0xFF);
19:17:24.026  ^
19:17:24.029  ../main_tirtos.c:81:5: warning: call to undeclared function 'GPIOPinWrite'; ISO C99 and later do not support implicit function declarations [-Wimplicit-function-declaration]
19:17:24.031  GPIOPinWrite(1<<7, 0x00);
19:17:24.037  ^
19:17:24.040  3 warnings and 1 error generated.
19:17:24.043  Arm Compiler - building file: "../RFQueue.c"
19:17:24.046  "C:/ti/ti_cgt_arm_llvm_3.2.2.LTS/bin/tiarmclang.exe" -c -mcpu=cortex-m4 -mfloat-abi=hard -mfpu=fpv4-sp-d16 -mlittle-endian -mthumb -Oz -I"C:/Users/maxor/workspace_ccstheia/sck2400_firmware" -I"C:/Users/maxor/workspace_ccstheia/sck2400_firmware/Debug" -I"C:/ti/simplelink_cc13xx_cc26xx_sdk_8_32_00_07/source" -I"C:/ti/simplelink_cc13xx_cc26xx_sdk_8_32_00_07/kernel/tirtos7/packages" -I"C:/ti/simplelink_cc13xx_cc26xx_sdk_8_32_00_07/source/ti/posix/ticlang" -gdwarf-3 -march=armv7e-m -MMD -MP -MF"RFQueue.d_raw" -MT"RFQueue.o" -I"C:/Users/maxor/workspace_ccstheia/sck2400_firmware/Debug/syscfg"  @"syscfg/ti_utils_build_compiler.opt"  -o"RFQueue.o" "../RFQueue.c"
19:17:24.051  Finished building: "../RFQueue.c"
19:17:24.055  Arm Compiler - building file: "../ccsds.c"
19:17:24.060  "C:/ti/ti_cgt_arm_llvm_3.2.2.LTS/bin/tiarmclang.exe" -c -mcpu=cortex-m4 -mfloat-abi=hard -mfpu=fpv4-sp-d16 -mlittle-endian -mthumb -Oz -I"C:/Users/maxor/workspace_ccstheia/sck2400_firmware" -I"C:/Users/maxor/workspace_ccstheia/sck2400_firmware/Debug" -I"C:/ti/simplelink_cc13xx_cc26xx_sdk_8_32_00_07/source" -I"C:/ti/simplelink_cc13xx_cc26xx_sdk_8_32_00_07/kernel/tirtos7/packages" -I"C:/ti/simplelink_cc13xx_cc26xx_sdk_8_32_00_07/source/ti/posix/ticlang" -gdwarf-3 -march=armv7e-m -MMD -MP -MF"ccsds.d_raw" -MT"ccsds.o" -I"C:/Users/maxor/workspace_ccstheia/sck2400_firmware/Debug/syscfg"  @"syscfg/ti_utils_build_compiler.opt"  -o"ccsds.o" "../ccsds.c"
19:17:24.066  Finished building: "../ccsds.c"
19:17:24.081  Arm Compiler - building file: "../main.c"
19:17:24.085  "C:/ti/ti_cgt_arm_llvm_3.2.2.LTS/bin/tiarmclang.exe" -c -mcpu=cortex-m4 -mfloat-abi=hard -mfpu=fpv4-sp-d16 -mlittle-endian -mthumb -Oz -I"C:/Users/maxor/workspace_ccstheia/sck2400_firmware" -I"C:/Users/maxor/workspace_ccstheia/sck2400_firmware/Debug" -I"C:/ti/simplelink_cc13xx_cc26xx_sdk_8_32_00_07/source" -I"C:/ti/simplelink_cc13xx_cc26xx_sdk_8_32_00_07/kernel/tirtos7/packages" -I"C:/ti/simplelink_cc13xx_cc26xx_sdk_8_32_00_07/source/ti/posix/ticlang" -gdwarf-3 -march=armv7e-m -MMD -MP -MF"main.d_raw" -MT"main.o" -I"C:/Users/maxor/workspace_ccstheia/sck2400_firmware/Debug/syscfg"  @"syscfg/ti_utils_build_compiler.opt"  -o"main.o" "../main.c"
19:17:24.091  Finished building: "../main.c"
19:17:24.095  Arm Compiler - building file: "../oad_image_header_app.c"
19:17:24.100  "C:/ti/ti_cgt_arm_llvm_3.2.2.LTS/bin/tiarmclang.exe" -c -mcpu=cortex-m4 -mfloat-abi=hard -mfpu=fpv4-sp-d16 -mlittle-endian -mthumb -Oz -I"C:/Users/maxor/workspace_ccstheia/sck2400_firmware" -I"C:/Users/maxor/workspace_ccstheia/sck2400_firmware/Debug" -I"C:/ti/simplelink_cc13xx_cc26xx_sdk_8_32_00_07/source" -I"C:/ti/simplelink_cc13xx_cc26xx_sdk_8_32_00_07/kernel/tirtos7/packages" -I"C:/ti/simplelink_cc13xx_cc26xx_sdk_8_32_00_07/source/ti/posix/ticlang" -gdwarf-3 -march=armv7e-m -MMD -MP -MF"oad_image_header_app.d_raw" -MT"oad_image_header_app.o" -I"C:/Users/maxor/workspace_ccstheia/sck2400_firmware/Debug/syscfg"  @"syscfg/ti_utils_build_compiler.opt"  -o"oad_image_header_app.o" "../oad_image_header_app.c"
19:17:24.106  Finished building: "../oad_image_header_app.c"
19:17:24.429  Arm Compiler - building file: "syscfg/ti_devices_config.c"
19:17:24.436  "C:/ti/ti_cgt_arm_llvm_3.2.2.LTS/bin/tiarmclang.exe" -c -mcpu=cortex-m4 -mfloat-abi=hard -mfpu=fpv4-sp-d16 -mlittle-endian -mthumb -Oz -I"C:/Users/maxor/workspace_ccstheia/sck2400_firmware" -I"C:/Users/maxor/workspace_ccstheia/sck2400_firmware/Debug" -I"C:/ti/simplelink_cc13xx_cc26xx_sdk_8_32_00_07/source" -I"C:/ti/simplelink_cc13xx_cc26xx_sdk_8_32_00_07/kernel/tirtos7/packages" -I"C:/ti/simplelink_cc13xx_cc26xx_sdk_8_32_00_07/source/ti/posix/ticlang" -gdwarf-3 -march=armv7e-m -MMD -MP -MF"syscfg/ti_devices_config.d_raw" -MT"syscfg/ti_devices_config.o" -I"C:/Users/maxor/workspace_ccstheia/sck2400_firmware/Debug/syscfg"  @"syscfg/ti_utils_build_compiler.opt"  -o"syscfg/ti_devices_config.o" "syscfg/ti_devices_config.c"
19:17:24.442  Finished building: "syscfg/ti_devices_config.c"
19:17:24.446  Arm Compiler - building file: "syscfg/ti_radio_config.c"
19:17:24.450  "C:/ti/ti_cgt_arm_llvm_3.2.2.LTS/bin/tiarmclang.exe" -c -mcpu=cortex-m4 -mfloat-abi=hard -mfpu=fpv4-sp-d16 -mlittle-endian -mthumb -Oz -I"C:/Users/maxor/workspace_ccstheia/sck2400_firmware" -I"C:/Users/maxor/workspace_ccstheia/sck2400_firmware/Debug" -I"C:/ti/simplelink_cc13xx_cc26xx_sdk_8_32_00_07/source" -I"C:/ti/simplelink_cc13xx_cc26xx_sdk_8_32_00_07/kernel/tirtos7/packages" -I"C:/ti/simplelink_cc13xx_cc26xx_sdk_8_32_00_07/source/ti/posix/ticlang" -gdwarf-3 -march=armv7e-m -MMD -MP -MF"syscfg/ti_radio_config.d_raw" -MT"syscfg/ti_radio_config.o" -I"C:/Users/maxor/workspace_ccstheia/sck2400_firmware/Debug/syscfg"  @"syscfg/ti_utils_build_compiler.opt"  -o"syscfg/ti_radio_config.o" "syscfg/ti_radio_config.c"
19:17:24.456  Finished building: "syscfg/ti_radio_config.c"
19:17:24.461  Arm Compiler - building file: "../radio.c"
19:17:24.465  "C:/ti/ti_cgt_arm_llvm_3.2.2.LTS/bin/tiarmclang.exe" -c -mcpu=cortex-m4 -mfloat-abi=hard -mfpu=fpv4-sp-d16 -mlittle-endian -mthumb -Oz -I"C:/Users/maxor/workspace_ccstheia/sck2400_firmware" -I"C:/Users/maxor/workspace_ccstheia/sck2400_firmware/Debug" -I"C:/ti/simplelink_cc13xx_cc26xx_sdk_8_32_00_07/source" -I"C:/ti/simplelink_cc13xx_cc26xx_sdk_8_32_00_07/kernel/tirtos7/packages" -I"C:/ti/simplelink_cc13xx_cc26xx_sdk_8_32_00_07/source/ti/posix/ticlang" -gdwarf-3 -march=armv7e-m -MMD -MP -MF"radio.d_raw" -MT"radio.o" -I"C:/Users/maxor/workspace_ccstheia/sck2400_firmware/Debug/syscfg"  @"syscfg/ti_utils_build_compiler.opt"  -o"radio.o" "../radio.c"
19:17:24.472  Finished building: "../radio.c"
19:17:24.515  Arm Compiler - building file: "syscfg/ti_drivers_config.c"
19:17:24.521  "C:/ti/ti_cgt_arm_llvm_3.2.2.LTS/bin/tiarmclang.exe" -c -mcpu=cortex-m4 -mfloat-abi=hard -mfpu=fpv4-sp-d16 -mlittle-endian -mthumb -Oz -I"C:/Users/maxor/workspace_ccstheia/sck2400_firmware" -I"C:/Users/maxor/workspace_ccstheia/sck2400_firmware/Debug" -I"C:/ti/simplelink_cc13xx_cc26xx_sdk_8_32_00_07/source" -I"C:/ti/simplelink_cc13xx_cc26xx_sdk_8_32_00_07/kernel/tirtos7/packages" -I"C:/ti/simplelink_cc13xx_cc26xx_sdk_8_32_00_07/source/ti/posix/ticlang" -gdwarf-3 -march=armv7e-m -MMD -MP -MF"syscfg/ti_drivers_config.d_raw" -MT"syscfg/ti_drivers_config.o" -I"C:/Users/maxor/workspace_ccstheia/sck2400_firmware/Debug/syscfg"  @"syscfg/ti_utils_build_compiler.opt"  -o"syscfg/ti_drivers_config.o" "syscfg/ti_drivers_config.c"
19:17:24.528  Finished building: "syscfg/ti_drivers_config.c"
19:17:24.577  Arm Compiler - building file: "../telemetry.c"
19:17:24.581  "C:/ti/ti_cgt_arm_llvm_3.2.2.LTS/bin/tiarmclang.exe" -c -mcpu=cortex-m4 -mfloat-abi=hard -mfpu=fpv4-sp-d16 -mlittle-endian -mthumb -Oz -I"C:/Users/maxor/workspace_ccstheia/sck2400_firmware" -I"C:/Users/maxor/workspace_ccstheia/sck2400_firmware/Debug" -I"C:/ti/simplelink_cc13xx_cc26xx_sdk_8_32_00_07/source" -I"C:/ti/simplelink_cc13xx_cc26xx_sdk_8_32_00_07/kernel/tirtos7/packages" -I"C:/ti/simplelink_cc13xx_cc26xx_sdk_8_32_00_07/source/ti/posix/ticlang" -gdwarf-3 -march=armv7e-m -MMD -MP -MF"telemetry.d_raw" -MT"telemetry.o" -I"C:/Users/maxor/workspace_ccstheia/sck2400_firmware/Debug/syscfg"  @"syscfg/ti_utils_build_compiler.opt"  -o"telemetry.o" "../telemetry.c"
19:17:24.586  Finished building: "../telemetry.c"
19:17:24.740  Arm Compiler - building file: "../uart.c"
19:17:24.745  "C:/ti/ti_cgt_arm_llvm_3.2.2.LTS/bin/tiarmclang.exe" -c -mcpu=cortex-m4 -mfloat-abi=hard -mfpu=fpv4-sp-d16 -mlittle-endian -mthumb -Oz -I"C:/Users/maxor/workspace_ccstheia/sck2400_firmware" -I"C:/Users/maxor/workspace_ccstheia/sck2400_firmware/Debug" -I"C:/ti/simplelink_cc13xx_cc26xx_sdk_8_32_00_07/source" -I"C:/ti/simplelink_cc13xx_cc26xx_sdk_8_32_00_07/kernel/tirtos7/packages" -I"C:/ti/simplelink_cc13xx_cc26xx_sdk_8_32_00_07/source/ti/posix/ticlang" -gdwarf-3 -march=armv7e-m -MMD -MP -MF"uart.d_raw" -MT"uart.o" -I"C:/Users/maxor/workspace_ccstheia/sck2400_firmware/Debug/syscfg"  @"syscfg/ti_utils_build_compiler.opt"  -o"uart.o" "../uart.c"
19:17:24.749  Finished building: "../uart.c"
19:17:25.762  Arm Compiler - building file: "syscfg/ti_sysbios_config.c"
19:17:25.767  "C:/ti/ti_cgt_arm_llvm_3.2.2.LTS/bin/tiarmclang.exe" -c -mcpu=cortex-m4 -mfloat-abi=hard -mfpu=fpv4-sp-d16 -mlittle-endian -mthumb -Oz -I"C:/Users/maxor/workspace_ccstheia/sck2400_firmware" -I"C:/Users/maxor/workspace_ccstheia/sck2400_firmware/Debug" -I"C:/ti/simplelink_cc13xx_cc26xx_sdk_8_32_00_07/source" -I"C:/ti/simplelink_cc13xx_cc26xx_sdk_8_32_00_07/kernel/tirtos7/packages" -I"C:/ti/simplelink_cc13xx_cc26xx_sdk_8_32_00_07/source/ti/posix/ticlang" -gdwarf-3 -march=armv7e-m -MMD -MP -MF"syscfg/ti_sysbios_config.d_raw" -MT"syscfg/ti_sysbios_config.o" -I"C:/Users/maxor/workspace_ccstheia/sck2400_firmware/Debug/syscfg"  @"syscfg/ti_utils_build_compiler.opt"  -o"syscfg/ti_sysbios_config.o" "syscfg/ti_sysbios_config.c"
19:17:25.771  Finished building: "syscfg/ti_sysbios_config.c"
19:17:25.774  gmake: Target 'all' not remade because of errors.
19:17:25.844  **** Build finished ****
19:17:25.949  # ----------------------------------------
19:17:25.953  # Problem summary for project 'sck2400_firmware': 1 errors, 4 warnings
19:17:25.956  Error: main_tirtos.c [line 76]: use of undeclared identifier 'GPIO_DIR_MODE_OUT'
19:17:25.973  Warning: main_tirtos.c [line 77]: call to undeclared function 'GPIOPinWrite'; ISO C99 and later do not support implicit function declarations [-Wimplicit-function-declaration]
19:17:25.976  Warning: main_tirtos.c [line 81]: call to undeclared function 'GPIOPinWrite'; ISO C99 and later do not support implicit function declarations [-Wimplicit-function-declaration]
19:17:25.980  Warning: main_tirtos.c [line 76]: call to undeclared function 'GPIODirModeSet'; ISO C99 and later do not support implicit function declarations [-Wimplicit-function-declaration]
19:17:25.986  Warning: sck2400.syscfg [CONFIG_SPI_0(/ti/drivers/SPI) spi.csnPin]: Connected to hardware
19:17:25.990  # --------------------------------------------------------------------------------
19:17:25.994  # [Mon Jun 08 19:17:25 CDT 2026]: CCS headless build complete - 1 out of 1 projects have errors
19:17:26.384  ✗ Build FAILED (exit 1)
19:18:49.595  RF Power: patched radio.h → TX_POWER = BENCH (0 dBm bench)
19:18:49.599  Board: patched ccsds.h → SCK_APID_THIS_BOARD = 0x010 (GS Board  (APID 0x010))
19:18:49.609  ══════════════════════════════════════════════════
19:18:49.610    SCK-2400 Build  →  GS Board  (APID 0x010)
19:18:49.612    SCK_APID_THIS_BOARD = 0x010
19:18:49.613    Build type: full
19:18:49.613  ══════════════════════════════════════════════════
19:18:52.863  # ================================================================================
19:18:52.865  # [Mon Jun 08 19:18:52 CDT 2026]: CCS headless build starting...
19:18:53.005  **** Clean-only build of configuration 'Debug' for project 'sck2400_firmware' ****
19:18:53.063  "C:\\ti\\ccs2051\\ccs\\utils\\bin\\gmake" -k -j 12 clean -r -O
19:18:53.283  DEL /F "syscfg\ti_radio_config.h" "syscfg\ti_drivers_config.h" "syscfg\ti_utils_build_linker.cmd.genlibs" "syscfg\ti_utils_build_linker.cmd.genmap" "syscfg\syscfg_c.rov.xs" "syscfg\ti_sysbios_config.h" "syscfg\ti_devices_config.c" "syscfg\ti_radio_config.c" "syscfg\ti_drivers_config.c" "syscfg\ti_utils_build_compiler.opt" "syscfg\ti_sysbios_config.c" "sck2400_firmware.out"
19:18:53.291  DEL /F "RFQueue.o" "ccsds.o" "main.o" "main_tirtos.o" "oad_image_header_app.o" "radio.o" "syscfg\ti_devices_config.o" "syscfg\ti_radio_config.o" "syscfg\ti_drivers_config.o" "syscfg\ti_sysbios_config.o" "telemetry.o" "uart.o"
19:18:53.292  DEL /F "RFQueue.d" "ccsds.d" "main.d" "main_tirtos.d" "oad_image_header_app.d" "radio.d" "syscfg\ti_devices_config.d" "syscfg\ti_radio_config.d" "syscfg\ti_drivers_config.d" "syscfg\ti_sysbios_config.d" "telemetry.d" "uart.d"
19:18:53.293  RMDIR /S/Q "syscfg"
19:18:53.351  **** Build finished ****
19:18:55.270  **** Build of configuration 'Debug' for project 'sck2400_firmware' ****
19:18:55.281  "C:\\ti\\ccs2051\\ccs\\utils\\bin\\gmake" -k -j 12 all -r -O
19:18:57.202  SysConfig - building file: "../sck2400.syscfg"
19:18:57.203  "C:/ti/sysconfig_1.21.1/sysconfig_cli.bat" -s "C:/ti/simplelink_cc13xx_cc26xx_sdk_8_32_00_07/.metadata/product.json" --script "C:/Users/maxor/workspace_ccstheia/sck2400_firmware/sck2400.syscfg" -o "syscfg" --compiler ticlang
19:18:57.206  Running script...
19:18:57.209  Validating...
19:18:57.210  warning: CONFIG_SPI_0(/ti/drivers/SPI) spi.csnPin: Connected to hardware
19:18:57.218  DIO20/38 is connected to MX25R8035F SPI Flash Chip Select on the CC1352P-2 LaunchPad. Consider selecting it in 'use hardware' above. Using a custom board?
19:18:57.221  0 error(s), 1 warning(s)
19:18:57.224  Generating Code (sck2400.syscfg)...
19:18:57.227  Writing C:\Users\maxor\workspace_ccstheia\sck2400_firmware\Debug\syscfg\ti_devices_config.c...
19:18:57.230  Writing C:\Users\maxor\workspace_ccstheia\sck2400_firmware\Debug\syscfg\ti_radio_config.c...
19:18:57.233  Writing C:\Users\maxor\workspace_ccstheia\sck2400_firmware\Debug\syscfg\ti_radio_config.h...
19:18:57.236  Writing C:\Users\maxor\workspace_ccstheia\sck2400_firmware\Debug\syscfg\ti_drivers_config.c...
19:18:57.239  Writing C:\Users\maxor\workspace_ccstheia\sck2400_firmware\Debug\syscfg\ti_drivers_config.h...
19:18:57.243  Writing C:\Users\maxor\workspace_ccstheia\sck2400_firmware\Debug\syscfg\ti_utils_build_linker.cmd.genlibs...
19:18:57.246  Writing C:\Users\maxor\workspace_ccstheia\sck2400_firmware\Debug\syscfg\ti_utils_build_linker.cmd.genmap...
19:18:57.250  Writing C:\Users\maxor\workspace_ccstheia\sck2400_firmware\Debug\syscfg\ti_utils_build_compiler.opt...
19:18:57.253  Writing C:\Users\maxor\workspace_ccstheia\sck2400_firmware\Debug\syscfg\syscfg_c.rov.xs...
19:18:57.257  Writing C:\Users\maxor\workspace_ccstheia\sck2400_firmware\Debug\syscfg\ti_sysbios_config.h...
19:18:57.260  Writing C:\Users\maxor\workspace_ccstheia\sck2400_firmware\Debug\syscfg\ti_sysbios_config.c...
19:18:57.264  Finished building: "../sck2400.syscfg"
19:18:57.429  Arm Compiler - building file: "../main_tirtos.c"
19:18:57.435  "C:/ti/ti_cgt_arm_llvm_3.2.2.LTS/bin/tiarmclang.exe" -c -mcpu=cortex-m4 -mfloat-abi=hard -mfpu=fpv4-sp-d16 -mlittle-endian -mthumb -Oz -I"C:/Users/maxor/workspace_ccstheia/sck2400_firmware" -I"C:/Users/maxor/workspace_ccstheia/sck2400_firmware/Debug" -I"C:/ti/simplelink_cc13xx_cc26xx_sdk_8_32_00_07/source" -I"C:/ti/simplelink_cc13xx_cc26xx_sdk_8_32_00_07/kernel/tirtos7/packages" -I"C:/ti/simplelink_cc13xx_cc26xx_sdk_8_32_00_07/source/ti/posix/ticlang" -gdwarf-3 -march=armv7e-m -MMD -MP -MF"main_tirtos.d_raw" -MT"main_tirtos.o" -I"C:/Users/maxor/workspace_ccstheia/sck2400_firmware/Debug/syscfg"  @"syscfg/ti_utils_build_compiler.opt"  -o"main_tirtos.o" "../main_tirtos.c"
19:18:57.442  ../main_tirtos.c:37:10: error: expected "FILENAME" or <FILENAME>
19:18:57.445  #include DeviceFamily_constructPath(inc/hw_types.h)
19:18:57.448  ^
19:18:57.452  ../main_tirtos.c:66:5: warning: call to undeclared function 'HWREG'; ISO C99 and later do not support implicit function declarations [-Wimplicit-function-declaration]
19:18:57.456  HWREG(0x40082000) |= 0x200;   // PRCM GPIO run enable
19:18:57.460  ^
19:18:57.480  ../main_tirtos.c:66:23: error: expression is not assignable
19:18:57.483  HWREG(0x40082000) |= 0x200;   // PRCM GPIO run enable
19:18:57.486  ~~~~~~~~~~~~~~~~~ ^
19:18:57.490  ../main_tirtos.c:67:23: error: expression is not assignable
19:18:57.493  HWREG(0x40082028) = 1;         // PRCM load
19:18:57.496  ~~~~~~~~~~~~~~~~~ ^
19:18:57.500  ../main_tirtos.c:70:29: error: expression is not assignable
19:18:57.505  HWREG(0x40081000 + 7*4) = 0x6000;  // IOC DIO7 = GPIO output
19:18:57.509  ~~~~~~~~~~~~~~~~~~~~~~~ ^
19:18:57.512  ../main_tirtos.c:73:45: error: expression is not assignable
19:18:57.517  if (i & 1) HWREG(0x40022000 + 0x90) = (1<<7);  // GPIO DOUTSET31_0
19:18:57.520  ~~~~~~~~~~~~~~~~~~~~~~~~ ^
19:18:57.523  ../main_tirtos.c:74:45: error: expression is not assignable
19:18:57.528  else       HWREG(0x40022000 + 0x98) = (1<<7);  // GPIO DOUTCLR31_0
19:18:57.531  ~~~~~~~~~~~~~~~~~~~~~~~~ ^
19:18:57.534  ../main_tirtos.c:77:30: error: expression is not assignable
19:18:57.537  HWREG(0x40022000 + 0x98) = (1<<7);  // LED off
19:18:57.540  ~~~~~~~~~~~~~~~~~~~~~~~~ ^
19:18:57.544  1 warning and 7 errors generated.
19:18:57.547  Arm Compiler - building file: "../RFQueue.c"
19:18:57.551  "C:/ti/ti_cgt_arm_llvm_3.2.2.LTS/bin/tiarmclang.exe" -c -mcpu=cortex-m4 -mfloat-abi=hard -mfpu=fpv4-sp-d16 -mlittle-endian -mthumb -Oz -I"C:/Users/maxor/workspace_ccstheia/sck2400_firmware" -I"C:/Users/maxor/workspace_ccstheia/sck2400_firmware/Debug" -I"C:/ti/simplelink_cc13xx_cc26xx_sdk_8_32_00_07/source" -I"C:/ti/simplelink_cc13xx_cc26xx_sdk_8_32_00_07/kernel/tirtos7/packages" -I"C:/ti/simplelink_cc13xx_cc26xx_sdk_8_32_00_07/source/ti/posix/ticlang" -gdwarf-3 -march=armv7e-m -MMD -MP -MF"RFQueue.d_raw" -MT"RFQueue.o" -I"C:/Users/maxor/workspace_ccstheia/sck2400_firmware/Debug/syscfg"  @"syscfg/ti_utils_build_compiler.opt"  -o"RFQueue.o" "../RFQueue.c"
19:18:57.555  Finished building: "../RFQueue.c"
19:18:57.559  Arm Compiler - building file: "../ccsds.c"
19:18:57.562  "C:/ti/ti_cgt_arm_llvm_3.2.2.LTS/bin/tiarmclang.exe" -c -mcpu=cortex-m4 -mfloat-abi=hard -mfpu=fpv4-sp-d16 -mlittle-endian -mthumb -Oz -I"C:/Users/maxor/workspace_ccstheia/sck2400_firmware" -I"C:/Users/maxor/workspace_ccstheia/sck2400_firmware/Debug" -I"C:/ti/simplelink_cc13xx_cc26xx_sdk_8_32_00_07/source" -I"C:/ti/simplelink_cc13xx_cc26xx_sdk_8_32_00_07/kernel/tirtos7/packages" -I"C:/ti/simplelink_cc13xx_cc26xx_sdk_8_32_00_07/source/ti/posix/ticlang" -gdwarf-3 -march=armv7e-m -MMD -MP -MF"ccsds.d_raw" -MT"ccsds.o" -I"C:/Users/maxor/workspace_ccstheia/sck2400_firmware/Debug/syscfg"  @"syscfg/ti_utils_build_compiler.opt"  -o"ccsds.o" "../ccsds.c"
19:18:57.567  Finished building: "../ccsds.c"
19:18:57.570  Arm Compiler - building file: "../main.c"
19:18:57.574  "C:/ti/ti_cgt_arm_llvm_3.2.2.LTS/bin/tiarmclang.exe" -c -mcpu=cortex-m4 -mfloat-abi=hard -mfpu=fpv4-sp-d16 -mlittle-endian -mthumb -Oz -I"C:/Users/maxor/workspace_ccstheia/sck2400_firmware" -I"C:/Users/maxor/workspace_ccstheia/sck2400_firmware/Debug" -I"C:/ti/simplelink_cc13xx_cc26xx_sdk_8_32_00_07/source" -I"C:/ti/simplelink_cc13xx_cc26xx_sdk_8_32_00_07/kernel/tirtos7/packages" -I"C:/ti/simplelink_cc13xx_cc26xx_sdk_8_32_00_07/source/ti/posix/ticlang" -gdwarf-3 -march=armv7e-m -MMD -MP -MF"main.d_raw" -MT"main.o" -I"C:/Users/maxor/workspace_ccstheia/sck2400_firmware/Debug/syscfg"  @"syscfg/ti_utils_build_compiler.opt"  -o"main.o" "../main.c"
19:18:57.578  Finished building: "../main.c"
19:18:57.583  Arm Compiler - building file: "../oad_image_header_app.c"
19:18:57.586  "C:/ti/ti_cgt_arm_llvm_3.2.2.LTS/bin/tiarmclang.exe" -c -mcpu=cortex-m4 -mfloat-abi=hard -mfpu=fpv4-sp-d16 -mlittle-endian -mthumb -Oz -I"C:/Users/maxor/workspace_ccstheia/sck2400_firmware" -I"C:/Users/maxor/workspace_ccstheia/sck2400_firmware/Debug" -I"C:/ti/simplelink_cc13xx_cc26xx_sdk_8_32_00_07/source" -I"C:/ti/simplelink_cc13xx_cc26xx_sdk_8_32_00_07/kernel/tirtos7/packages" -I"C:/ti/simplelink_cc13xx_cc26xx_sdk_8_32_00_07/source/ti/posix/ticlang" -gdwarf-3 -march=armv7e-m -MMD -MP -MF"oad_image_header_app.d_raw" -MT"oad_image_header_app.o" -I"C:/Users/maxor/workspace_ccstheia/sck2400_firmware/Debug/syscfg"  @"syscfg/ti_utils_build_compiler.opt"  -o"oad_image_header_app.o" "../oad_image_header_app.c"
19:18:57.592  Finished building: "../oad_image_header_app.c"
19:18:57.785  Arm Compiler - building file: "syscfg/ti_devices_config.c"
19:18:57.791  "C:/ti/ti_cgt_arm_llvm_3.2.2.LTS/bin/tiarmclang.exe" -c -mcpu=cortex-m4 -mfloat-abi=hard -mfpu=fpv4-sp-d16 -mlittle-endian -mthumb -Oz -I"C:/Users/maxor/workspace_ccstheia/sck2400_firmware" -I"C:/Users/maxor/workspace_ccstheia/sck2400_firmware/Debug" -I"C:/ti/simplelink_cc13xx_cc26xx_sdk_8_32_00_07/source" -I"C:/ti/simplelink_cc13xx_cc26xx_sdk_8_32_00_07/kernel/tirtos7/packages" -I"C:/ti/simplelink_cc13xx_cc26xx_sdk_8_32_00_07/source/ti/posix/ticlang" -gdwarf-3 -march=armv7e-m -MMD -MP -MF"syscfg/ti_devices_config.d_raw" -MT"syscfg/ti_devices_config.o" -I"C:/Users/maxor/workspace_ccstheia/sck2400_firmware/Debug/syscfg"  @"syscfg/ti_utils_build_compiler.opt"  -o"syscfg/ti_devices_config.o" "syscfg/ti_devices_config.c"
19:18:57.797  Finished building: "syscfg/ti_devices_config.c"
19:18:57.842  Arm Compiler - building file: "syscfg/ti_radio_config.c"
19:18:57.848  "C:/ti/ti_cgt_arm_llvm_3.2.2.LTS/bin/tiarmclang.exe" -c -mcpu=cortex-m4 -mfloat-abi=hard -mfpu=fpv4-sp-d16 -mlittle-endian -mthumb -Oz -I"C:/Users/maxor/workspace_ccstheia/sck2400_firmware" -I"C:/Users/maxor/workspace_ccstheia/sck2400_firmware/Debug" -I"C:/ti/simplelink_cc13xx_cc26xx_sdk_8_32_00_07/source" -I"C:/ti/simplelink_cc13xx_cc26xx_sdk_8_32_00_07/kernel/tirtos7/packages" -I"C:/ti/simplelink_cc13xx_cc26xx_sdk_8_32_00_07/source/ti/posix/ticlang" -gdwarf-3 -march=armv7e-m -MMD -MP -MF"syscfg/ti_radio_config.d_raw" -MT"syscfg/ti_radio_config.o" -I"C:/Users/maxor/workspace_ccstheia/sck2400_firmware/Debug/syscfg"  @"syscfg/ti_utils_build_compiler.opt"  -o"syscfg/ti_radio_config.o" "syscfg/ti_radio_config.c"
19:18:57.855  Finished building: "syscfg/ti_radio_config.c"
19:18:57.859  Arm Compiler - building file: "../radio.c"
19:18:57.863  "C:/ti/ti_cgt_arm_llvm_3.2.2.LTS/bin/tiarmclang.exe" -c -mcpu=cortex-m4 -mfloat-abi=hard -mfpu=fpv4-sp-d16 -mlittle-endian -mthumb -Oz -I"C:/Users/maxor/workspace_ccstheia/sck2400_firmware" -I"C:/Users/maxor/workspace_ccstheia/sck2400_firmware/Debug" -I"C:/ti/simplelink_cc13xx_cc26xx_sdk_8_32_00_07/source" -I"C:/ti/simplelink_cc13xx_cc26xx_sdk_8_32_00_07/kernel/tirtos7/packages" -I"C:/ti/simplelink_cc13xx_cc26xx_sdk_8_32_00_07/source/ti/posix/ticlang" -gdwarf-3 -march=armv7e-m -MMD -MP -MF"radio.d_raw" -MT"radio.o" -I"C:/Users/maxor/workspace_ccstheia/sck2400_firmware/Debug/syscfg"  @"syscfg/ti_utils_build_compiler.opt"  -o"radio.o" "../radio.c"
19:18:57.868  Finished building: "../radio.c"
19:18:57.923  Arm Compiler - building file: "syscfg/ti_drivers_config.c"
19:18:57.927  "C:/ti/ti_cgt_arm_llvm_3.2.2.LTS/bin/tiarmclang.exe" -c -mcpu=cortex-m4 -mfloat-abi=hard -mfpu=fpv4-sp-d16 -mlittle-endian -mthumb -Oz -I"C:/Users/maxor/workspace_ccstheia/sck2400_firmware" -I"C:/Users/maxor/workspace_ccstheia/sck2400_firmware/Debug" -I"C:/ti/simplelink_cc13xx_cc26xx_sdk_8_32_00_07/source" -I"C:/ti/simplelink_cc13xx_cc26xx_sdk_8_32_00_07/kernel/tirtos7/packages" -I"C:/ti/simplelink_cc13xx_cc26xx_sdk_8_32_00_07/source/ti/posix/ticlang" -gdwarf-3 -march=armv7e-m -MMD -MP -MF"syscfg/ti_drivers_config.d_raw" -MT"syscfg/ti_drivers_config.o" -I"C:/Users/maxor/workspace_ccstheia/sck2400_firmware/Debug/syscfg"  @"syscfg/ti_utils_build_compiler.opt"  -o"syscfg/ti_drivers_config.o" "syscfg/ti_drivers_config.c"
19:18:57.932  Finished building: "syscfg/ti_drivers_config.c"
19:18:57.981  Arm Compiler - building file: "../telemetry.c"
19:18:58.001  "C:/ti/ti_cgt_arm_llvm_3.2.2.LTS/bin/tiarmclang.exe" -c -mcpu=cortex-m4 -mfloat-abi=hard -mfpu=fpv4-sp-d16 -mlittle-endian -mthumb -Oz -I"C:/Users/maxor/workspace_ccstheia/sck2400_firmware" -I"C:/Users/maxor/workspace_ccstheia/sck2400_firmware/Debug" -I"C:/ti/simplelink_cc13xx_cc26xx_sdk_8_32_00_07/source" -I"C:/ti/simplelink_cc13xx_cc26xx_sdk_8_32_00_07/kernel/tirtos7/packages" -I"C:/ti/simplelink_cc13xx_cc26xx_sdk_8_32_00_07/source/ti/posix/ticlang" -gdwarf-3 -march=armv7e-m -MMD -MP -MF"telemetry.d_raw" -MT"telemetry.o" -I"C:/Users/maxor/workspace_ccstheia/sck2400_firmware/Debug/syscfg"  @"syscfg/ti_utils_build_compiler.opt"  -o"telemetry.o" "../telemetry.c"
19:18:58.007  Finished building: "../telemetry.c"
19:18:58.135  Arm Compiler - building file: "../uart.c"
19:18:58.141  "C:/ti/ti_cgt_arm_llvm_3.2.2.LTS/bin/tiarmclang.exe" -c -mcpu=cortex-m4 -mfloat-abi=hard -mfpu=fpv4-sp-d16 -mlittle-endian -mthumb -Oz -I"C:/Users/maxor/workspace_ccstheia/sck2400_firmware" -I"C:/Users/maxor/workspace_ccstheia/sck2400_firmware/Debug" -I"C:/ti/simplelink_cc13xx_cc26xx_sdk_8_32_00_07/source" -I"C:/ti/simplelink_cc13xx_cc26xx_sdk_8_32_00_07/kernel/tirtos7/packages" -I"C:/ti/simplelink_cc13xx_cc26xx_sdk_8_32_00_07/source/ti/posix/ticlang" -gdwarf-3 -march=armv7e-m -MMD -MP -MF"uart.d_raw" -MT"uart.o" -I"C:/Users/maxor/workspace_ccstheia/sck2400_firmware/Debug/syscfg"  @"syscfg/ti_utils_build_compiler.opt"  -o"uart.o" "../uart.c"
19:18:58.145  Finished building: "../uart.c"
19:18:59.157  Arm Compiler - building file: "syscfg/ti_sysbios_config.c"
19:18:59.161  "C:/ti/ti_cgt_arm_llvm_3.2.2.LTS/bin/tiarmclang.exe" -c -mcpu=cortex-m4 -mfloat-abi=hard -mfpu=fpv4-sp-d16 -mlittle-endian -mthumb -Oz -I"C:/Users/maxor/workspace_ccstheia/sck2400_firmware" -I"C:/Users/maxor/workspace_ccstheia/sck2400_firmware/Debug" -I"C:/ti/simplelink_cc13xx_cc26xx_sdk_8_32_00_07/source" -I"C:/ti/simplelink_cc13xx_cc26xx_sdk_8_32_00_07/kernel/tirtos7/packages" -I"C:/ti/simplelink_cc13xx_cc26xx_sdk_8_32_00_07/source/ti/posix/ticlang" -gdwarf-3 -march=armv7e-m -MMD -MP -MF"syscfg/ti_sysbios_config.d_raw" -MT"syscfg/ti_sysbios_config.o" -I"C:/Users/maxor/workspace_ccstheia/sck2400_firmware/Debug/syscfg"  @"syscfg/ti_utils_build_compiler.opt"  -o"syscfg/ti_sysbios_config.o" "syscfg/ti_sysbios_config.c"
19:18:59.165  Finished building: "syscfg/ti_sysbios_config.c"
19:18:59.168  gmake: Target 'all' not remade because of errors.
19:18:59.206  **** Build finished ****
19:18:59.306  # ----------------------------------------
19:18:59.311  # Problem summary for project 'sck2400_firmware': 7 errors, 2 warnings
19:18:59.314  Error: main_tirtos.c [line 37]: expected "FILENAME" or <FILENAME>
19:18:59.318  Error: main_tirtos.c [line 66]: expression is not assignable
19:18:59.321  Error: main_tirtos.c [line 67]: expression is not assignable
19:18:59.324  Error: main_tirtos.c [line 70]: expression is not assignable
19:18:59.327  Error: main_tirtos.c [line 73]: expression is not assignable
19:18:59.330  Error: main_tirtos.c [line 74]: expression is not assignable
19:18:59.334  Error: main_tirtos.c [line 77]: expression is not assignable
19:18:59.338  Warning: main_tirtos.c [line 66]: call to undeclared function 'HWREG'; ISO C99 and later do not support implicit function declarations [-Wimplicit-function-declaration]
19:18:59.343  Warning: sck2400.syscfg [CONFIG_SPI_0(/ti/drivers/SPI) spi.csnPin]: Connected to hardware
19:18:59.349  # --------------------------------------------------------------------------------
19:18:59.354  # [Mon Jun 08 19:18:59 CDT 2026]: CCS headless build complete - 1 out of 1 projects have errors
19:18:59.686  ✗ Build FAILED (exit 1)
19:20:11.746  RF Power: patched radio.h → TX_POWER = BENCH (0 dBm bench)
19:20:11.750  Board: patched ccsds.h → SCK_APID_THIS_BOARD = 0x010 (GS Board  (APID 0x010))
19:20:11.760  ══════════════════════════════════════════════════
19:20:11.762    SCK-2400 Build  →  GS Board  (APID 0x010)
19:20:11.763    SCK_APID_THIS_BOARD = 0x010
19:20:11.764    Build type: full
19:20:11.765  ══════════════════════════════════════════════════
19:20:15.005  # ================================================================================
19:20:15.009  # [Mon Jun 08 19:20:15 CDT 2026]: CCS headless build starting...
19:20:15.142  **** Clean-only build of configuration 'Debug' for project 'sck2400_firmware' ****
19:20:15.191  "C:\\ti\\ccs2051\\ccs\\utils\\bin\\gmake" -k -j 12 clean -r -O
19:20:15.418  DEL /F "syscfg\ti_radio_config.h" "syscfg\ti_drivers_config.h" "syscfg\ti_utils_build_linker.cmd.genlibs" "syscfg\ti_utils_build_linker.cmd.genmap" "syscfg\syscfg_c.rov.xs" "syscfg\ti_sysbios_config.h" "syscfg\ti_devices_config.c" "syscfg\ti_radio_config.c" "syscfg\ti_drivers_config.c" "syscfg\ti_utils_build_compiler.opt" "syscfg\ti_sysbios_config.c" "sck2400_firmware.out"
19:20:15.420  DEL /F "RFQueue.o" "ccsds.o" "main.o" "main_tirtos.o" "oad_image_header_app.o" "radio.o" "syscfg\ti_devices_config.o" "syscfg\ti_radio_config.o" "syscfg\ti_drivers_config.o" "syscfg\ti_sysbios_config.o" "telemetry.o" "uart.o"
19:20:15.422  DEL /F "RFQueue.d" "ccsds.d" "main.d" "main_tirtos.d" "oad_image_header_app.d" "radio.d" "syscfg\ti_devices_config.d" "syscfg\ti_radio_config.d" "syscfg\ti_drivers_config.d" "syscfg\ti_sysbios_config.d" "telemetry.d" "uart.d"
19:20:15.423  RMDIR /S/Q "syscfg"
19:20:15.487  **** Build finished ****
19:20:17.361  **** Build of configuration 'Debug' for project 'sck2400_firmware' ****
19:20:17.376  "C:\\ti\\ccs2051\\ccs\\utils\\bin\\gmake" -k -j 12 all -r -O
19:20:19.298  SysConfig - building file: "../sck2400.syscfg"
19:20:19.300  "C:/ti/sysconfig_1.21.1/sysconfig_cli.bat" -s "C:/ti/simplelink_cc13xx_cc26xx_sdk_8_32_00_07/.metadata/product.json" --script "C:/Users/maxor/workspace_ccstheia/sck2400_firmware/sck2400.syscfg" -o "syscfg" --compiler ticlang
19:20:19.304  Running script...
19:20:19.305  Validating...
19:20:19.306  warning: CONFIG_SPI_0(/ti/drivers/SPI) spi.csnPin: Connected to hardware
19:20:19.316  DIO20/38 is connected to MX25R8035F SPI Flash Chip Select on the CC1352P-2 LaunchPad. Consider selecting it in 'use hardware' above. Using a custom board?
19:20:19.319  0 error(s), 1 warning(s)
19:20:19.323  Generating Code (sck2400.syscfg)...
19:20:19.327  Writing C:\Users\maxor\workspace_ccstheia\sck2400_firmware\Debug\syscfg\ti_devices_config.c...
19:20:19.330  Writing C:\Users\maxor\workspace_ccstheia\sck2400_firmware\Debug\syscfg\ti_radio_config.c...
19:20:19.333  Writing C:\Users\maxor\workspace_ccstheia\sck2400_firmware\Debug\syscfg\ti_radio_config.h...
19:20:19.336  Writing C:\Users\maxor\workspace_ccstheia\sck2400_firmware\Debug\syscfg\ti_drivers_config.c...
19:20:19.339  Writing C:\Users\maxor\workspace_ccstheia\sck2400_firmware\Debug\syscfg\ti_drivers_config.h...
19:20:19.342  Writing C:\Users\maxor\workspace_ccstheia\sck2400_firmware\Debug\syscfg\ti_utils_build_linker.cmd.genlibs...
19:20:19.347  Writing C:\Users\maxor\workspace_ccstheia\sck2400_firmware\Debug\syscfg\ti_utils_build_linker.cmd.genmap...
19:20:19.350  Writing C:\Users\maxor\workspace_ccstheia\sck2400_firmware\Debug\syscfg\ti_utils_build_compiler.opt...
19:20:19.353  Writing C:\Users\maxor\workspace_ccstheia\sck2400_firmware\Debug\syscfg\syscfg_c.rov.xs...
19:20:19.356  Writing C:\Users\maxor\workspace_ccstheia\sck2400_firmware\Debug\syscfg\ti_sysbios_config.h...
19:20:19.359  Writing C:\Users\maxor\workspace_ccstheia\sck2400_firmware\Debug\syscfg\ti_sysbios_config.c...
19:20:19.362  Finished building: "../sck2400.syscfg"
19:20:19.571  Arm Compiler - building file: "../RFQueue.c"
19:20:19.576  "C:/ti/ti_cgt_arm_llvm_3.2.2.LTS/bin/tiarmclang.exe" -c -mcpu=cortex-m4 -mfloat-abi=hard -mfpu=fpv4-sp-d16 -mlittle-endian -mthumb -Oz -I"C:/Users/maxor/workspace_ccstheia/sck2400_firmware" -I"C:/Users/maxor/workspace_ccstheia/sck2400_firmware/Debug" -I"C:/ti/simplelink_cc13xx_cc26xx_sdk_8_32_00_07/source" -I"C:/ti/simplelink_cc13xx_cc26xx_sdk_8_32_00_07/kernel/tirtos7/packages" -I"C:/ti/simplelink_cc13xx_cc26xx_sdk_8_32_00_07/source/ti/posix/ticlang" -gdwarf-3 -march=armv7e-m -MMD -MP -MF"RFQueue.d_raw" -MT"RFQueue.o" -I"C:/Users/maxor/workspace_ccstheia/sck2400_firmware/Debug/syscfg"  @"syscfg/ti_utils_build_compiler.opt"  -o"RFQueue.o" "../RFQueue.c"
19:20:19.588  Finished building: "../RFQueue.c"
19:20:19.592  Arm Compiler - building file: "../ccsds.c"
19:20:19.596  "C:/ti/ti_cgt_arm_llvm_3.2.2.LTS/bin/tiarmclang.exe" -c -mcpu=cortex-m4 -mfloat-abi=hard -mfpu=fpv4-sp-d16 -mlittle-endian -mthumb -Oz -I"C:/Users/maxor/workspace_ccstheia/sck2400_firmware" -I"C:/Users/maxor/workspace_ccstheia/sck2400_firmware/Debug" -I"C:/ti/simplelink_cc13xx_cc26xx_sdk_8_32_00_07/source" -I"C:/ti/simplelink_cc13xx_cc26xx_sdk_8_32_00_07/kernel/tirtos7/packages" -I"C:/ti/simplelink_cc13xx_cc26xx_sdk_8_32_00_07/source/ti/posix/ticlang" -gdwarf-3 -march=armv7e-m -MMD -MP -MF"ccsds.d_raw" -MT"ccsds.o" -I"C:/Users/maxor/workspace_ccstheia/sck2400_firmware/Debug/syscfg"  @"syscfg/ti_utils_build_compiler.opt"  -o"ccsds.o" "../ccsds.c"
19:20:19.602  Finished building: "../ccsds.c"
19:20:19.642  Arm Compiler - building file: "../main.c"
19:20:19.649  "C:/ti/ti_cgt_arm_llvm_3.2.2.LTS/bin/tiarmclang.exe" -c -mcpu=cortex-m4 -mfloat-abi=hard -mfpu=fpv4-sp-d16 -mlittle-endian -mthumb -Oz -I"C:/Users/maxor/workspace_ccstheia/sck2400_firmware" -I"C:/Users/maxor/workspace_ccstheia/sck2400_firmware/Debug" -I"C:/ti/simplelink_cc13xx_cc26xx_sdk_8_32_00_07/source" -I"C:/ti/simplelink_cc13xx_cc26xx_sdk_8_32_00_07/kernel/tirtos7/packages" -I"C:/ti/simplelink_cc13xx_cc26xx_sdk_8_32_00_07/source/ti/posix/ticlang" -gdwarf-3 -march=armv7e-m -MMD -MP -MF"main.d_raw" -MT"main.o" -I"C:/Users/maxor/workspace_ccstheia/sck2400_firmware/Debug/syscfg"  @"syscfg/ti_utils_build_compiler.opt"  -o"main.o" "../main.c"
19:20:19.654  Finished building: "../main.c"
19:20:19.658  Arm Compiler - building file: "../main_tirtos.c"
19:20:19.661  "C:/ti/ti_cgt_arm_llvm_3.2.2.LTS/bin/tiarmclang.exe" -c -mcpu=cortex-m4 -mfloat-abi=hard -mfpu=fpv4-sp-d16 -mlittle-endian -mthumb -Oz -I"C:/Users/maxor/workspace_ccstheia/sck2400_firmware" -I"C:/Users/maxor/workspace_ccstheia/sck2400_firmware/Debug" -I"C:/ti/simplelink_cc13xx_cc26xx_sdk_8_32_00_07/source" -I"C:/ti/simplelink_cc13xx_cc26xx_sdk_8_32_00_07/kernel/tirtos7/packages" -I"C:/ti/simplelink_cc13xx_cc26xx_sdk_8_32_00_07/source/ti/posix/ticlang" -gdwarf-3 -march=armv7e-m -MMD -MP -MF"main_tirtos.d_raw" -MT"main_tirtos.o" -I"C:/Users/maxor/workspace_ccstheia/sck2400_firmware/Debug/syscfg"  @"syscfg/ti_utils_build_compiler.opt"  -o"main_tirtos.o" "../main_tirtos.c"
19:20:19.667  Finished building: "../main_tirtos.c"
19:20:19.672  Arm Compiler - building file: "../oad_image_header_app.c"
19:20:19.676  "C:/ti/ti_cgt_arm_llvm_3.2.2.LTS/bin/tiarmclang.exe" -c -mcpu=cortex-m4 -mfloat-abi=hard -mfpu=fpv4-sp-d16 -mlittle-endian -mthumb -Oz -I"C:/Users/maxor/workspace_ccstheia/sck2400_firmware" -I"C:/Users/maxor/workspace_ccstheia/sck2400_firmware/Debug" -I"C:/ti/simplelink_cc13xx_cc26xx_sdk_8_32_00_07/source" -I"C:/ti/simplelink_cc13xx_cc26xx_sdk_8_32_00_07/kernel/tirtos7/packages" -I"C:/ti/simplelink_cc13xx_cc26xx_sdk_8_32_00_07/source/ti/posix/ticlang" -gdwarf-3 -march=armv7e-m -MMD -MP -MF"oad_image_header_app.d_raw" -MT"oad_image_header_app.o" -I"C:/Users/maxor/workspace_ccstheia/sck2400_firmware/Debug/syscfg"  @"syscfg/ti_utils_build_compiler.opt"  -o"oad_image_header_app.o" "../oad_image_header_app.c"
19:20:19.680  Finished building: "../oad_image_header_app.c"
19:20:19.952  Arm Compiler - building file: "syscfg/ti_devices_config.c"
19:20:19.957  "C:/ti/ti_cgt_arm_llvm_3.2.2.LTS/bin/tiarmclang.exe" -c -mcpu=cortex-m4 -mfloat-abi=hard -mfpu=fpv4-sp-d16 -mlittle-endian -mthumb -Oz -I"C:/Users/maxor/workspace_ccstheia/sck2400_firmware" -I"C:/Users/maxor/workspace_ccstheia/sck2400_firmware/Debug" -I"C:/ti/simplelink_cc13xx_cc26xx_sdk_8_32_00_07/source" -I"C:/ti/simplelink_cc13xx_cc26xx_sdk_8_32_00_07/kernel/tirtos7/packages" -I"C:/ti/simplelink_cc13xx_cc26xx_sdk_8_32_00_07/source/ti/posix/ticlang" -gdwarf-3 -march=armv7e-m -MMD -MP -MF"syscfg/ti_devices_config.d_raw" -MT"syscfg/ti_devices_config.o" -I"C:/Users/maxor/workspace_ccstheia/sck2400_firmware/Debug/syscfg"  @"syscfg/ti_utils_build_compiler.opt"  -o"syscfg/ti_devices_config.o" "syscfg/ti_devices_config.c"
19:20:19.964  Finished building: "syscfg/ti_devices_config.c"
19:20:20.012  Arm Compiler - building file: "syscfg/ti_radio_config.c"
19:20:20.019  "C:/ti/ti_cgt_arm_llvm_3.2.2.LTS/bin/tiarmclang.exe" -c -mcpu=cortex-m4 -mfloat-abi=hard -mfpu=fpv4-sp-d16 -mlittle-endian -mthumb -Oz -I"C:/Users/maxor/workspace_ccstheia/sck2400_firmware" -I"C:/Users/maxor/workspace_ccstheia/sck2400_firmware/Debug" -I"C:/ti/simplelink_cc13xx_cc26xx_sdk_8_32_00_07/source" -I"C:/ti/simplelink_cc13xx_cc26xx_sdk_8_32_00_07/kernel/tirtos7/packages" -I"C:/ti/simplelink_cc13xx_cc26xx_sdk_8_32_00_07/source/ti/posix/ticlang" -gdwarf-3 -march=armv7e-m -MMD -MP -MF"syscfg/ti_radio_config.d_raw" -MT"syscfg/ti_radio_config.o" -I"C:/Users/maxor/workspace_ccstheia/sck2400_firmware/Debug/syscfg"  @"syscfg/ti_utils_build_compiler.opt"  -o"syscfg/ti_radio_config.o" "syscfg/ti_radio_config.c"
19:20:20.025  Finished building: "syscfg/ti_radio_config.c"
19:20:20.032  Arm Compiler - building file: "../radio.c"
19:20:20.037  "C:/ti/ti_cgt_arm_llvm_3.2.2.LTS/bin/tiarmclang.exe" -c -mcpu=cortex-m4 -mfloat-abi=hard -mfpu=fpv4-sp-d16 -mlittle-endian -mthumb -Oz -I"C:/Users/maxor/workspace_ccstheia/sck2400_firmware" -I"C:/Users/maxor/workspace_ccstheia/sck2400_firmware/Debug" -I"C:/ti/simplelink_cc13xx_cc26xx_sdk_8_32_00_07/source" -I"C:/ti/simplelink_cc13xx_cc26xx_sdk_8_32_00_07/kernel/tirtos7/packages" -I"C:/ti/simplelink_cc13xx_cc26xx_sdk_8_32_00_07/source/ti/posix/ticlang" -gdwarf-3 -march=armv7e-m -MMD -MP -MF"radio.d_raw" -MT"radio.o" -I"C:/Users/maxor/workspace_ccstheia/sck2400_firmware/Debug/syscfg"  @"syscfg/ti_utils_build_compiler.opt"  -o"radio.o" "../radio.c"
19:20:20.042  Finished building: "../radio.c"
19:20:20.115  Arm Compiler - building file: "syscfg/ti_drivers_config.c"
19:20:20.123  "C:/ti/ti_cgt_arm_llvm_3.2.2.LTS/bin/tiarmclang.exe" -c -mcpu=cortex-m4 -mfloat-abi=hard -mfpu=fpv4-sp-d16 -mlittle-endian -mthumb -Oz -I"C:/Users/maxor/workspace_ccstheia/sck2400_firmware" -I"C:/Users/maxor/workspace_ccstheia/sck2400_firmware/Debug" -I"C:/ti/simplelink_cc13xx_cc26xx_sdk_8_32_00_07/source" -I"C:/ti/simplelink_cc13xx_cc26xx_sdk_8_32_00_07/kernel/tirtos7/packages" -I"C:/ti/simplelink_cc13xx_cc26xx_sdk_8_32_00_07/source/ti/posix/ticlang" -gdwarf-3 -march=armv7e-m -MMD -MP -MF"syscfg/ti_drivers_config.d_raw" -MT"syscfg/ti_drivers_config.o" -I"C:/Users/maxor/workspace_ccstheia/sck2400_firmware/Debug/syscfg"  @"syscfg/ti_utils_build_compiler.opt"  -o"syscfg/ti_drivers_config.o" "syscfg/ti_drivers_config.c"
19:20:20.129  Finished building: "syscfg/ti_drivers_config.c"
19:20:20.179  Arm Compiler - building file: "../telemetry.c"
19:20:20.184  "C:/ti/ti_cgt_arm_llvm_3.2.2.LTS/bin/tiarmclang.exe" -c -mcpu=cortex-m4 -mfloat-abi=hard -mfpu=fpv4-sp-d16 -mlittle-endian -mthumb -Oz -I"C:/Users/maxor/workspace_ccstheia/sck2400_firmware" -I"C:/Users/maxor/workspace_ccstheia/sck2400_firmware/Debug" -I"C:/ti/simplelink_cc13xx_cc26xx_sdk_8_32_00_07/source" -I"C:/ti/simplelink_cc13xx_cc26xx_sdk_8_32_00_07/kernel/tirtos7/packages" -I"C:/ti/simplelink_cc13xx_cc26xx_sdk_8_32_00_07/source/ti/posix/ticlang" -gdwarf-3 -march=armv7e-m -MMD -MP -MF"telemetry.d_raw" -MT"telemetry.o" -I"C:/Users/maxor/workspace_ccstheia/sck2400_firmware/Debug/syscfg"  @"syscfg/ti_utils_build_compiler.opt"  -o"telemetry.o" "../telemetry.c"
19:20:20.188  Finished building: "../telemetry.c"
19:20:20.292  Arm Compiler - building file: "../uart.c"
19:20:20.298  "C:/ti/ti_cgt_arm_llvm_3.2.2.LTS/bin/tiarmclang.exe" -c -mcpu=cortex-m4 -mfloat-abi=hard -mfpu=fpv4-sp-d16 -mlittle-endian -mthumb -Oz -I"C:/Users/maxor/workspace_ccstheia/sck2400_firmware" -I"C:/Users/maxor/workspace_ccstheia/sck2400_firmware/Debug" -I"C:/ti/simplelink_cc13xx_cc26xx_sdk_8_32_00_07/source" -I"C:/ti/simplelink_cc13xx_cc26xx_sdk_8_32_00_07/kernel/tirtos7/packages" -I"C:/ti/simplelink_cc13xx_cc26xx_sdk_8_32_00_07/source/ti/posix/ticlang" -gdwarf-3 -march=armv7e-m -MMD -MP -MF"uart.d_raw" -MT"uart.o" -I"C:/Users/maxor/workspace_ccstheia/sck2400_firmware/Debug/syscfg"  @"syscfg/ti_utils_build_compiler.opt"  -o"uart.o" "../uart.c"
19:20:20.302  Finished building: "../uart.c"
19:20:21.327  Arm Compiler - building file: "syscfg/ti_sysbios_config.c"
19:20:21.331  "C:/ti/ti_cgt_arm_llvm_3.2.2.LTS/bin/tiarmclang.exe" -c -mcpu=cortex-m4 -mfloat-abi=hard -mfpu=fpv4-sp-d16 -mlittle-endian -mthumb -Oz -I"C:/Users/maxor/workspace_ccstheia/sck2400_firmware" -I"C:/Users/maxor/workspace_ccstheia/sck2400_firmware/Debug" -I"C:/ti/simplelink_cc13xx_cc26xx_sdk_8_32_00_07/source" -I"C:/ti/simplelink_cc13xx_cc26xx_sdk_8_32_00_07/kernel/tirtos7/packages" -I"C:/ti/simplelink_cc13xx_cc26xx_sdk_8_32_00_07/source/ti/posix/ticlang" -gdwarf-3 -march=armv7e-m -MMD -MP -MF"syscfg/ti_sysbios_config.d_raw" -MT"syscfg/ti_sysbios_config.o" -I"C:/Users/maxor/workspace_ccstheia/sck2400_firmware/Debug/syscfg"  @"syscfg/ti_utils_build_compiler.opt"  -o"syscfg/ti_sysbios_config.o" "syscfg/ti_sysbios_config.c"
19:20:21.335  Finished building: "syscfg/ti_sysbios_config.c"
19:20:21.377  Arm Linker - building target: "sck2400_firmware.out"
19:20:21.381  "C:/ti/ti_cgt_arm_llvm_3.2.2.LTS/bin/tiarmclang.exe" -mcpu=cortex-m4 -mfloat-abi=hard -mfpu=fpv4-sp-d16 -mlittle-endian -mthumb -Oz -gdwarf-3 -march=armv7e-m -Wl,-m"sck2400_firmware.map" -Wl,-i"C:/ti/simplelink_cc13xx_cc26xx_sdk_8_32_00_07/source" -Wl,-i"C:/ti/simplelink_cc13xx_cc26xx_sdk_8_32_00_07/kernel/tirtos7/packages" -Wl,-i"C:/Users/maxor/workspace_ccstheia/sck2400_firmware/Debug/syscfg" -Wl,-i"C:/ti/ti_cgt_arm_llvm_3.2.2.LTS/lib" -Wl,--diag_wrap=off -Wl,--display_error_number -Wl,--warn_sections -Wl,--xml_link_info="sck2400_firmware_linkInfo.xml" -Wl,--rom_model -o "sck2400_firmware.out" "./RFQueue.o" "./ccsds.o" "./main.o" "./main_tirtos.o" "./oad_image_header_app.o" "./radio.o" "./syscfg/ti_devices_config.o" "./syscfg/ti_radio_config.o" "./syscfg/ti_drivers_config.o" "./syscfg/ti_sysbios_config.o" "./telemetry.o" "./uart.o" "../cc13x2_cc26x2_tirtos7.cmd"  -Wl,-lti_utils_build_linker.cmd.genlibs -Wl,-llibc.a
19:20:21.887  Finished building target: "sck2400_firmware.out"
19:20:21.946  "C:/ti/ti_cgt_arm_llvm_3.2.2.LTS/bin/tiarmhex" -order MS --memwidth=8 --romwidth=8 --intel -o "sck2400_firmware.hex" "sck2400_firmware"
19:20:21.957  Translating to Intel format...
19:20:21.962  "sck2400_firmware.out" .image_header ==> .image_header
19:20:21.966  "sck2400_firmware.out" .text ==> .text
19:20:21.970  "sck2400_firmware.out" .rodata ==> .rodata
19:20:21.974  "sck2400_firmware.out" .resetVecs ==> .resetVecs
19:20:21.976  "sck2400_firmware.out" .args ==> .args
19:20:21.979  "sck2400_firmware.out" .cinit ==> .cinit
19:20:21.983  "sck2400_firmware.out" .ccfg ==> .ccfg
19:20:22.096  **** Build finished ****
19:20:22.206  # ----------------------------------------
19:20:22.211  # Problem summary for project 'sck2400_firmware': 0 errors, 1 warnings
19:20:22.215  Warning: sck2400.syscfg [CONFIG_SPI_0(/ti/drivers/SPI) spi.csnPin]: Connected to hardware
19:20:22.219  # --------------------------------------------------------------------------------
19:20:22.223  # [Mon Jun 08 19:20:22 CDT 2026]: CCS headless build complete - 0 out of 1 projects have errors
19:20:22.626  ✓ Build succeeded: C:\Users\maxor\workspace_ccstheia\sck2400_firmware\Debug\sck2400_firmware.hex
19:20:22.630    Board: GS Board  (APID 0x010)  APID: 0x010
19:20:27.446  XDS110 detected: Serial = L4300491
19:20:27.449  ══════════════════════════════════════════════════
19:20:27.452    SCK-2400 Local Flash  →  GS Board  (APID 0x010)
19:20:27.454    XDS110: L4300491
19:20:27.457    HEX: C:\Users\maxor\workspace_ccstheia\sck2400_firmware\Debug\sck2400_firmware.hex
19:20:27.460  ══════════════════════════════════════════════════
19:20:27.462  srfprog -t soc(XDS-L4300491, CC1352P) -e pif -p all -v rb -f "C:\Users\maxor\workspace_ccstheia\sck2400_firmware\Debug\sck2400_firmware.hex"
19:20:33.026  Texas Instruments SmartRF Flash Programmer 2 v1.8.2-windows
19:20:33.052  -------------------------------------------------------------------------------
19:20:33.055  Connected over 2-pin cJTAG.
19:20:33.058  Reading file: C:\Users\maxor\workspace_ccstheia\sck2400_firmware\Debug\sck2400_firmware.hex.
19:20:33.061  Start flash erase ...
19:20:33.064  1%83%100%
19:20:33.067  OK
19:20:33.070  Start flash programming ...
19:20:33.073  0%4%9%97%100%
19:20:33.076  OK
19:20:33.078  Start flash verify ...
19:20:33.082  0%0%
19:20:33.084  Skip verification of unassigned page: 0.2%
19:20:33.087  Skip verification of unassigned page: 1.4%
19:20:33.089  Page: 2 verified OK.6%
19:20:33.092  Page: 3 verified OK.9%
19:20:33.094  Page: 4 verified OK.11%
19:20:33.097  Page: 5 verified OK.13%
19:20:33.100  Page: 6 verified OK.16%
19:20:33.103  Skip verification of unassigned page: 7.18%
19:20:33.105  Skip verification of unassigned page: 8.20%
19:20:33.108  Skip verification of unassigned page: 9.23%
19:20:33.110  Skip verification of unassigned page: 10.25%
19:20:33.114  Skip verification of unassigned page: 11.27%
19:20:33.117  Skip verification of unassigned page: 12.30%
19:20:33.131  Skip verification of unassigned page: 13.32%
19:20:33.133  Skip verification of unassigned page: 14.34%
19:20:33.136  Skip verification of unassigned page: 15.37%
19:20:33.139  Skip verification of unassigned page: 16.39%
19:20:33.141  Skip verification of unassigned page: 17.41%
19:20:33.144  Skip verification of unassigned page: 18.44%
19:20:33.147  Skip verification of unassigned page: 19.46%
19:20:33.150  Skip verification of unassigned page: 20.48%
19:20:33.153  Skip verification of unassigned page: 21.51%
19:20:33.155  Skip verification of unassigned page: 22.53%
19:20:33.158  Skip verification of unassigned page: 23.55%
19:20:33.160  Skip verification of unassigned page: 24.58%
19:20:33.163  Skip verification of unassigned page: 25.60%
19:20:33.166  Skip verification of unassigned page: 26.62%
19:20:33.169  Skip verification of unassigned page: 27.65%
19:20:33.171  Skip verification of unassigned page: 28.67%
19:20:33.174  Skip verification of unassigned page: 29.69%
19:20:33.177  Skip verification of unassigned page: 30.72%
19:20:33.179  Skip verification of unassigned page: 31.74%
19:20:33.182  Skip verification of unassigned page: 32.76%
19:20:33.185  Skip verification of unassigned page: 33.79%
19:20:33.187  Skip verification of unassigned page: 34.81%
19:20:33.190  Skip verification of unassigned page: 35.83%
19:20:33.193  Skip verification of unassigned page: 36.86%
19:20:33.209  Skip verification of unassigned page: 37.88%
19:20:33.214  Skip verification of unassigned page: 38.90%
19:20:33.218  Skip verification of unassigned page: 39.93%
19:20:33.222  Skip verification of unassigned page: 40.95%
19:20:33.225  Skip verification of unassigned page: 41.97%
19:20:33.229  Page: 42 verified OK.100%100%
19:20:33.232  OK
19:20:33.235  Reset target ...
19:20:33.238  OK
19:20:33.241  ✓ Flash complete — GS Board  (APID 0x010)
19:47:18.728  Not connected.
19:47:20.999  Connected: COM12 @ 921600
19:47:24.149    → TX [0000]  [CCSDS] get_telem seq=11 dest=0x010
19:47:28.849    ✗ No telem reply
