13:22:20.461  SCK Ground Station ready.
13:22:20.512  Log folder: C:\Users\maxor\source\repos\2022_projects\OpenLST_GroundStation\bin\Release\net8.0-windows\Log
13:22:20.514  Flights folder: C:\Users\maxor\source\repos\2022_projects\OpenLST_GroundStation\bin\Release\net8.0-windows\Flights
13:22:23.327  Board: SCK-2400 (CCSDS)
13:22:30.186  Connected: COM8 @ 921600
13:22:32.901    → TX [0000]  [CCSDS] get_telem seq=2 dest=0x011
13:22:37.918    ✗ No telem reply
13:22:44.172  Serial port closed.
13:22:44.963  Connected: COM9 @ 921600
13:22:46.879    → TX [0000]  [CCSDS] get_telem seq=3 dest=0x011
13:22:51.917    ✗ No telem reply
13:23:00.442  Serial port closed.
13:23:01.188  Connected: COM8 @ 921600
13:23:02.671    → TX [0000]  [CCSDS] get_telem seq=4 dest=0x010
13:23:02.705    ← RX  [CCSDS RAW] 08 01 C0 04 00 1F F3 00 00 00 00 00 00 00 00 00 01 00 00 00 00 00 00 00 0E 00 00 00 00 00 00 00 00 00 A1 04 96 0C
13:23:02.708    ← RX  tlm_beacon  apid=0x001 seq=4
13:23:02.718    ✓ tlm_beacon received seq=4 from 0x010
13:23:41.988    → TX [0000]  [CCSDS] get_telem seq=5 dest=0x011
13:23:43.721    ← RX  [CCSDS RAW] 08 01 C0 05 00 1F 6F 15 00 00 00 00 02 00 00 00 01 00 00 00 00 00 00 00 00 00 00 00 00 00 00 00 00 00 A8 04 B9 0C
13:23:43.727    ← RX  tlm_beacon  apid=0x001 seq=5
13:23:43.730    ✓ tlm_beacon received seq=5 from 0x011
13:24:16.578  Files: requesting list from Pico...
13:24:24.937  Files: no response from Pico
13:24:41.976    → TX [0011]  [CUSTOM] PICO Ping  opcode=0x20  (seq=6)
13:25:06.998    ✗ No reply
13:25:32.771    → TX [0011]  [CUSTOM] PICO Ping  opcode=0x20  (seq=7)
13:25:34.656    ← RX  [CCSDS RAW] 08 03 C0 07 00 09 20 00 50 49 43 4F 3A 41 43 4B
13:25:34.662    ← RX  cmd_ack  apid=0x003 seq=7 → " PICO:ACK"
13:25:34.664    ✓ cmd_ack 
13:25:37.862    → TX [0011]  [CUSTOM] PICO Read Temp  opcode=0x21  (seq=8)
13:26:02.910    ✗ No reply
13:26:09.262    → TX [0011]  [CUSTOM] PICO Read Temp  opcode=0x21  (seq=9)
13:26:10.987    ← RX  [CCSDS RAW] 08 03 C0 09 00 31 21 00 47 50 53 3A 30 2E 30 30 30 30 30 30 2C 30 2E 30 30 30 30 30 30 2C 30 2E 30 2C 30 2C 30 2C 39 39 30 2E 36 30 2C 31 39 30 2E 33 2C 31 39 2E 39 31
13:26:10.997    ← RX  cmd_ack  apid=0x003 seq=9 → "!GPS:0.000000,0.000000,0.0,0,0,990.60,190.3,19.91"
13:26:11.000    ✓ cmd_ack 
13:26:22.876    → TX [0011]  [CUSTOM] PICO Beacon OFF  opcode=0x29  (seq=10)
13:26:24.913    ← RX  [CCSDS RAW] 08 03 C0 0A 00 20 29 00 47 50 53 3A 30 2E 30 30 30 30 22 69 0B 54 45 4D 50 3A 31 35 2E 38 31 43 22 69 30 47 50 53 3A
13:26:24.924    ← RX  cmd_ack  apid=0x003 seq=10 → ")GPS:0.0000"iTEMP:15.81C"i0GPS:"
13:26:24.935    ✓ cmd_ack 
13:26:30.558    → TX [0011]  [CUSTOM] PICO Read Temp  opcode=0x21  (seq=11)
13:26:32.193    ← RX  [CCSDS RAW] 08 03 C0 0B 00 0B 21 00 42 45 41 43 4F 4E 3A 4F 46 46
13:26:32.196    ← RX  cmd_ack  apid=0x003 seq=11 → "!BEACON:OFF"
13:26:32.198    ✓ cmd_ack 
13:26:43.879    → TX [0011]  [CUSTOM] PICO Read Temp  opcode=0x21  (seq=12)
13:27:08.996    ✗ No reply
13:27:10.102    → TX [0011]  [CUSTOM] PICO Get Baro  opcode=0x28  (seq=13)
13:27:35.162    ✗ No reply
13:27:49.894    → TX [0011]  [CUSTOM] PICO Get Baro  opcode=0x28  (seq=14)
13:27:51.826    ← RX  [CCSDS RAW] 08 03 C0 0E 00 18 28 00 42 41 52 4F 3A 39 39 30 2E 36 31 2C 31 39 30 2E 32 2C 31 39 2E 38 39
13:27:51.831    ← RX  cmd_ack  apid=0x003 seq=14 → "(BARO:990.61,190.2,19.89"
13:27:51.833    ✓ cmd_ack 
13:27:57.318    → TX [0011]  [CUSTOM] PICO Get GPS  opcode=0x27  (seq=15)
13:27:59.101    ← RX  [CCSDS RAW] 08 03 C0 0F 00 18 27 00 42 41 52 4F 3A 39 39 30 2E 36 31 2C 31 39 30 2E 32 2C 31 39 2E 39 36
13:27:59.106    ← RX  cmd_ack  apid=0x003 seq=15 → "'BARO:990.61,190.2,19.96"
13:27:59.116    ✓ cmd_ack 
13:28:10.454    → TX [0011]  [CUSTOM] PICO Get GPS  opcode=0x27  (seq=16)
13:28:35.594    ✗ No reply
13:28:37.486    → TX [0011]  [CUSTOM] PICO Beacon ON  opcode=0x29  (seq=17)
13:28:39.239    ← RX  [CCSDS RAW] 08 03 C0 11 00 20 29 00 47 50 53 3A 30 2E 30 30 30 30 30 30 2C 30 2E 30 30 30 30 30 30 2C 30 2E 30 2C 30 2C 30 2C 39
13:28:39.252    ← RX  cmd_ack  apid=0x003 seq=17 → ")GPS:0.000000,0.000000,0.0,0,0,9"
13:28:39.255    ✓ cmd_ack 
13:30:03.596    → TX [0011]  [CUSTOM] PICO List Files  opcode=0x23  (seq=18)
13:30:28.760    ✗ No reply
13:31:22.531  Serial port closed.
17:13:23.031  SCK Ground Station ready.
17:13:23.055  Log folder: C:\Users\maxor\source\repos\2022_projects\OpenLST_GroundStation\bin\Release\net8.0-windows\Log
17:13:23.057  Flights folder: C:\Users\maxor\source\repos\2022_projects\OpenLST_GroundStation\bin\Release\net8.0-windows\Flights
17:13:37.171  Board: SCK-2400 (CCSDS)
17:13:38.231  Connected: COM8 @ 921600
17:13:42.386    → TX [0000]  [CCSDS] get_telem seq=2 dest=0x010
17:13:42.400    ← RX  [CCSDS RAW] 08 01 C0 02 00 1F 0B 01 00 00 00 00 00 00 00 00 00 00 00 00 00 00 00 00 07 00 00 00 00 00 00 00 00 00 A1 04 97 0C
17:13:42.402    ← RX  tlm_beacon  apid=0x001 seq=2
17:13:42.410    ✓ tlm_beacon received seq=2 from 0x010
17:24:34.004  RF Power: patched radio.h → TX_POWER = BENCH (0 dBm bench)
17:24:34.024  Board: patched ccsds.h → SCK_APID_THIS_BOARD = 0x010 (GS Board  (APID 0x010))
17:24:34.041  ══════════════════════════════════════════════════
17:24:34.042    SCK-2400 Build  →  GS Board  (APID 0x010)
17:24:34.043    SCK_APID_THIS_BOARD = 0x010
17:24:34.044    Build type: full
17:24:34.045  ══════════════════════════════════════════════════
17:24:37.476  # ================================================================================
17:24:37.478  # [Wed Jun 24 17:24:37 CDT 2026]: CCS headless build starting...
17:24:37.608  **** Clean-only build of configuration 'Debug' for project 'sck2400_firmware' ****
17:24:37.721  "C:\\ti\\ccs2051\\ccs\\utils\\bin\\gmake" -k -j 12 clean -r -O
17:24:38.015  DEL /F "syscfg\ti_radio_config.h" "syscfg\ti_drivers_config.h" "syscfg\ti_utils_build_linker.cmd.genlibs" "syscfg\ti_utils_build_linker.cmd.genmap" "syscfg\syscfg_c.rov.xs" "syscfg\ti_sysbios_config.h" "syscfg\ti_devices_config.c" "syscfg\ti_radio_config.c" "syscfg\ti_drivers_config.c" "syscfg\ti_utils_build_compiler.opt" "syscfg\ti_sysbios_config.c" "sck2400_firmware.out"
17:24:38.018  DEL /F "RFQueue.o" "ccsds.o" "main.o" "main_tirtos.o" "oad_flash_stub.o" "oad_image_header_app.o" "oad_task.o" "radio.o" "syscfg\ti_devices_config.o" "syscfg\ti_radio_config.o" "syscfg\ti_drivers_config.o" "syscfg\ti_sysbios_config.o" "telemetry.o" "uart.o"
17:24:38.020  DEL /F "RFQueue.d" "ccsds.d" "main.d" "main_tirtos.d" "oad_flash_stub.d" "oad_image_header_app.d" "oad_task.d" "radio.d" "syscfg\ti_devices_config.d" "syscfg\ti_radio_config.d" "syscfg\ti_drivers_config.d" "syscfg\ti_sysbios_config.d" "telemetry.d" "uart.d"
17:24:38.021  RMDIR /S/Q "syscfg"
17:24:38.107  **** Build finished ****
17:24:40.023  **** Build of configuration 'Debug' for project 'sck2400_firmware' ****
17:24:40.035  "C:\\ti\\ccs2051\\ccs\\utils\\bin\\gmake" -k -j 12 all -r -O
17:24:42.022  SysConfig - building file: "../sck2400.syscfg"
17:24:42.024  "C:/ti/sysconfig_1.21.1/sysconfig_cli.bat" -s "C:/ti/simplelink_cc13xx_cc26xx_sdk_8_32_00_07/.metadata/product.json" --script "C:/Users/maxor/workspace_ccstheia/sck2400_firmware/sck2400.syscfg" -o "syscfg" --compiler ticlang
17:24:42.028  Running script...
17:24:42.031  Validating...
17:24:42.032  warning: CONFIG_SPI_0(/ti/drivers/SPI) spi.pociPin: Connected to hardware
17:24:42.043  DIO8/14 is connected to LaunchPad SPI Bus on the CC1352P-2 LaunchPad. Consider selecting it in 'use hardware' above. Using a custom board?
17:24:42.047  warning: CONFIG_SPI_0(/ti/drivers/SPI) spi.csnPin: Connected to hardware
17:24:42.050  DIO20/38 is connected to MX25R8035F SPI Flash Chip Select on the CC1352P-2 LaunchPad. Consider selecting it in 'use hardware' above. Using a custom board?
17:24:42.054  0 error(s), 2 warning(s)
17:24:42.056  Generating Code (sck2400.syscfg)...
17:24:42.059  Writing C:\Users\maxor\workspace_ccstheia\sck2400_firmware\Debug\syscfg\ti_devices_config.c...
17:24:42.061  Writing C:\Users\maxor\workspace_ccstheia\sck2400_firmware\Debug\syscfg\ti_radio_config.c...
17:24:42.065  Writing C:\Users\maxor\workspace_ccstheia\sck2400_firmware\Debug\syscfg\ti_radio_config.h...
17:24:42.067  Writing C:\Users\maxor\workspace_ccstheia\sck2400_firmware\Debug\syscfg\ti_drivers_config.c...
17:24:42.070  Writing C:\Users\maxor\workspace_ccstheia\sck2400_firmware\Debug\syscfg\ti_drivers_config.h...
17:24:42.072  Writing C:\Users\maxor\workspace_ccstheia\sck2400_firmware\Debug\syscfg\ti_utils_build_linker.cmd.genlibs...
17:24:42.075  Writing C:\Users\maxor\workspace_ccstheia\sck2400_firmware\Debug\syscfg\ti_utils_build_linker.cmd.genmap...
17:24:42.078  Writing C:\Users\maxor\workspace_ccstheia\sck2400_firmware\Debug\syscfg\ti_utils_build_compiler.opt...
17:24:42.082  Writing C:\Users\maxor\workspace_ccstheia\sck2400_firmware\Debug\syscfg\syscfg_c.rov.xs...
17:24:42.085  Writing C:\Users\maxor\workspace_ccstheia\sck2400_firmware\Debug\syscfg\ti_sysbios_config.h...
17:24:42.087  Writing C:\Users\maxor\workspace_ccstheia\sck2400_firmware\Debug\syscfg\ti_sysbios_config.c...
17:24:42.089  Finished building: "../sck2400.syscfg"
17:24:43.130  Arm Compiler - building file: "../main.c"
17:24:43.135  "C:/ti/ti_cgt_arm_llvm_3.2.2.LTS/bin/tiarmclang.exe" -c -mcpu=cortex-m4 -mfloat-abi=hard -mfpu=fpv4-sp-d16 -mlittle-endian -mthumb -Oz -I"C:/Users/maxor/workspace_ccstheia/sck2400_firmware" -I"C:/Users/maxor/workspace_ccstheia/sck2400_firmware/Debug" -I"C:/ti/simplelink_cc13xx_cc26xx_sdk_8_32_00_07/source" -I"C:/ti/simplelink_cc13xx_cc26xx_sdk_8_32_00_07/kernel/tirtos7/packages" -I"C:/ti/simplelink_cc13xx_cc26xx_sdk_8_32_00_07/source/ti/posix/ticlang" -gdwarf-3 -march=armv7e-m -MMD -MP -MF"main.d_raw" -MT"main.o" -I"C:/Users/maxor/workspace_ccstheia/sck2400_firmware/Debug/syscfg"  @"syscfg/ti_utils_build_compiler.opt"  -o"main.o" "../main.c"
17:24:43.140  ../main.c:344:37: error: use of undeclared identifier 'CONFIG_WATCHDOG_0'
17:24:43.144  sWatchdogHandle = Watchdog_open(CONFIG_WATCHDOG_0, &wdParams);
17:24:43.148  ^
17:24:43.152  1 error generated.
17:24:43.230  Arm Compiler - building file: "syscfg/ti_devices_config.c"
17:24:43.235  "C:/ti/ti_cgt_arm_llvm_3.2.2.LTS/bin/tiarmclang.exe" -c -mcpu=cortex-m4 -mfloat-abi=hard -mfpu=fpv4-sp-d16 -mlittle-endian -mthumb -Oz -I"C:/Users/maxor/workspace_ccstheia/sck2400_firmware" -I"C:/Users/maxor/workspace_ccstheia/sck2400_firmware/Debug" -I"C:/ti/simplelink_cc13xx_cc26xx_sdk_8_32_00_07/source" -I"C:/ti/simplelink_cc13xx_cc26xx_sdk_8_32_00_07/kernel/tirtos7/packages" -I"C:/ti/simplelink_cc13xx_cc26xx_sdk_8_32_00_07/source/ti/posix/ticlang" -gdwarf-3 -march=armv7e-m -MMD -MP -MF"syscfg/ti_devices_config.d_raw" -MT"syscfg/ti_devices_config.o" -I"C:/Users/maxor/workspace_ccstheia/sck2400_firmware/Debug/syscfg"  @"syscfg/ti_utils_build_compiler.opt"  -o"syscfg/ti_devices_config.o" "syscfg/ti_devices_config.c"
17:24:43.242  Finished building: "syscfg/ti_devices_config.c"
17:24:43.309  Arm Compiler - building file: "../RFQueue.c"
17:24:43.316  "C:/ti/ti_cgt_arm_llvm_3.2.2.LTS/bin/tiarmclang.exe" -c -mcpu=cortex-m4 -mfloat-abi=hard -mfpu=fpv4-sp-d16 -mlittle-endian -mthumb -Oz -I"C:/Users/maxor/workspace_ccstheia/sck2400_firmware" -I"C:/Users/maxor/workspace_ccstheia/sck2400_firmware/Debug" -I"C:/ti/simplelink_cc13xx_cc26xx_sdk_8_32_00_07/source" -I"C:/ti/simplelink_cc13xx_cc26xx_sdk_8_32_00_07/kernel/tirtos7/packages" -I"C:/ti/simplelink_cc13xx_cc26xx_sdk_8_32_00_07/source/ti/posix/ticlang" -gdwarf-3 -march=armv7e-m -MMD -MP -MF"RFQueue.d_raw" -MT"RFQueue.o" -I"C:/Users/maxor/workspace_ccstheia/sck2400_firmware/Debug/syscfg"  @"syscfg/ti_utils_build_compiler.opt"  -o"RFQueue.o" "../RFQueue.c"
17:24:43.324  Finished building: "../RFQueue.c"
17:24:43.331  Arm Compiler - building file: "../ccsds.c"
17:24:43.334  "C:/ti/ti_cgt_arm_llvm_3.2.2.LTS/bin/tiarmclang.exe" -c -mcpu=cortex-m4 -mfloat-abi=hard -mfpu=fpv4-sp-d16 -mlittle-endian -mthumb -Oz -I"C:/Users/maxor/workspace_ccstheia/sck2400_firmware" -I"C:/Users/maxor/workspace_ccstheia/sck2400_firmware/Debug" -I"C:/ti/simplelink_cc13xx_cc26xx_sdk_8_32_00_07/source" -I"C:/ti/simplelink_cc13xx_cc26xx_sdk_8_32_00_07/kernel/tirtos7/packages" -I"C:/ti/simplelink_cc13xx_cc26xx_sdk_8_32_00_07/source/ti/posix/ticlang" -gdwarf-3 -march=armv7e-m -MMD -MP -MF"ccsds.d_raw" -MT"ccsds.o" -I"C:/Users/maxor/workspace_ccstheia/sck2400_firmware/Debug/syscfg"  @"syscfg/ti_utils_build_compiler.opt"  -o"ccsds.o" "../ccsds.c"
17:24:43.338  Finished building: "../ccsds.c"
17:24:43.343  Arm Compiler - building file: "../oad_image_header_app.c"
17:24:43.347  "C:/ti/ti_cgt_arm_llvm_3.2.2.LTS/bin/tiarmclang.exe" -c -mcpu=cortex-m4 -mfloat-abi=hard -mfpu=fpv4-sp-d16 -mlittle-endian -mthumb -Oz -I"C:/Users/maxor/workspace_ccstheia/sck2400_firmware" -I"C:/Users/maxor/workspace_ccstheia/sck2400_firmware/Debug" -I"C:/ti/simplelink_cc13xx_cc26xx_sdk_8_32_00_07/source" -I"C:/ti/simplelink_cc13xx_cc26xx_sdk_8_32_00_07/kernel/tirtos7/packages" -I"C:/ti/simplelink_cc13xx_cc26xx_sdk_8_32_00_07/source/ti/posix/ticlang" -gdwarf-3 -march=armv7e-m -MMD -MP -MF"oad_image_header_app.d_raw" -MT"oad_image_header_app.o" -I"C:/Users/maxor/workspace_ccstheia/sck2400_firmware/Debug/syscfg"  @"syscfg/ti_utils_build_compiler.opt"  -o"oad_image_header_app.o" "../oad_image_header_app.c"
17:24:43.352  Finished building: "../oad_image_header_app.c"
17:24:43.355  Arm Compiler - building file: "../oad_task.c"
17:24:43.358  "C:/ti/ti_cgt_arm_llvm_3.2.2.LTS/bin/tiarmclang.exe" -c -mcpu=cortex-m4 -mfloat-abi=hard -mfpu=fpv4-sp-d16 -mlittle-endian -mthumb -Oz -I"C:/Users/maxor/workspace_ccstheia/sck2400_firmware" -I"C:/Users/maxor/workspace_ccstheia/sck2400_firmware/Debug" -I"C:/ti/simplelink_cc13xx_cc26xx_sdk_8_32_00_07/source" -I"C:/ti/simplelink_cc13xx_cc26xx_sdk_8_32_00_07/kernel/tirtos7/packages" -I"C:/ti/simplelink_cc13xx_cc26xx_sdk_8_32_00_07/source/ti/posix/ticlang" -gdwarf-3 -march=armv7e-m -MMD -MP -MF"oad_task.d_raw" -MT"oad_task.o" -I"C:/Users/maxor/workspace_ccstheia/sck2400_firmware/Debug/syscfg"  @"syscfg/ti_utils_build_compiler.opt"  -o"oad_task.o" "../oad_task.c"
17:24:43.361  Finished building: "../oad_task.c"
17:24:43.364  Arm Compiler - building file: "../main_tirtos.c"
17:24:43.367  "C:/ti/ti_cgt_arm_llvm_3.2.2.LTS/bin/tiarmclang.exe" -c -mcpu=cortex-m4 -mfloat-abi=hard -mfpu=fpv4-sp-d16 -mlittle-endian -mthumb -Oz -I"C:/Users/maxor/workspace_ccstheia/sck2400_firmware" -I"C:/Users/maxor/workspace_ccstheia/sck2400_firmware/Debug" -I"C:/ti/simplelink_cc13xx_cc26xx_sdk_8_32_00_07/source" -I"C:/ti/simplelink_cc13xx_cc26xx_sdk_8_32_00_07/kernel/tirtos7/packages" -I"C:/ti/simplelink_cc13xx_cc26xx_sdk_8_32_00_07/source/ti/posix/ticlang" -gdwarf-3 -march=armv7e-m -MMD -MP -MF"main_tirtos.d_raw" -MT"main_tirtos.o" -I"C:/Users/maxor/workspace_ccstheia/sck2400_firmware/Debug/syscfg"  @"syscfg/ti_utils_build_compiler.opt"  -o"main_tirtos.o" "../main_tirtos.c"
17:24:43.371  Finished building: "../main_tirtos.c"
17:24:43.375  Arm Compiler - building file: "syscfg/ti_radio_config.c"
17:24:43.378  "C:/ti/ti_cgt_arm_llvm_3.2.2.LTS/bin/tiarmclang.exe" -c -mcpu=cortex-m4 -mfloat-abi=hard -mfpu=fpv4-sp-d16 -mlittle-endian -mthumb -Oz -I"C:/Users/maxor/workspace_ccstheia/sck2400_firmware" -I"C:/Users/maxor/workspace_ccstheia/sck2400_firmware/Debug" -I"C:/ti/simplelink_cc13xx_cc26xx_sdk_8_32_00_07/source" -I"C:/ti/simplelink_cc13xx_cc26xx_sdk_8_32_00_07/kernel/tirtos7/packages" -I"C:/ti/simplelink_cc13xx_cc26xx_sdk_8_32_00_07/source/ti/posix/ticlang" -gdwarf-3 -march=armv7e-m -MMD -MP -MF"syscfg/ti_radio_config.d_raw" -MT"syscfg/ti_radio_config.o" -I"C:/Users/maxor/workspace_ccstheia/sck2400_firmware/Debug/syscfg"  @"syscfg/ti_utils_build_compiler.opt"  -o"syscfg/ti_radio_config.o" "syscfg/ti_radio_config.c"
17:24:43.383  Finished building: "syscfg/ti_radio_config.c"
17:24:43.386  Arm Compiler - building file: "../oad_flash_stub.c"
17:24:43.390  "C:/ti/ti_cgt_arm_llvm_3.2.2.LTS/bin/tiarmclang.exe" -c -mcpu=cortex-m4 -mfloat-abi=hard -mfpu=fpv4-sp-d16 -mlittle-endian -mthumb -Oz -I"C:/Users/maxor/workspace_ccstheia/sck2400_firmware" -I"C:/Users/maxor/workspace_ccstheia/sck2400_firmware/Debug" -I"C:/ti/simplelink_cc13xx_cc26xx_sdk_8_32_00_07/source" -I"C:/ti/simplelink_cc13xx_cc26xx_sdk_8_32_00_07/kernel/tirtos7/packages" -I"C:/ti/simplelink_cc13xx_cc26xx_sdk_8_32_00_07/source/ti/posix/ticlang" -gdwarf-3 -march=armv7e-m -MMD -MP -MF"oad_flash_stub.d_raw" -MT"oad_flash_stub.o" -I"C:/Users/maxor/workspace_ccstheia/sck2400_firmware/Debug/syscfg"  @"syscfg/ti_utils_build_compiler.opt"  -o"oad_flash_stub.o" "../oad_flash_stub.c"
17:24:43.395  Finished building: "../oad_flash_stub.c"
17:24:43.398  Arm Compiler - building file: "../radio.c"
17:24:43.401  "C:/ti/ti_cgt_arm_llvm_3.2.2.LTS/bin/tiarmclang.exe" -c -mcpu=cortex-m4 -mfloat-abi=hard -mfpu=fpv4-sp-d16 -mlittle-endian -mthumb -Oz -I"C:/Users/maxor/workspace_ccstheia/sck2400_firmware" -I"C:/Users/maxor/workspace_ccstheia/sck2400_firmware/Debug" -I"C:/ti/simplelink_cc13xx_cc26xx_sdk_8_32_00_07/source" -I"C:/ti/simplelink_cc13xx_cc26xx_sdk_8_32_00_07/kernel/tirtos7/packages" -I"C:/ti/simplelink_cc13xx_cc26xx_sdk_8_32_00_07/source/ti/posix/ticlang" -gdwarf-3 -march=armv7e-m -MMD -MP -MF"radio.d_raw" -MT"radio.o" -I"C:/Users/maxor/workspace_ccstheia/sck2400_firmware/Debug/syscfg"  @"syscfg/ti_utils_build_compiler.opt"  -o"radio.o" "../radio.c"
17:24:43.406  Finished building: "../radio.c"
17:24:43.408  Arm Compiler - building file: "syscfg/ti_drivers_config.c"
17:24:43.412  "C:/ti/ti_cgt_arm_llvm_3.2.2.LTS/bin/tiarmclang.exe" -c -mcpu=cortex-m4 -mfloat-abi=hard -mfpu=fpv4-sp-d16 -mlittle-endian -mthumb -Oz -I"C:/Users/maxor/workspace_ccstheia/sck2400_firmware" -I"C:/Users/maxor/workspace_ccstheia/sck2400_firmware/Debug" -I"C:/ti/simplelink_cc13xx_cc26xx_sdk_8_32_00_07/source" -I"C:/ti/simplelink_cc13xx_cc26xx_sdk_8_32_00_07/kernel/tirtos7/packages" -I"C:/ti/simplelink_cc13xx_cc26xx_sdk_8_32_00_07/source/ti/posix/ticlang" -gdwarf-3 -march=armv7e-m -MMD -MP -MF"syscfg/ti_drivers_config.d_raw" -MT"syscfg/ti_drivers_config.o" -I"C:/Users/maxor/workspace_ccstheia/sck2400_firmware/Debug/syscfg"  @"syscfg/ti_utils_build_compiler.opt"  -o"syscfg/ti_drivers_config.o" "syscfg/ti_drivers_config.c"
17:24:43.418  Finished building: "syscfg/ti_drivers_config.c"
17:24:43.653  Arm Compiler - building file: "../telemetry.c"
17:24:43.656  "C:/ti/ti_cgt_arm_llvm_3.2.2.LTS/bin/tiarmclang.exe" -c -mcpu=cortex-m4 -mfloat-abi=hard -mfpu=fpv4-sp-d16 -mlittle-endian -mthumb -Oz -I"C:/Users/maxor/workspace_ccstheia/sck2400_firmware" -I"C:/Users/maxor/workspace_ccstheia/sck2400_firmware/Debug" -I"C:/ti/simplelink_cc13xx_cc26xx_sdk_8_32_00_07/source" -I"C:/ti/simplelink_cc13xx_cc26xx_sdk_8_32_00_07/kernel/tirtos7/packages" -I"C:/ti/simplelink_cc13xx_cc26xx_sdk_8_32_00_07/source/ti/posix/ticlang" -gdwarf-3 -march=armv7e-m -MMD -MP -MF"telemetry.d_raw" -MT"telemetry.o" -I"C:/Users/maxor/workspace_ccstheia/sck2400_firmware/Debug/syscfg"  @"syscfg/ti_utils_build_compiler.opt"  -o"telemetry.o" "../telemetry.c"
17:24:43.661  Finished building: "../telemetry.c"
17:24:43.753  Arm Compiler - building file: "../uart.c"
17:24:43.758  "C:/ti/ti_cgt_arm_llvm_3.2.2.LTS/bin/tiarmclang.exe" -c -mcpu=cortex-m4 -mfloat-abi=hard -mfpu=fpv4-sp-d16 -mlittle-endian -mthumb -Oz -I"C:/Users/maxor/workspace_ccstheia/sck2400_firmware" -I"C:/Users/maxor/workspace_ccstheia/sck2400_firmware/Debug" -I"C:/ti/simplelink_cc13xx_cc26xx_sdk_8_32_00_07/source" -I"C:/ti/simplelink_cc13xx_cc26xx_sdk_8_32_00_07/kernel/tirtos7/packages" -I"C:/ti/simplelink_cc13xx_cc26xx_sdk_8_32_00_07/source/ti/posix/ticlang" -gdwarf-3 -march=armv7e-m -MMD -MP -MF"uart.d_raw" -MT"uart.o" -I"C:/Users/maxor/workspace_ccstheia/sck2400_firmware/Debug/syscfg"  @"syscfg/ti_utils_build_compiler.opt"  -o"uart.o" "../uart.c"
17:24:43.762  ../uart.c:642:31: warning: call to undeclared function 'usleep'; ISO C99 and later do not support implicit function declarations [-Wimplicit-function-declaration]
17:24:43.765  if (bytesRead == 0) { usleep(1000); elapsed++; continue; }
17:24:43.768  ^
17:24:43.770  1 warning generated.
17:24:43.772  Finished building: "../uart.c"
17:24:45.437  Arm Compiler - building file: "syscfg/ti_sysbios_config.c"
17:24:45.441  "C:/ti/ti_cgt_arm_llvm_3.2.2.LTS/bin/tiarmclang.exe" -c -mcpu=cortex-m4 -mfloat-abi=hard -mfpu=fpv4-sp-d16 -mlittle-endian -mthumb -Oz -I"C:/Users/maxor/workspace_ccstheia/sck2400_firmware" -I"C:/Users/maxor/workspace_ccstheia/sck2400_firmware/Debug" -I"C:/ti/simplelink_cc13xx_cc26xx_sdk_8_32_00_07/source" -I"C:/ti/simplelink_cc13xx_cc26xx_sdk_8_32_00_07/kernel/tirtos7/packages" -I"C:/ti/simplelink_cc13xx_cc26xx_sdk_8_32_00_07/source/ti/posix/ticlang" -gdwarf-3 -march=armv7e-m -MMD -MP -MF"syscfg/ti_sysbios_config.d_raw" -MT"syscfg/ti_sysbios_config.o" -I"C:/Users/maxor/workspace_ccstheia/sck2400_firmware/Debug/syscfg"  @"syscfg/ti_utils_build_compiler.opt"  -o"syscfg/ti_sysbios_config.o" "syscfg/ti_sysbios_config.c"
17:24:45.444  Finished building: "syscfg/ti_sysbios_config.c"
17:24:45.447  gmake: Target 'all' not remade because of errors.
17:24:45.497  **** Build finished ****
17:24:45.618  # ----------------------------------------
17:24:45.622  # Problem summary for project 'sck2400_firmware': 1 errors, 3 warnings
17:24:45.626  Error: main.c [line 344]: use of undeclared identifier 'CONFIG_WATCHDOG_0'
17:24:45.629  Warning: sck2400.syscfg [CONFIG_SPI_0(/ti/drivers/SPI) spi.csnPin]: Connected to hardware
17:24:45.633  Warning: sck2400.syscfg [CONFIG_SPI_0(/ti/drivers/SPI) spi.pociPin]: Connected to hardware
17:24:45.636  Warning: uart.c [line 642]: call to undeclared function 'usleep'; ISO C99 and later do not support implicit function declarations [-Wimplicit-function-declaration]
17:24:45.640  # --------------------------------------------------------------------------------
17:24:45.644  # [Wed Jun 24 17:24:45 CDT 2026]: CCS headless build complete - 1 out of 1 projects have errors
17:24:46.168  ✗ Build FAILED (exit 1)
17:26:55.829  RF Power: patched radio.h → TX_POWER = BENCH (0 dBm bench)
17:26:55.833  Board: patched ccsds.h → SCK_APID_THIS_BOARD = 0x010 (GS Board  (APID 0x010))
17:26:55.841  ══════════════════════════════════════════════════
17:26:55.842    SCK-2400 Build  →  GS Board  (APID 0x010)
17:26:55.843    SCK_APID_THIS_BOARD = 0x010
17:26:55.845    Build type: full
17:26:55.847  ══════════════════════════════════════════════════
17:26:59.115  # ================================================================================
17:26:59.119  # [Wed Jun 24 17:26:59 CDT 2026]: CCS headless build starting...
17:26:59.273  **** Clean-only build of configuration 'Debug' for project 'sck2400_firmware' ****
17:26:59.335  "C:\\ti\\ccs2051\\ccs\\utils\\bin\\gmake" -k -j 12 clean -r -O
17:26:59.557  DEL /F "syscfg\ti_radio_config.h" "syscfg\ti_drivers_config.h" "syscfg\ti_utils_build_linker.cmd.genlibs" "syscfg\ti_utils_build_linker.cmd.genmap" "syscfg\syscfg_c.rov.xs" "syscfg\ti_sysbios_config.h" "syscfg\ti_devices_config.c" "syscfg\ti_radio_config.c" "syscfg\ti_drivers_config.c" "syscfg\ti_utils_build_compiler.opt" "syscfg\ti_sysbios_config.c" "sck2400_firmware.out"
17:26:59.560  DEL /F "RFQueue.o" "ccsds.o" "main.o" "main_tirtos.o" "oad_flash_stub.o" "oad_image_header_app.o" "oad_task.o" "radio.o" "syscfg\ti_devices_config.o" "syscfg\ti_radio_config.o" "syscfg\ti_drivers_config.o" "syscfg\ti_sysbios_config.o" "telemetry.o" "uart.o"
17:26:59.562  DEL /F "RFQueue.d" "ccsds.d" "main.d" "main_tirtos.d" "oad_flash_stub.d" "oad_image_header_app.d" "oad_task.d" "radio.d" "syscfg\ti_devices_config.d" "syscfg\ti_radio_config.d" "syscfg\ti_drivers_config.d" "syscfg\ti_sysbios_config.d" "telemetry.d" "uart.d"
17:26:59.565  RMDIR /S/Q "syscfg"
17:26:59.647  **** Build finished ****
17:27:01.660  **** Build of configuration 'Debug' for project 'sck2400_firmware' ****
17:27:01.671  "C:\\ti\\ccs2051\\ccs\\utils\\bin\\gmake" -k -j 12 all -r -O
17:27:03.633  SysConfig - building file: "../sck2400.syscfg"
17:27:03.635  "C:/ti/sysconfig_1.21.1/sysconfig_cli.bat" -s "C:/ti/simplelink_cc13xx_cc26xx_sdk_8_32_00_07/.metadata/product.json" --script "C:/Users/maxor/workspace_ccstheia/sck2400_firmware/sck2400.syscfg" -o "syscfg" --compiler ticlang
17:27:03.636  Running script...
17:27:03.640  Validating...
17:27:03.642  warning: CONFIG_SPI_0(/ti/drivers/SPI) spi.pociPin: Connected to hardware
17:27:03.651  DIO8/14 is connected to LaunchPad SPI Bus on the CC1352P-2 LaunchPad. Consider selecting it in 'use hardware' above. Using a custom board?
17:27:03.654  warning: CONFIG_SPI_0(/ti/drivers/SPI) spi.csnPin: Connected to hardware
17:27:03.656  DIO20/38 is connected to MX25R8035F SPI Flash Chip Select on the CC1352P-2 LaunchPad. Consider selecting it in 'use hardware' above. Using a custom board?
17:27:03.658  0 error(s), 2 warning(s)
17:27:03.662  Generating Code (sck2400.syscfg)...
17:27:03.666  Writing C:\Users\maxor\workspace_ccstheia\sck2400_firmware\Debug\syscfg\ti_devices_config.c...
17:27:03.671  Writing C:\Users\maxor\workspace_ccstheia\sck2400_firmware\Debug\syscfg\ti_radio_config.c...
17:27:03.675  Writing C:\Users\maxor\workspace_ccstheia\sck2400_firmware\Debug\syscfg\ti_radio_config.h...
17:27:03.678  Writing C:\Users\maxor\workspace_ccstheia\sck2400_firmware\Debug\syscfg\ti_drivers_config.c...
17:27:03.681  Writing C:\Users\maxor\workspace_ccstheia\sck2400_firmware\Debug\syscfg\ti_drivers_config.h...
17:27:03.683  Writing C:\Users\maxor\workspace_ccstheia\sck2400_firmware\Debug\syscfg\ti_utils_build_linker.cmd.genlibs...
17:27:03.687  Writing C:\Users\maxor\workspace_ccstheia\sck2400_firmware\Debug\syscfg\ti_utils_build_linker.cmd.genmap...
17:27:03.690  Writing C:\Users\maxor\workspace_ccstheia\sck2400_firmware\Debug\syscfg\ti_utils_build_compiler.opt...
17:27:03.692  Writing C:\Users\maxor\workspace_ccstheia\sck2400_firmware\Debug\syscfg\syscfg_c.rov.xs...
17:27:03.695  Writing C:\Users\maxor\workspace_ccstheia\sck2400_firmware\Debug\syscfg\ti_sysbios_config.h...
17:27:03.698  Writing C:\Users\maxor\workspace_ccstheia\sck2400_firmware\Debug\syscfg\ti_sysbios_config.c...
17:27:03.700  Finished building: "../sck2400.syscfg"
17:27:03.858  Arm Compiler - building file: "../RFQueue.c"
17:27:03.862  "C:/ti/ti_cgt_arm_llvm_3.2.2.LTS/bin/tiarmclang.exe" -c -mcpu=cortex-m4 -mfloat-abi=hard -mfpu=fpv4-sp-d16 -mlittle-endian -mthumb -Oz -I"C:/Users/maxor/workspace_ccstheia/sck2400_firmware" -I"C:/Users/maxor/workspace_ccstheia/sck2400_firmware/Debug" -I"C:/ti/simplelink_cc13xx_cc26xx_sdk_8_32_00_07/source" -I"C:/ti/simplelink_cc13xx_cc26xx_sdk_8_32_00_07/kernel/tirtos7/packages" -I"C:/ti/simplelink_cc13xx_cc26xx_sdk_8_32_00_07/source/ti/posix/ticlang" -gdwarf-3 -march=armv7e-m -MMD -MP -MF"RFQueue.d_raw" -MT"RFQueue.o" -I"C:/Users/maxor/workspace_ccstheia/sck2400_firmware/Debug/syscfg"  @"syscfg/ti_utils_build_compiler.opt"  -o"RFQueue.o" "../RFQueue.c"
17:27:03.867  Finished building: "../RFQueue.c"
17:27:03.906  Arm Compiler - building file: "../ccsds.c"
17:27:03.913  "C:/ti/ti_cgt_arm_llvm_3.2.2.LTS/bin/tiarmclang.exe" -c -mcpu=cortex-m4 -mfloat-abi=hard -mfpu=fpv4-sp-d16 -mlittle-endian -mthumb -Oz -I"C:/Users/maxor/workspace_ccstheia/sck2400_firmware" -I"C:/Users/maxor/workspace_ccstheia/sck2400_firmware/Debug" -I"C:/ti/simplelink_cc13xx_cc26xx_sdk_8_32_00_07/source" -I"C:/ti/simplelink_cc13xx_cc26xx_sdk_8_32_00_07/kernel/tirtos7/packages" -I"C:/ti/simplelink_cc13xx_cc26xx_sdk_8_32_00_07/source/ti/posix/ticlang" -gdwarf-3 -march=armv7e-m -MMD -MP -MF"ccsds.d_raw" -MT"ccsds.o" -I"C:/Users/maxor/workspace_ccstheia/sck2400_firmware/Debug/syscfg"  @"syscfg/ti_utils_build_compiler.opt"  -o"ccsds.o" "../ccsds.c"
17:27:03.918  Finished building: "../ccsds.c"
17:27:03.922  Arm Compiler - building file: "../main_tirtos.c"
17:27:03.927  "C:/ti/ti_cgt_arm_llvm_3.2.2.LTS/bin/tiarmclang.exe" -c -mcpu=cortex-m4 -mfloat-abi=hard -mfpu=fpv4-sp-d16 -mlittle-endian -mthumb -Oz -I"C:/Users/maxor/workspace_ccstheia/sck2400_firmware" -I"C:/Users/maxor/workspace_ccstheia/sck2400_firmware/Debug" -I"C:/ti/simplelink_cc13xx_cc26xx_sdk_8_32_00_07/source" -I"C:/ti/simplelink_cc13xx_cc26xx_sdk_8_32_00_07/kernel/tirtos7/packages" -I"C:/ti/simplelink_cc13xx_cc26xx_sdk_8_32_00_07/source/ti/posix/ticlang" -gdwarf-3 -march=armv7e-m -MMD -MP -MF"main_tirtos.d_raw" -MT"main_tirtos.o" -I"C:/Users/maxor/workspace_ccstheia/sck2400_firmware/Debug/syscfg"  @"syscfg/ti_utils_build_compiler.opt"  -o"main_tirtos.o" "../main_tirtos.c"
17:27:03.931  Finished building: "../main_tirtos.c"
17:27:04.013  Arm Compiler - building file: "../main.c"
17:27:04.018  "C:/ti/ti_cgt_arm_llvm_3.2.2.LTS/bin/tiarmclang.exe" -c -mcpu=cortex-m4 -mfloat-abi=hard -mfpu=fpv4-sp-d16 -mlittle-endian -mthumb -Oz -I"C:/Users/maxor/workspace_ccstheia/sck2400_firmware" -I"C:/Users/maxor/workspace_ccstheia/sck2400_firmware/Debug" -I"C:/ti/simplelink_cc13xx_cc26xx_sdk_8_32_00_07/source" -I"C:/ti/simplelink_cc13xx_cc26xx_sdk_8_32_00_07/kernel/tirtos7/packages" -I"C:/ti/simplelink_cc13xx_cc26xx_sdk_8_32_00_07/source/ti/posix/ticlang" -gdwarf-3 -march=armv7e-m -MMD -MP -MF"main.d_raw" -MT"main.o" -I"C:/Users/maxor/workspace_ccstheia/sck2400_firmware/Debug/syscfg"  @"syscfg/ti_utils_build_compiler.opt"  -o"main.o" "../main.c"
17:27:04.024  Finished building: "../main.c"
17:27:04.109  Arm Compiler - building file: "../oad_flash_stub.c"
17:27:04.113  "C:/ti/ti_cgt_arm_llvm_3.2.2.LTS/bin/tiarmclang.exe" -c -mcpu=cortex-m4 -mfloat-abi=hard -mfpu=fpv4-sp-d16 -mlittle-endian -mthumb -Oz -I"C:/Users/maxor/workspace_ccstheia/sck2400_firmware" -I"C:/Users/maxor/workspace_ccstheia/sck2400_firmware/Debug" -I"C:/ti/simplelink_cc13xx_cc26xx_sdk_8_32_00_07/source" -I"C:/ti/simplelink_cc13xx_cc26xx_sdk_8_32_00_07/kernel/tirtos7/packages" -I"C:/ti/simplelink_cc13xx_cc26xx_sdk_8_32_00_07/source/ti/posix/ticlang" -gdwarf-3 -march=armv7e-m -MMD -MP -MF"oad_flash_stub.d_raw" -MT"oad_flash_stub.o" -I"C:/Users/maxor/workspace_ccstheia/sck2400_firmware/Debug/syscfg"  @"syscfg/ti_utils_build_compiler.opt"  -o"oad_flash_stub.o" "../oad_flash_stub.c"
17:27:04.119  Finished building: "../oad_flash_stub.c"
17:27:04.149  Arm Compiler - building file: "../oad_image_header_app.c"
17:27:04.153  "C:/ti/ti_cgt_arm_llvm_3.2.2.LTS/bin/tiarmclang.exe" -c -mcpu=cortex-m4 -mfloat-abi=hard -mfpu=fpv4-sp-d16 -mlittle-endian -mthumb -Oz -I"C:/Users/maxor/workspace_ccstheia/sck2400_firmware" -I"C:/Users/maxor/workspace_ccstheia/sck2400_firmware/Debug" -I"C:/ti/simplelink_cc13xx_cc26xx_sdk_8_32_00_07/source" -I"C:/ti/simplelink_cc13xx_cc26xx_sdk_8_32_00_07/kernel/tirtos7/packages" -I"C:/ti/simplelink_cc13xx_cc26xx_sdk_8_32_00_07/source/ti/posix/ticlang" -gdwarf-3 -march=armv7e-m -MMD -MP -MF"oad_image_header_app.d_raw" -MT"oad_image_header_app.o" -I"C:/Users/maxor/workspace_ccstheia/sck2400_firmware/Debug/syscfg"  @"syscfg/ti_utils_build_compiler.opt"  -o"oad_image_header_app.o" "../oad_image_header_app.c"
17:27:04.159  Finished building: "../oad_image_header_app.c"
17:27:04.171  Arm Compiler - building file: "../oad_task.c"
17:27:04.177  "C:/ti/ti_cgt_arm_llvm_3.2.2.LTS/bin/tiarmclang.exe" -c -mcpu=cortex-m4 -mfloat-abi=hard -mfpu=fpv4-sp-d16 -mlittle-endian -mthumb -Oz -I"C:/Users/maxor/workspace_ccstheia/sck2400_firmware" -I"C:/Users/maxor/workspace_ccstheia/sck2400_firmware/Debug" -I"C:/ti/simplelink_cc13xx_cc26xx_sdk_8_32_00_07/source" -I"C:/ti/simplelink_cc13xx_cc26xx_sdk_8_32_00_07/kernel/tirtos7/packages" -I"C:/ti/simplelink_cc13xx_cc26xx_sdk_8_32_00_07/source/ti/posix/ticlang" -gdwarf-3 -march=armv7e-m -MMD -MP -MF"oad_task.d_raw" -MT"oad_task.o" -I"C:/Users/maxor/workspace_ccstheia/sck2400_firmware/Debug/syscfg"  @"syscfg/ti_utils_build_compiler.opt"  -o"oad_task.o" "../oad_task.c"
17:27:04.183  Finished building: "../oad_task.c"
17:27:04.370  Arm Compiler - building file: "syscfg/ti_devices_config.c"
17:27:04.376  "C:/ti/ti_cgt_arm_llvm_3.2.2.LTS/bin/tiarmclang.exe" -c -mcpu=cortex-m4 -mfloat-abi=hard -mfpu=fpv4-sp-d16 -mlittle-endian -mthumb -Oz -I"C:/Users/maxor/workspace_ccstheia/sck2400_firmware" -I"C:/Users/maxor/workspace_ccstheia/sck2400_firmware/Debug" -I"C:/ti/simplelink_cc13xx_cc26xx_sdk_8_32_00_07/source" -I"C:/ti/simplelink_cc13xx_cc26xx_sdk_8_32_00_07/kernel/tirtos7/packages" -I"C:/ti/simplelink_cc13xx_cc26xx_sdk_8_32_00_07/source/ti/posix/ticlang" -gdwarf-3 -march=armv7e-m -MMD -MP -MF"syscfg/ti_devices_config.d_raw" -MT"syscfg/ti_devices_config.o" -I"C:/Users/maxor/workspace_ccstheia/sck2400_firmware/Debug/syscfg"  @"syscfg/ti_utils_build_compiler.opt"  -o"syscfg/ti_devices_config.o" "syscfg/ti_devices_config.c"
17:27:04.382  Finished building: "syscfg/ti_devices_config.c"
17:27:04.385  Arm Compiler - building file: "../radio.c"
17:27:04.390  "C:/ti/ti_cgt_arm_llvm_3.2.2.LTS/bin/tiarmclang.exe" -c -mcpu=cortex-m4 -mfloat-abi=hard -mfpu=fpv4-sp-d16 -mlittle-endian -mthumb -Oz -I"C:/Users/maxor/workspace_ccstheia/sck2400_firmware" -I"C:/Users/maxor/workspace_ccstheia/sck2400_firmware/Debug" -I"C:/ti/simplelink_cc13xx_cc26xx_sdk_8_32_00_07/source" -I"C:/ti/simplelink_cc13xx_cc26xx_sdk_8_32_00_07/kernel/tirtos7/packages" -I"C:/ti/simplelink_cc13xx_cc26xx_sdk_8_32_00_07/source/ti/posix/ticlang" -gdwarf-3 -march=armv7e-m -MMD -MP -MF"radio.d_raw" -MT"radio.o" -I"C:/Users/maxor/workspace_ccstheia/sck2400_firmware/Debug/syscfg"  @"syscfg/ti_utils_build_compiler.opt"  -o"radio.o" "../radio.c"
17:27:04.395  Finished building: "../radio.c"
17:27:04.401  Arm Compiler - building file: "syscfg/ti_radio_config.c"
17:27:04.405  "C:/ti/ti_cgt_arm_llvm_3.2.2.LTS/bin/tiarmclang.exe" -c -mcpu=cortex-m4 -mfloat-abi=hard -mfpu=fpv4-sp-d16 -mlittle-endian -mthumb -Oz -I"C:/Users/maxor/workspace_ccstheia/sck2400_firmware" -I"C:/Users/maxor/workspace_ccstheia/sck2400_firmware/Debug" -I"C:/ti/simplelink_cc13xx_cc26xx_sdk_8_32_00_07/source" -I"C:/ti/simplelink_cc13xx_cc26xx_sdk_8_32_00_07/kernel/tirtos7/packages" -I"C:/ti/simplelink_cc13xx_cc26xx_sdk_8_32_00_07/source/ti/posix/ticlang" -gdwarf-3 -march=armv7e-m -MMD -MP -MF"syscfg/ti_radio_config.d_raw" -MT"syscfg/ti_radio_config.o" -I"C:/Users/maxor/workspace_ccstheia/sck2400_firmware/Debug/syscfg"  @"syscfg/ti_utils_build_compiler.opt"  -o"syscfg/ti_radio_config.o" "syscfg/ti_radio_config.c"
17:27:04.411  Finished building: "syscfg/ti_radio_config.c"
17:27:04.542  Arm Compiler - building file: "syscfg/ti_drivers_config.c"
17:27:04.547  "C:/ti/ti_cgt_arm_llvm_3.2.2.LTS/bin/tiarmclang.exe" -c -mcpu=cortex-m4 -mfloat-abi=hard -mfpu=fpv4-sp-d16 -mlittle-endian -mthumb -Oz -I"C:/Users/maxor/workspace_ccstheia/sck2400_firmware" -I"C:/Users/maxor/workspace_ccstheia/sck2400_firmware/Debug" -I"C:/ti/simplelink_cc13xx_cc26xx_sdk_8_32_00_07/source" -I"C:/ti/simplelink_cc13xx_cc26xx_sdk_8_32_00_07/kernel/tirtos7/packages" -I"C:/ti/simplelink_cc13xx_cc26xx_sdk_8_32_00_07/source/ti/posix/ticlang" -gdwarf-3 -march=armv7e-m -MMD -MP -MF"syscfg/ti_drivers_config.d_raw" -MT"syscfg/ti_drivers_config.o" -I"C:/Users/maxor/workspace_ccstheia/sck2400_firmware/Debug/syscfg"  @"syscfg/ti_utils_build_compiler.opt"  -o"syscfg/ti_drivers_config.o" "syscfg/ti_drivers_config.c"
17:27:04.552  Finished building: "syscfg/ti_drivers_config.c"
17:27:04.599  Arm Compiler - building file: "../telemetry.c"
17:27:04.603  "C:/ti/ti_cgt_arm_llvm_3.2.2.LTS/bin/tiarmclang.exe" -c -mcpu=cortex-m4 -mfloat-abi=hard -mfpu=fpv4-sp-d16 -mlittle-endian -mthumb -Oz -I"C:/Users/maxor/workspace_ccstheia/sck2400_firmware" -I"C:/Users/maxor/workspace_ccstheia/sck2400_firmware/Debug" -I"C:/ti/simplelink_cc13xx_cc26xx_sdk_8_32_00_07/source" -I"C:/ti/simplelink_cc13xx_cc26xx_sdk_8_32_00_07/kernel/tirtos7/packages" -I"C:/ti/simplelink_cc13xx_cc26xx_sdk_8_32_00_07/source/ti/posix/ticlang" -gdwarf-3 -march=armv7e-m -MMD -MP -MF"telemetry.d_raw" -MT"telemetry.o" -I"C:/Users/maxor/workspace_ccstheia/sck2400_firmware/Debug/syscfg"  @"syscfg/ti_utils_build_compiler.opt"  -o"telemetry.o" "../telemetry.c"
17:27:04.607  Finished building: "../telemetry.c"
17:27:04.728  Arm Compiler - building file: "../uart.c"
17:27:04.732  "C:/ti/ti_cgt_arm_llvm_3.2.2.LTS/bin/tiarmclang.exe" -c -mcpu=cortex-m4 -mfloat-abi=hard -mfpu=fpv4-sp-d16 -mlittle-endian -mthumb -Oz -I"C:/Users/maxor/workspace_ccstheia/sck2400_firmware" -I"C:/Users/maxor/workspace_ccstheia/sck2400_firmware/Debug" -I"C:/ti/simplelink_cc13xx_cc26xx_sdk_8_32_00_07/source" -I"C:/ti/simplelink_cc13xx_cc26xx_sdk_8_32_00_07/kernel/tirtos7/packages" -I"C:/ti/simplelink_cc13xx_cc26xx_sdk_8_32_00_07/source/ti/posix/ticlang" -gdwarf-3 -march=armv7e-m -MMD -MP -MF"uart.d_raw" -MT"uart.o" -I"C:/Users/maxor/workspace_ccstheia/sck2400_firmware/Debug/syscfg"  @"syscfg/ti_utils_build_compiler.opt"  -o"uart.o" "../uart.c"
17:27:04.737  ../uart.c:642:31: warning: call to undeclared function 'usleep'; ISO C99 and later do not support implicit function declarations [-Wimplicit-function-declaration]
17:27:04.740  if (bytesRead == 0) { usleep(1000); elapsed++; continue; }
17:27:04.742  ^
17:27:04.747  1 warning generated.
17:27:04.750  Finished building: "../uart.c"
17:27:05.942  Arm Compiler - building file: "syscfg/ti_sysbios_config.c"
17:27:05.946  "C:/ti/ti_cgt_arm_llvm_3.2.2.LTS/bin/tiarmclang.exe" -c -mcpu=cortex-m4 -mfloat-abi=hard -mfpu=fpv4-sp-d16 -mlittle-endian -mthumb -Oz -I"C:/Users/maxor/workspace_ccstheia/sck2400_firmware" -I"C:/Users/maxor/workspace_ccstheia/sck2400_firmware/Debug" -I"C:/ti/simplelink_cc13xx_cc26xx_sdk_8_32_00_07/source" -I"C:/ti/simplelink_cc13xx_cc26xx_sdk_8_32_00_07/kernel/tirtos7/packages" -I"C:/ti/simplelink_cc13xx_cc26xx_sdk_8_32_00_07/source/ti/posix/ticlang" -gdwarf-3 -march=armv7e-m -MMD -MP -MF"syscfg/ti_sysbios_config.d_raw" -MT"syscfg/ti_sysbios_config.o" -I"C:/Users/maxor/workspace_ccstheia/sck2400_firmware/Debug/syscfg"  @"syscfg/ti_utils_build_compiler.opt"  -o"syscfg/ti_sysbios_config.o" "syscfg/ti_sysbios_config.c"
17:27:05.950  Finished building: "syscfg/ti_sysbios_config.c"
17:27:06.000  Arm Linker - building target: "sck2400_firmware.out"
17:27:06.004  "C:/ti/ti_cgt_arm_llvm_3.2.2.LTS/bin/tiarmclang.exe" -mcpu=cortex-m4 -mfloat-abi=hard -mfpu=fpv4-sp-d16 -mlittle-endian -mthumb -Oz -gdwarf-3 -march=armv7e-m -Wl,-m"sck2400_firmware.map" -Wl,-i"C:/ti/simplelink_cc13xx_cc26xx_sdk_8_32_00_07/source" -Wl,-i"C:/ti/simplelink_cc13xx_cc26xx_sdk_8_32_00_07/kernel/tirtos7/packages" -Wl,-i"C:/Users/maxor/workspace_ccstheia/sck2400_firmware/Debug/syscfg" -Wl,-i"C:/ti/ti_cgt_arm_llvm_3.2.2.LTS/lib" -Wl,--diag_wrap=off -Wl,--display_error_number -Wl,--warn_sections -Wl,--xml_link_info="sck2400_firmware_linkInfo.xml" -Wl,--rom_model -o "sck2400_firmware.out" "./RFQueue.o" "./ccsds.o" "./main.o" "./main_tirtos.o" "./oad_flash_stub.o" "./oad_image_header_app.o" "./oad_task.o" "./radio.o" "./syscfg/ti_devices_config.o" "./syscfg/ti_radio_config.o" "./syscfg/ti_drivers_config.o" "./syscfg/ti_sysbios_config.o" "./telemetry.o" "./uart.o" "../cc13x2_cc26x2_tirtos7.cmd"  -Wl,-lti_utils_build_linker.cmd.genlibs -Wl,-llibc.a
17:27:07.201  Finished building target: "sck2400_firmware.out"
17:27:07.256  "C:/ti/ti_cgt_arm_llvm_3.2.2.LTS/bin/tiarmhex" -order MS --memwidth=8 --romwidth=8 --intel -o "sck2400_firmware.hex" "sck2400_firmware"
17:27:07.382  Translating to Intel format...
17:27:07.386  "sck2400_firmware.out" .image_header ==> .image_header
17:27:07.389  "sck2400_firmware.out" .text ==> .text
17:27:07.392  "sck2400_firmware.out" .rodata ==> .rodata
17:27:07.395  "sck2400_firmware.out" .resetVecs ==> .resetVecs
17:27:07.398  "sck2400_firmware.out" .oad_entry_vec ==> .oad_entry_vec
17:27:07.400  "sck2400_firmware.out" .args ==> .args
17:27:07.403  "sck2400_firmware.out" .cinit ==> .cinit
17:27:07.406  "sck2400_firmware.out" .ccfg ==> .ccfg
17:27:07.500  **** Build finished ****
17:27:07.636  # ----------------------------------------
17:27:07.641  # Problem summary for project 'sck2400_firmware': 0 errors, 3 warnings
17:27:07.654  Warning: sck2400.syscfg [CONFIG_SPI_0(/ti/drivers/SPI) spi.csnPin]: Connected to hardware
17:27:07.669  Warning: sck2400.syscfg [CONFIG_SPI_0(/ti/drivers/SPI) spi.pociPin]: Connected to hardware
17:27:07.672  Warning: uart.c [line 642]: call to undeclared function 'usleep'; ISO C99 and later do not support implicit function declarations [-Wimplicit-function-declaration]
17:27:07.675  # --------------------------------------------------------------------------------
17:27:07.679  # [Wed Jun 24 17:27:07 CDT 2026]: CCS headless build complete - 0 out of 1 projects have errors
17:27:08.028  ✓ Build succeeded: C:\Users\maxor\workspace_ccstheia\sck2400_firmware\Debug\sck2400_firmware.hex
17:27:08.031    Board: GS Board  (APID 0x010)  APID: 0x010
17:27:08.036  OAD patch: reading oad_entry_vec address from map file...
17:27:08.040  OAD patch: oad_entry_vec at 0x0000DAA0 (summary table)
17:27:08.043  OAD patch: computed image len = 0x00009D40 (end=0x0000DD40)
17:27:08.047  OAD patch: .prgEntry updated to 0x0000DAA0
17:27:08.050  OAD patch: .len updated to 0x00009D40
17:27:08.054  OAD patch: deleted stale oad_image_header_app.o
17:27:08.058  OAD patch: incremental rebuild to bake prgEntry...
17:27:11.446  # ================================================================================
17:27:11.465  # [Wed Jun 24 17:27:11 CDT 2026]: CCS headless build starting...
17:27:13.587  **** Build of configuration 'Debug' for project 'sck2400_firmware' ****
17:27:13.633  "C:\\ti\\ccs2051\\ccs\\utils\\bin\\gmake" -k -j 12 all -r -O
17:27:13.838  Arm Compiler - building file: "../oad_image_header_app.c"
17:27:13.846  "C:/ti/ti_cgt_arm_llvm_3.2.2.LTS/bin/tiarmclang.exe" -c -mcpu=cortex-m4 -mfloat-abi=hard -mfpu=fpv4-sp-d16 -mlittle-endian -mthumb -Oz -I"C:/Users/maxor/workspace_ccstheia/sck2400_firmware" -I"C:/Users/maxor/workspace_ccstheia/sck2400_firmware/Debug" -I"C:/ti/simplelink_cc13xx_cc26xx_sdk_8_32_00_07/source" -I"C:/ti/simplelink_cc13xx_cc26xx_sdk_8_32_00_07/kernel/tirtos7/packages" -I"C:/ti/simplelink_cc13xx_cc26xx_sdk_8_32_00_07/source/ti/posix/ticlang" -gdwarf-3 -march=armv7e-m -MMD -MP -MF"oad_image_header_app.d_raw" -MT"oad_image_header_app.o" -I"C:/Users/maxor/workspace_ccstheia/sck2400_firmware/Debug/syscfg"  @"syscfg/ti_utils_build_compiler.opt"  -o"oad_image_header_app.o" "../oad_image_header_app.c"
17:27:13.854  Finished building: "../oad_image_header_app.c"
17:27:13.900  Arm Linker - building target: "sck2400_firmware.out"
17:27:13.907  "C:/ti/ti_cgt_arm_llvm_3.2.2.LTS/bin/tiarmclang.exe" -mcpu=cortex-m4 -mfloat-abi=hard -mfpu=fpv4-sp-d16 -mlittle-endian -mthumb -Oz -gdwarf-3 -march=armv7e-m -Wl,-m"sck2400_firmware.map" -Wl,-i"C:/ti/simplelink_cc13xx_cc26xx_sdk_8_32_00_07/source" -Wl,-i"C:/ti/simplelink_cc13xx_cc26xx_sdk_8_32_00_07/kernel/tirtos7/packages" -Wl,-i"C:/Users/maxor/workspace_ccstheia/sck2400_firmware/Debug/syscfg" -Wl,-i"C:/ti/ti_cgt_arm_llvm_3.2.2.LTS/lib" -Wl,--diag_wrap=off -Wl,--display_error_number -Wl,--warn_sections -Wl,--xml_link_info="sck2400_firmware_linkInfo.xml" -Wl,--rom_model -o "sck2400_firmware.out" "./RFQueue.o" "./ccsds.o" "./main.o" "./main_tirtos.o" "./oad_flash_stub.o" "./oad_image_header_app.o" "./oad_task.o" "./radio.o" "./syscfg/ti_devices_config.o" "./syscfg/ti_radio_config.o" "./syscfg/ti_drivers_config.o" "./syscfg/ti_sysbios_config.o" "./telemetry.o" "./uart.o" "../cc13x2_cc26x2_tirtos7.cmd"  -Wl,-lti_utils_build_linker.cmd.genlibs -Wl,-llibc.a
17:27:14.496  Finished building target: "sck2400_firmware.out"
17:27:14.564  "C:/ti/ti_cgt_arm_llvm_3.2.2.LTS/bin/tiarmhex" -order MS --memwidth=8 --romwidth=8 --intel -o "sck2400_firmware.hex" "sck2400_firmware"
17:27:14.579  Translating to Intel format...
17:27:14.589  "sck2400_firmware.out" .image_header ==> .image_header
17:27:14.596  "sck2400_firmware.out" .text ==> .text
17:27:14.603  "sck2400_firmware.out" .rodata ==> .rodata
17:27:14.612  "sck2400_firmware.out" .resetVecs ==> .resetVecs
17:27:14.620  "sck2400_firmware.out" .oad_entry_vec ==> .oad_entry_vec
17:27:14.628  "sck2400_firmware.out" .args ==> .args
17:27:14.636  "sck2400_firmware.out" .cinit ==> .cinit
17:27:14.643  "sck2400_firmware.out" .ccfg ==> .ccfg
17:27:14.684  **** Build finished ****
17:27:14.725  # ----------------------------------------
17:27:14.737  # Problem summary for project 'sck2400_firmware': 0 errors, 3 warnings
17:27:14.746  Warning: sck2400.syscfg [CONFIG_SPI_0(/ti/drivers/SPI) spi.csnPin]: Connected to hardware
17:27:14.755  Warning: sck2400.syscfg [CONFIG_SPI_0(/ti/drivers/SPI) spi.pociPin]: Connected to hardware
17:27:14.765  Warning: uart.c [line 642]: call to undeclared function 'usleep'; ISO C99 and later do not support implicit function declarations [-Wimplicit-function-declaration]
17:27:14.775  # --------------------------------------------------------------------------------
17:27:14.787  # [Wed Jun 24 17:27:14 CDT 2026]: CCS headless build complete - 0 out of 1 projects have errors
17:27:15.071  OAD patch: rebuild OK — prgEntry = 0x0000DAA0
17:28:05.654  XDS110 detected: Serial = L43003QX
17:28:05.767  ✓ Merged BIM + firmware → C:\Users\maxor\workspace_ccstheia\sck2400_merged.hex
17:28:05.776  ══════════════════════════════════════════════════
17:28:05.778    SCK-2400 Local Flash  →  GS Board  (APID 0x010)
17:28:05.781    XDS110: L43003QX
17:28:05.792    HEX: C:\Users\maxor\workspace_ccstheia\sck2400_merged.hex
17:28:05.795  ══════════════════════════════════════════════════
17:28:05.798  srfprog -t soc(XDS-L43003QX, CC1352P) -e all -p all -v rb -f "C:\Users\maxor\workspace_ccstheia\sck2400_merged.hex"
17:28:12.225  Texas Instruments SmartRF Flash Programmer 2 v1.8.2-windows
17:28:12.228  -------------------------------------------------------------------------------
17:28:12.231  Connected over 2-pin cJTAG.
17:28:12.233  Reading file: C:\Users\maxor\workspace_ccstheia\sck2400_merged.hex.
17:28:12.236  Start flash erase ...
17:28:12.239  OK
17:28:12.241  Start flash programming ...
17:28:12.245  0%0%4%9%13%97%99%100%
17:28:12.248  OK
17:28:12.250  Start flash verify ...
17:28:12.253  0%0%
17:28:12.256  Page: 0 verified OK.2%
17:28:12.259  Skip verification of unassigned page: 1.4%
17:28:12.261  Page: 2 verified OK.6%
17:28:12.264  Page: 3 verified OK.9%
17:28:12.267  Page: 4 verified OK.11%
17:28:12.269  Page: 5 verified OK.13%
17:28:12.272  Page: 6 verified OK.15%
17:28:12.275  Skip verification of unassigned page: 7.18%
17:28:12.278  Skip verification of unassigned page: 8.20%
17:28:12.281  Skip verification of unassigned page: 9.22%
17:28:12.293  Skip verification of unassigned page: 10.25%
17:28:12.296  Skip verification of unassigned page: 11.27%
17:28:12.299  Skip verification of unassigned page: 12.29%
17:28:12.302  Skip verification of unassigned page: 13.31%
17:28:12.305  Skip verification of unassigned page: 14.34%
17:28:12.308  Skip verification of unassigned page: 15.36%
17:28:12.310  Skip verification of unassigned page: 16.38%
17:28:12.313  Skip verification of unassigned page: 17.40%
17:28:12.316  Skip verification of unassigned page: 18.43%
17:28:12.319  Skip verification of unassigned page: 19.45%
17:28:12.321  Skip verification of unassigned page: 20.47%
17:28:12.324  Skip verification of unassigned page: 21.50%
17:28:12.327  Skip verification of unassigned page: 22.52%
17:28:12.330  Skip verification of unassigned page: 23.54%
17:28:12.332  Skip verification of unassigned page: 24.56%
17:28:12.335  Skip verification of unassigned page: 25.59%
17:28:12.338  Skip verification of unassigned page: 26.61%
17:28:12.341  Skip verification of unassigned page: 27.63%
17:28:12.344  Skip verification of unassigned page: 28.65%
17:28:12.348  Skip verification of unassigned page: 29.68%
17:28:12.350  Skip verification of unassigned page: 30.70%
17:28:12.353  Skip verification of unassigned page: 31.72%
17:28:12.356  Skip verification of unassigned page: 32.75%
17:28:12.359  Skip verification of unassigned page: 33.77%
17:28:12.377  Skip verification of unassigned page: 34.79%
17:28:12.381  Skip verification of unassigned page: 35.81%
17:28:12.384  Skip verification of unassigned page: 36.84%
17:28:12.388  Skip verification of unassigned page: 37.86%
17:28:12.392  Skip verification of unassigned page: 38.88%
17:28:12.395  Skip verification of unassigned page: 39.90%
17:28:12.397  Skip verification of unassigned page: 40.93%
17:28:12.400  Skip verification of unassigned page: 41.95%
17:28:12.403  Page: 42 verified OK.97%
17:28:12.406  Page: 43 verified OK.100%
17:28:12.408  OK
17:28:12.412  Reset target ...
17:28:12.414  OK
17:28:12.417  ✓ Flash complete — GS Board  (APID 0x010)
17:28:20.074    → TX [0000]  [CCSDS] get_telem seq=3 dest=0x010
17:28:20.103    ← RX  [CCSDS RAW] 08 01 C0 03 00 1F 07 00 00 00 00 00 00 00 00 00 00 00 00 00 00 00 00 00 07 00 00 00 00 00 00 00 00 00 A4 04 96 0C
17:28:20.104    ← RX  tlm_beacon  apid=0x001 seq=3
17:28:20.108    ✓ tlm_beacon received seq=3 from 0x010
17:30:34.964  RF Power: patched radio.h → TX_POWER = BENCH (0 dBm bench)
17:30:34.967  Board: patched ccsds.h → SCK_APID_THIS_BOARD = 0x010 (GS Board  (APID 0x010))
17:30:34.979  ══════════════════════════════════════════════════
17:30:34.981    SCK-2400 Build  →  GS Board  (APID 0x010)
17:30:34.982    SCK_APID_THIS_BOARD = 0x010
17:30:34.984    Build type: full
17:30:34.986  ══════════════════════════════════════════════════
17:30:38.354  # ================================================================================
17:30:38.357  # [Wed Jun 24 17:30:38 CDT 2026]: CCS headless build starting...
17:30:38.497  **** Clean-only build of configuration 'Debug' for project 'sck2400_firmware' ****
17:30:38.552  "C:\\ti\\ccs2051\\ccs\\utils\\bin\\gmake" -k -j 12 clean -r -O
17:30:38.770  DEL /F "syscfg\ti_radio_config.h" "syscfg\ti_drivers_config.h" "syscfg\ti_utils_build_linker.cmd.genlibs" "syscfg\ti_utils_build_linker.cmd.genmap" "syscfg\syscfg_c.rov.xs" "syscfg\ti_sysbios_config.h" "syscfg\ti_devices_config.c" "syscfg\ti_radio_config.c" "syscfg\ti_drivers_config.c" "syscfg\ti_utils_build_compiler.opt" "syscfg\ti_sysbios_config.c" "sck2400_firmware.out"
17:30:38.772  DEL /F "RFQueue.o" "ccsds.o" "main.o" "main_tirtos.o" "oad_flash_stub.o" "oad_image_header_app.o" "oad_task.o" "radio.o" "syscfg\ti_devices_config.o" "syscfg\ti_radio_config.o" "syscfg\ti_drivers_config.o" "syscfg\ti_sysbios_config.o" "telemetry.o" "uart.o"
17:30:38.773  DEL /F "RFQueue.d" "ccsds.d" "main.d" "main_tirtos.d" "oad_flash_stub.d" "oad_image_header_app.d" "oad_task.d" "radio.d" "syscfg\ti_devices_config.d" "syscfg\ti_radio_config.d" "syscfg\ti_drivers_config.d" "syscfg\ti_sysbios_config.d" "telemetry.d" "uart.d"
17:30:38.775  RMDIR /S/Q "syscfg"
17:30:38.832  **** Build finished ****
17:30:40.739  **** Build of configuration 'Debug' for project 'sck2400_firmware' ****
17:30:40.749  "C:\\ti\\ccs2051\\ccs\\utils\\bin\\gmake" -k -j 12 all -r -O
17:30:42.682  SysConfig - building file: "../sck2400.syscfg"
17:30:42.684  "C:/ti/sysconfig_1.21.1/sysconfig_cli.bat" -s "C:/ti/simplelink_cc13xx_cc26xx_sdk_8_32_00_07/.metadata/product.json" --script "C:/Users/maxor/workspace_ccstheia/sck2400_firmware/sck2400.syscfg" -o "syscfg" --compiler ticlang
17:30:42.686  Running script...
17:30:42.687  Validating...
17:30:42.692  warning: CONFIG_SPI_0(/ti/drivers/SPI) spi.pociPin: Connected to hardware
17:30:42.720  DIO8/14 is connected to LaunchPad SPI Bus on the CC1352P-2 LaunchPad. Consider selecting it in 'use hardware' above. Using a custom board?
17:30:42.723  warning: CONFIG_SPI_0(/ti/drivers/SPI) spi.csnPin: Connected to hardware
17:30:42.726  DIO20/38 is connected to MX25R8035F SPI Flash Chip Select on the CC1352P-2 LaunchPad. Consider selecting it in 'use hardware' above. Using a custom board?
17:30:42.729  0 error(s), 2 warning(s)
17:30:42.731  Generating Code (sck2400.syscfg)...
17:30:42.734  Writing C:\Users\maxor\workspace_ccstheia\sck2400_firmware\Debug\syscfg\ti_devices_config.c...
17:30:42.737  Writing C:\Users\maxor\workspace_ccstheia\sck2400_firmware\Debug\syscfg\ti_radio_config.c...
17:30:42.739  Writing C:\Users\maxor\workspace_ccstheia\sck2400_firmware\Debug\syscfg\ti_radio_config.h...
17:30:42.742  Writing C:\Users\maxor\workspace_ccstheia\sck2400_firmware\Debug\syscfg\ti_drivers_config.c...
17:30:42.745  Writing C:\Users\maxor\workspace_ccstheia\sck2400_firmware\Debug\syscfg\ti_drivers_config.h...
17:30:42.748  Writing C:\Users\maxor\workspace_ccstheia\sck2400_firmware\Debug\syscfg\ti_utils_build_linker.cmd.genlibs...
17:30:42.751  Writing C:\Users\maxor\workspace_ccstheia\sck2400_firmware\Debug\syscfg\ti_utils_build_linker.cmd.genmap...
17:30:42.754  Writing C:\Users\maxor\workspace_ccstheia\sck2400_firmware\Debug\syscfg\ti_utils_build_compiler.opt...
17:30:42.758  Writing C:\Users\maxor\workspace_ccstheia\sck2400_firmware\Debug\syscfg\syscfg_c.rov.xs...
17:30:42.761  Writing C:\Users\maxor\workspace_ccstheia\sck2400_firmware\Debug\syscfg\ti_sysbios_config.h...
17:30:42.765  Writing C:\Users\maxor\workspace_ccstheia\sck2400_firmware\Debug\syscfg\ti_sysbios_config.c...
17:30:42.768  Finished building: "../sck2400.syscfg"
17:30:42.948  Arm Compiler - building file: "../RFQueue.c"
17:30:42.953  "C:/ti/ti_cgt_arm_llvm_3.2.2.LTS/bin/tiarmclang.exe" -c -mcpu=cortex-m4 -mfloat-abi=hard -mfpu=fpv4-sp-d16 -mlittle-endian -mthumb -Oz -I"C:/Users/maxor/workspace_ccstheia/sck2400_firmware" -I"C:/Users/maxor/workspace_ccstheia/sck2400_firmware/Debug" -I"C:/ti/simplelink_cc13xx_cc26xx_sdk_8_32_00_07/source" -I"C:/ti/simplelink_cc13xx_cc26xx_sdk_8_32_00_07/kernel/tirtos7/packages" -I"C:/ti/simplelink_cc13xx_cc26xx_sdk_8_32_00_07/source/ti/posix/ticlang" -gdwarf-3 -march=armv7e-m -MMD -MP -MF"RFQueue.d_raw" -MT"RFQueue.o" -I"C:/Users/maxor/workspace_ccstheia/sck2400_firmware/Debug/syscfg"  @"syscfg/ti_utils_build_compiler.opt"  -o"RFQueue.o" "../RFQueue.c"
17:30:42.958  Finished building: "../RFQueue.c"
17:30:42.962  Arm Compiler - building file: "../ccsds.c"
17:30:42.966  "C:/ti/ti_cgt_arm_llvm_3.2.2.LTS/bin/tiarmclang.exe" -c -mcpu=cortex-m4 -mfloat-abi=hard -mfpu=fpv4-sp-d16 -mlittle-endian -mthumb -Oz -I"C:/Users/maxor/workspace_ccstheia/sck2400_firmware" -I"C:/Users/maxor/workspace_ccstheia/sck2400_firmware/Debug" -I"C:/ti/simplelink_cc13xx_cc26xx_sdk_8_32_00_07/source" -I"C:/ti/simplelink_cc13xx_cc26xx_sdk_8_32_00_07/kernel/tirtos7/packages" -I"C:/ti/simplelink_cc13xx_cc26xx_sdk_8_32_00_07/source/ti/posix/ticlang" -gdwarf-3 -march=armv7e-m -MMD -MP -MF"ccsds.d_raw" -MT"ccsds.o" -I"C:/Users/maxor/workspace_ccstheia/sck2400_firmware/Debug/syscfg"  @"syscfg/ti_utils_build_compiler.opt"  -o"ccsds.o" "../ccsds.c"
17:30:42.971  Finished building: "../ccsds.c"
17:30:43.036  Arm Compiler - building file: "../main_tirtos.c"
17:30:43.042  "C:/ti/ti_cgt_arm_llvm_3.2.2.LTS/bin/tiarmclang.exe" -c -mcpu=cortex-m4 -mfloat-abi=hard -mfpu=fpv4-sp-d16 -mlittle-endian -mthumb -Oz -I"C:/Users/maxor/workspace_ccstheia/sck2400_firmware" -I"C:/Users/maxor/workspace_ccstheia/sck2400_firmware/Debug" -I"C:/ti/simplelink_cc13xx_cc26xx_sdk_8_32_00_07/source" -I"C:/ti/simplelink_cc13xx_cc26xx_sdk_8_32_00_07/kernel/tirtos7/packages" -I"C:/ti/simplelink_cc13xx_cc26xx_sdk_8_32_00_07/source/ti/posix/ticlang" -gdwarf-3 -march=armv7e-m -MMD -MP -MF"main_tirtos.d_raw" -MT"main_tirtos.o" -I"C:/Users/maxor/workspace_ccstheia/sck2400_firmware/Debug/syscfg"  @"syscfg/ti_utils_build_compiler.opt"  -o"main_tirtos.o" "../main_tirtos.c"
17:30:43.045  Finished building: "../main_tirtos.c"
17:30:43.049  Arm Compiler - building file: "../main.c"
17:30:43.052  "C:/ti/ti_cgt_arm_llvm_3.2.2.LTS/bin/tiarmclang.exe" -c -mcpu=cortex-m4 -mfloat-abi=hard -mfpu=fpv4-sp-d16 -mlittle-endian -mthumb -Oz -I"C:/Users/maxor/workspace_ccstheia/sck2400_firmware" -I"C:/Users/maxor/workspace_ccstheia/sck2400_firmware/Debug" -I"C:/ti/simplelink_cc13xx_cc26xx_sdk_8_32_00_07/source" -I"C:/ti/simplelink_cc13xx_cc26xx_sdk_8_32_00_07/kernel/tirtos7/packages" -I"C:/ti/simplelink_cc13xx_cc26xx_sdk_8_32_00_07/source/ti/posix/ticlang" -gdwarf-3 -march=armv7e-m -MMD -MP -MF"main.d_raw" -MT"main.o" -I"C:/Users/maxor/workspace_ccstheia/sck2400_firmware/Debug/syscfg"  @"syscfg/ti_utils_build_compiler.opt"  -o"main.o" "../main.c"
17:30:43.056  Finished building: "../main.c"
17:30:43.078  Arm Compiler - building file: "../oad_flash_stub.c"
17:30:43.081  "C:/ti/ti_cgt_arm_llvm_3.2.2.LTS/bin/tiarmclang.exe" -c -mcpu=cortex-m4 -mfloat-abi=hard -mfpu=fpv4-sp-d16 -mlittle-endian -mthumb -Oz -I"C:/Users/maxor/workspace_ccstheia/sck2400_firmware" -I"C:/Users/maxor/workspace_ccstheia/sck2400_firmware/Debug" -I"C:/ti/simplelink_cc13xx_cc26xx_sdk_8_32_00_07/source" -I"C:/ti/simplelink_cc13xx_cc26xx_sdk_8_32_00_07/kernel/tirtos7/packages" -I"C:/ti/simplelink_cc13xx_cc26xx_sdk_8_32_00_07/source/ti/posix/ticlang" -gdwarf-3 -march=armv7e-m -MMD -MP -MF"oad_flash_stub.d_raw" -MT"oad_flash_stub.o" -I"C:/Users/maxor/workspace_ccstheia/sck2400_firmware/Debug/syscfg"  @"syscfg/ti_utils_build_compiler.opt"  -o"oad_flash_stub.o" "../oad_flash_stub.c"
17:30:43.086  Finished building: "../oad_flash_stub.c"
17:30:43.098  Arm Compiler - building file: "../oad_image_header_app.c"
17:30:43.102  "C:/ti/ti_cgt_arm_llvm_3.2.2.LTS/bin/tiarmclang.exe" -c -mcpu=cortex-m4 -mfloat-abi=hard -mfpu=fpv4-sp-d16 -mlittle-endian -mthumb -Oz -I"C:/Users/maxor/workspace_ccstheia/sck2400_firmware" -I"C:/Users/maxor/workspace_ccstheia/sck2400_firmware/Debug" -I"C:/ti/simplelink_cc13xx_cc26xx_sdk_8_32_00_07/source" -I"C:/ti/simplelink_cc13xx_cc26xx_sdk_8_32_00_07/kernel/tirtos7/packages" -I"C:/ti/simplelink_cc13xx_cc26xx_sdk_8_32_00_07/source/ti/posix/ticlang" -gdwarf-3 -march=armv7e-m -MMD -MP -MF"oad_image_header_app.d_raw" -MT"oad_image_header_app.o" -I"C:/Users/maxor/workspace_ccstheia/sck2400_firmware/Debug/syscfg"  @"syscfg/ti_utils_build_compiler.opt"  -o"oad_image_header_app.o" "../oad_image_header_app.c"
17:30:43.107  Finished building: "../oad_image_header_app.c"
17:30:43.325  Arm Compiler - building file: "../oad_task.c"
17:30:43.331  "C:/ti/ti_cgt_arm_llvm_3.2.2.LTS/bin/tiarmclang.exe" -c -mcpu=cortex-m4 -mfloat-abi=hard -mfpu=fpv4-sp-d16 -mlittle-endian -mthumb -Oz -I"C:/Users/maxor/workspace_ccstheia/sck2400_firmware" -I"C:/Users/maxor/workspace_ccstheia/sck2400_firmware/Debug" -I"C:/ti/simplelink_cc13xx_cc26xx_sdk_8_32_00_07/source" -I"C:/ti/simplelink_cc13xx_cc26xx_sdk_8_32_00_07/kernel/tirtos7/packages" -I"C:/ti/simplelink_cc13xx_cc26xx_sdk_8_32_00_07/source/ti/posix/ticlang" -gdwarf-3 -march=armv7e-m -MMD -MP -MF"oad_task.d_raw" -MT"oad_task.o" -I"C:/Users/maxor/workspace_ccstheia/sck2400_firmware/Debug/syscfg"  @"syscfg/ti_utils_build_compiler.opt"  -o"oad_task.o" "../oad_task.c"
17:30:43.334  Finished building: "../oad_task.c"
17:30:43.339  Arm Compiler - building file: "syscfg/ti_devices_config.c"
17:30:43.343  "C:/ti/ti_cgt_arm_llvm_3.2.2.LTS/bin/tiarmclang.exe" -c -mcpu=cortex-m4 -mfloat-abi=hard -mfpu=fpv4-sp-d16 -mlittle-endian -mthumb -Oz -I"C:/Users/maxor/workspace_ccstheia/sck2400_firmware" -I"C:/Users/maxor/workspace_ccstheia/sck2400_firmware/Debug" -I"C:/ti/simplelink_cc13xx_cc26xx_sdk_8_32_00_07/source" -I"C:/ti/simplelink_cc13xx_cc26xx_sdk_8_32_00_07/kernel/tirtos7/packages" -I"C:/ti/simplelink_cc13xx_cc26xx_sdk_8_32_00_07/source/ti/posix/ticlang" -gdwarf-3 -march=armv7e-m -MMD -MP -MF"syscfg/ti_devices_config.d_raw" -MT"syscfg/ti_devices_config.o" -I"C:/Users/maxor/workspace_ccstheia/sck2400_firmware/Debug/syscfg"  @"syscfg/ti_utils_build_compiler.opt"  -o"syscfg/ti_devices_config.o" "syscfg/ti_devices_config.c"
17:30:43.348  Finished building: "syscfg/ti_devices_config.c"
17:30:43.370  Arm Compiler - building file: "../radio.c"
17:30:43.374  "C:/ti/ti_cgt_arm_llvm_3.2.2.LTS/bin/tiarmclang.exe" -c -mcpu=cortex-m4 -mfloat-abi=hard -mfpu=fpv4-sp-d16 -mlittle-endian -mthumb -Oz -I"C:/Users/maxor/workspace_ccstheia/sck2400_firmware" -I"C:/Users/maxor/workspace_ccstheia/sck2400_firmware/Debug" -I"C:/ti/simplelink_cc13xx_cc26xx_sdk_8_32_00_07/source" -I"C:/ti/simplelink_cc13xx_cc26xx_sdk_8_32_00_07/kernel/tirtos7/packages" -I"C:/ti/simplelink_cc13xx_cc26xx_sdk_8_32_00_07/source/ti/posix/ticlang" -gdwarf-3 -march=armv7e-m -MMD -MP -MF"radio.d_raw" -MT"radio.o" -I"C:/Users/maxor/workspace_ccstheia/sck2400_firmware/Debug/syscfg"  @"syscfg/ti_utils_build_compiler.opt"  -o"radio.o" "../radio.c"
17:30:43.378  Finished building: "../radio.c"
17:30:43.392  Arm Compiler - building file: "syscfg/ti_radio_config.c"
17:30:43.395  "C:/ti/ti_cgt_arm_llvm_3.2.2.LTS/bin/tiarmclang.exe" -c -mcpu=cortex-m4 -mfloat-abi=hard -mfpu=fpv4-sp-d16 -mlittle-endian -mthumb -Oz -I"C:/Users/maxor/workspace_ccstheia/sck2400_firmware" -I"C:/Users/maxor/workspace_ccstheia/sck2400_firmware/Debug" -I"C:/ti/simplelink_cc13xx_cc26xx_sdk_8_32_00_07/source" -I"C:/ti/simplelink_cc13xx_cc26xx_sdk_8_32_00_07/kernel/tirtos7/packages" -I"C:/ti/simplelink_cc13xx_cc26xx_sdk_8_32_00_07/source/ti/posix/ticlang" -gdwarf-3 -march=armv7e-m -MMD -MP -MF"syscfg/ti_radio_config.d_raw" -MT"syscfg/ti_radio_config.o" -I"C:/Users/maxor/workspace_ccstheia/sck2400_firmware/Debug/syscfg"  @"syscfg/ti_utils_build_compiler.opt"  -o"syscfg/ti_radio_config.o" "syscfg/ti_radio_config.c"
17:30:43.400  Finished building: "syscfg/ti_radio_config.c"
17:30:43.500  Arm Compiler - building file: "syscfg/ti_drivers_config.c"
17:30:43.504  "C:/ti/ti_cgt_arm_llvm_3.2.2.LTS/bin/tiarmclang.exe" -c -mcpu=cortex-m4 -mfloat-abi=hard -mfpu=fpv4-sp-d16 -mlittle-endian -mthumb -Oz -I"C:/Users/maxor/workspace_ccstheia/sck2400_firmware" -I"C:/Users/maxor/workspace_ccstheia/sck2400_firmware/Debug" -I"C:/ti/simplelink_cc13xx_cc26xx_sdk_8_32_00_07/source" -I"C:/ti/simplelink_cc13xx_cc26xx_sdk_8_32_00_07/kernel/tirtos7/packages" -I"C:/ti/simplelink_cc13xx_cc26xx_sdk_8_32_00_07/source/ti/posix/ticlang" -gdwarf-3 -march=armv7e-m -MMD -MP -MF"syscfg/ti_drivers_config.d_raw" -MT"syscfg/ti_drivers_config.o" -I"C:/Users/maxor/workspace_ccstheia/sck2400_firmware/Debug/syscfg"  @"syscfg/ti_utils_build_compiler.opt"  -o"syscfg/ti_drivers_config.o" "syscfg/ti_drivers_config.c"
17:30:43.510  Finished building: "syscfg/ti_drivers_config.c"
17:30:43.626  Arm Compiler - building file: "../telemetry.c"
17:30:43.629  "C:/ti/ti_cgt_arm_llvm_3.2.2.LTS/bin/tiarmclang.exe" -c -mcpu=cortex-m4 -mfloat-abi=hard -mfpu=fpv4-sp-d16 -mlittle-endian -mthumb -Oz -I"C:/Users/maxor/workspace_ccstheia/sck2400_firmware" -I"C:/Users/maxor/workspace_ccstheia/sck2400_firmware/Debug" -I"C:/ti/simplelink_cc13xx_cc26xx_sdk_8_32_00_07/source" -I"C:/ti/simplelink_cc13xx_cc26xx_sdk_8_32_00_07/kernel/tirtos7/packages" -I"C:/ti/simplelink_cc13xx_cc26xx_sdk_8_32_00_07/source/ti/posix/ticlang" -gdwarf-3 -march=armv7e-m -MMD -MP -MF"telemetry.d_raw" -MT"telemetry.o" -I"C:/Users/maxor/workspace_ccstheia/sck2400_firmware/Debug/syscfg"  @"syscfg/ti_utils_build_compiler.opt"  -o"telemetry.o" "../telemetry.c"
17:30:43.634  Finished building: "../telemetry.c"
17:30:43.815  Arm Compiler - building file: "../uart.c"
17:30:43.819  "C:/ti/ti_cgt_arm_llvm_3.2.2.LTS/bin/tiarmclang.exe" -c -mcpu=cortex-m4 -mfloat-abi=hard -mfpu=fpv4-sp-d16 -mlittle-endian -mthumb -Oz -I"C:/Users/maxor/workspace_ccstheia/sck2400_firmware" -I"C:/Users/maxor/workspace_ccstheia/sck2400_firmware/Debug" -I"C:/ti/simplelink_cc13xx_cc26xx_sdk_8_32_00_07/source" -I"C:/ti/simplelink_cc13xx_cc26xx_sdk_8_32_00_07/kernel/tirtos7/packages" -I"C:/ti/simplelink_cc13xx_cc26xx_sdk_8_32_00_07/source/ti/posix/ticlang" -gdwarf-3 -march=armv7e-m -MMD -MP -MF"uart.d_raw" -MT"uart.o" -I"C:/Users/maxor/workspace_ccstheia/sck2400_firmware/Debug/syscfg"  @"syscfg/ti_utils_build_compiler.opt"  -o"uart.o" "../uart.c"
17:30:43.823  ../uart.c:648:31: warning: call to undeclared function 'usleep'; ISO C99 and later do not support implicit function declarations [-Wimplicit-function-declaration]
17:30:43.826  if (bytesRead == 0) { usleep(1000); elapsed++; continue; }
17:30:43.829  ^
17:30:43.831  1 warning generated.
17:30:43.834  Finished building: "../uart.c"
17:30:44.905  Arm Compiler - building file: "syscfg/ti_sysbios_config.c"
17:30:44.909  "C:/ti/ti_cgt_arm_llvm_3.2.2.LTS/bin/tiarmclang.exe" -c -mcpu=cortex-m4 -mfloat-abi=hard -mfpu=fpv4-sp-d16 -mlittle-endian -mthumb -Oz -I"C:/Users/maxor/workspace_ccstheia/sck2400_firmware" -I"C:/Users/maxor/workspace_ccstheia/sck2400_firmware/Debug" -I"C:/ti/simplelink_cc13xx_cc26xx_sdk_8_32_00_07/source" -I"C:/ti/simplelink_cc13xx_cc26xx_sdk_8_32_00_07/kernel/tirtos7/packages" -I"C:/ti/simplelink_cc13xx_cc26xx_sdk_8_32_00_07/source/ti/posix/ticlang" -gdwarf-3 -march=armv7e-m -MMD -MP -MF"syscfg/ti_sysbios_config.d_raw" -MT"syscfg/ti_sysbios_config.o" -I"C:/Users/maxor/workspace_ccstheia/sck2400_firmware/Debug/syscfg"  @"syscfg/ti_utils_build_compiler.opt"  -o"syscfg/ti_sysbios_config.o" "syscfg/ti_sysbios_config.c"
17:30:44.913  Finished building: "syscfg/ti_sysbios_config.c"
17:30:44.953  Arm Linker - building target: "sck2400_firmware.out"
17:30:44.958  "C:/ti/ti_cgt_arm_llvm_3.2.2.LTS/bin/tiarmclang.exe" -mcpu=cortex-m4 -mfloat-abi=hard -mfpu=fpv4-sp-d16 -mlittle-endian -mthumb -Oz -gdwarf-3 -march=armv7e-m -Wl,-m"sck2400_firmware.map" -Wl,-i"C:/ti/simplelink_cc13xx_cc26xx_sdk_8_32_00_07/source" -Wl,-i"C:/ti/simplelink_cc13xx_cc26xx_sdk_8_32_00_07/kernel/tirtos7/packages" -Wl,-i"C:/Users/maxor/workspace_ccstheia/sck2400_firmware/Debug/syscfg" -Wl,-i"C:/ti/ti_cgt_arm_llvm_3.2.2.LTS/lib" -Wl,--diag_wrap=off -Wl,--display_error_number -Wl,--warn_sections -Wl,--xml_link_info="sck2400_firmware_linkInfo.xml" -Wl,--rom_model -o "sck2400_firmware.out" "./RFQueue.o" "./ccsds.o" "./main.o" "./main_tirtos.o" "./oad_flash_stub.o" "./oad_image_header_app.o" "./oad_task.o" "./radio.o" "./syscfg/ti_devices_config.o" "./syscfg/ti_radio_config.o" "./syscfg/ti_drivers_config.o" "./syscfg/ti_sysbios_config.o" "./telemetry.o" "./uart.o" "../cc13x2_cc26x2_tirtos7.cmd"  -Wl,-lti_utils_build_linker.cmd.genlibs -Wl,-llibc.a
17:30:45.516  Finished building target: "sck2400_firmware.out"
17:30:45.568  "C:/ti/ti_cgt_arm_llvm_3.2.2.LTS/bin/tiarmhex" -order MS --memwidth=8 --romwidth=8 --intel -o "sck2400_firmware.hex" "sck2400_firmware"
17:30:45.579  Translating to Intel format...
17:30:45.582  "sck2400_firmware.out" .image_header ==> .image_header
17:30:45.585  "sck2400_firmware.out" .text ==> .text
17:30:45.587  "sck2400_firmware.out" .rodata ==> .rodata
17:30:45.592  "sck2400_firmware.out" .resetVecs ==> .resetVecs
17:30:45.594  "sck2400_firmware.out" .oad_entry_vec ==> .oad_entry_vec
17:30:45.597  "sck2400_firmware.out" .args ==> .args
17:30:45.599  "sck2400_firmware.out" .cinit ==> .cinit
17:30:45.619  "sck2400_firmware.out" .ccfg ==> .ccfg
17:30:45.669  **** Build finished ****
17:30:45.800  # ----------------------------------------
17:30:45.805  # Problem summary for project 'sck2400_firmware': 0 errors, 3 warnings
17:30:45.809  Warning: sck2400.syscfg [CONFIG_SPI_0(/ti/drivers/SPI) spi.csnPin]: Connected to hardware
17:30:45.814  Warning: sck2400.syscfg [CONFIG_SPI_0(/ti/drivers/SPI) spi.pociPin]: Connected to hardware
17:30:45.817  Warning: uart.c [line 648]: call to undeclared function 'usleep'; ISO C99 and later do not support implicit function declarations [-Wimplicit-function-declaration]
17:30:45.821  # --------------------------------------------------------------------------------
17:30:45.825  # [Wed Jun 24 17:30:45 CDT 2026]: CCS headless build complete - 0 out of 1 projects have errors
17:30:46.243  ✓ Build succeeded: C:\Users\maxor\workspace_ccstheia\sck2400_firmware\Debug\sck2400_firmware.hex
17:30:46.246    Board: GS Board  (APID 0x010)  APID: 0x010
17:30:46.249  OAD patch: reading oad_entry_vec address from map file...
17:30:46.252  OAD patch: oad_entry_vec at 0x0000DAAC (summary table)
17:30:46.255  OAD patch: computed image len = 0x00009D4C (end=0x0000DD4C)
17:30:46.259  OAD patch: .prgEntry updated to 0x0000DAAC
17:30:46.262  OAD patch: .len updated to 0x00009D4C
17:30:46.266  OAD patch: deleted stale oad_image_header_app.o
17:30:46.268  OAD patch: incremental rebuild to bake prgEntry...
17:30:49.608  # ================================================================================
17:30:49.612  # [Wed Jun 24 17:30:49 CDT 2026]: CCS headless build starting...
17:30:51.755  **** Build of configuration 'Debug' for project 'sck2400_firmware' ****
17:30:51.789  "C:\\ti\\ccs2051\\ccs\\utils\\bin\\gmake" -k -j 12 all -r -O
17:30:51.993  Arm Compiler - building file: "../oad_image_header_app.c"
17:30:51.996  "C:/ti/ti_cgt_arm_llvm_3.2.2.LTS/bin/tiarmclang.exe" -c -mcpu=cortex-m4 -mfloat-abi=hard -mfpu=fpv4-sp-d16 -mlittle-endian -mthumb -Oz -I"C:/Users/maxor/workspace_ccstheia/sck2400_firmware" -I"C:/Users/maxor/workspace_ccstheia/sck2400_firmware/Debug" -I"C:/ti/simplelink_cc13xx_cc26xx_sdk_8_32_00_07/source" -I"C:/ti/simplelink_cc13xx_cc26xx_sdk_8_32_00_07/kernel/tirtos7/packages" -I"C:/ti/simplelink_cc13xx_cc26xx_sdk_8_32_00_07/source/ti/posix/ticlang" -gdwarf-3 -march=armv7e-m -MMD -MP -MF"oad_image_header_app.d_raw" -MT"oad_image_header_app.o" -I"C:/Users/maxor/workspace_ccstheia/sck2400_firmware/Debug/syscfg"  @"syscfg/ti_utils_build_compiler.opt"  -o"oad_image_header_app.o" "../oad_image_header_app.c"
17:30:52.026  Finished building: "../oad_image_header_app.c"
17:30:52.052  Arm Linker - building target: "sck2400_firmware.out"
17:30:52.057  "C:/ti/ti_cgt_arm_llvm_3.2.2.LTS/bin/tiarmclang.exe" -mcpu=cortex-m4 -mfloat-abi=hard -mfpu=fpv4-sp-d16 -mlittle-endian -mthumb -Oz -gdwarf-3 -march=armv7e-m -Wl,-m"sck2400_firmware.map" -Wl,-i"C:/ti/simplelink_cc13xx_cc26xx_sdk_8_32_00_07/source" -Wl,-i"C:/ti/simplelink_cc13xx_cc26xx_sdk_8_32_00_07/kernel/tirtos7/packages" -Wl,-i"C:/Users/maxor/workspace_ccstheia/sck2400_firmware/Debug/syscfg" -Wl,-i"C:/ti/ti_cgt_arm_llvm_3.2.2.LTS/lib" -Wl,--diag_wrap=off -Wl,--display_error_number -Wl,--warn_sections -Wl,--xml_link_info="sck2400_firmware_linkInfo.xml" -Wl,--rom_model -o "sck2400_firmware.out" "./RFQueue.o" "./ccsds.o" "./main.o" "./main_tirtos.o" "./oad_flash_stub.o" "./oad_image_header_app.o" "./oad_task.o" "./radio.o" "./syscfg/ti_devices_config.o" "./syscfg/ti_radio_config.o" "./syscfg/ti_drivers_config.o" "./syscfg/ti_sysbios_config.o" "./telemetry.o" "./uart.o" "../cc13x2_cc26x2_tirtos7.cmd"  -Wl,-lti_utils_build_linker.cmd.genlibs -Wl,-llibc.a
17:30:52.633  Finished building target: "sck2400_firmware.out"
17:30:52.690  "C:/ti/ti_cgt_arm_llvm_3.2.2.LTS/bin/tiarmhex" -order MS --memwidth=8 --romwidth=8 --intel -o "sck2400_firmware.hex" "sck2400_firmware"
17:30:52.702  Translating to Intel format...
17:30:52.709  "sck2400_firmware.out" .image_header ==> .image_header
17:30:52.713  "sck2400_firmware.out" .text ==> .text
17:30:52.716  "sck2400_firmware.out" .rodata ==> .rodata
17:30:52.720  "sck2400_firmware.out" .resetVecs ==> .resetVecs
17:30:52.725  "sck2400_firmware.out" .oad_entry_vec ==> .oad_entry_vec
17:30:52.728  "sck2400_firmware.out" .args ==> .args
17:30:52.731  "sck2400_firmware.out" .cinit ==> .cinit
17:30:52.734  "sck2400_firmware.out" .ccfg ==> .ccfg
17:30:52.808  **** Build finished ****
17:30:52.849  # ----------------------------------------
17:30:52.854  # Problem summary for project 'sck2400_firmware': 0 errors, 3 warnings
17:30:52.859  Warning: sck2400.syscfg [CONFIG_SPI_0(/ti/drivers/SPI) spi.csnPin]: Connected to hardware
17:30:52.863  Warning: sck2400.syscfg [CONFIG_SPI_0(/ti/drivers/SPI) spi.pociPin]: Connected to hardware
17:30:52.867  Warning: uart.c [line 648]: call to undeclared function 'usleep'; ISO C99 and later do not support implicit function declarations [-Wimplicit-function-declaration]
17:30:52.871  # --------------------------------------------------------------------------------
17:30:52.875  # [Wed Jun 24 17:30:52 CDT 2026]: CCS headless build complete - 0 out of 1 projects have errors
17:30:53.302  OAD patch: rebuild OK — prgEntry = 0x0000DAAC
17:30:58.610  XDS110 detected: Serial = L43003QX
17:30:58.720  ✓ Merged BIM + firmware → C:\Users\maxor\workspace_ccstheia\sck2400_merged.hex
17:30:58.742  ══════════════════════════════════════════════════
17:30:58.744    SCK-2400 Local Flash  →  GS Board  (APID 0x010)
17:30:58.747    XDS110: L43003QX
17:30:58.749    HEX: C:\Users\maxor\workspace_ccstheia\sck2400_merged.hex
17:30:58.752  ══════════════════════════════════════════════════
17:30:58.755  srfprog -t soc(XDS-L43003QX, CC1352P) -e all -p all -v rb -f "C:\Users\maxor\workspace_ccstheia\sck2400_merged.hex"
17:31:04.627  Texas Instruments SmartRF Flash Programmer 2 v1.8.2-windows
17:31:04.630  -------------------------------------------------------------------------------
17:31:04.633  Connected over 2-pin cJTAG.
17:31:04.635  Reading file: C:\Users\maxor\workspace_ccstheia\sck2400_merged.hex.
17:31:04.638  Start flash erase ...
17:31:04.641  OK
17:31:04.645  Start flash programming ...
17:31:04.649  0%0%4%9%13%97%99%100%
17:31:04.653  OK
17:31:04.655  Start flash verify ...
17:31:04.658  0%0%
17:31:04.661  Page: 0 verified OK.2%
17:31:04.664  Skip verification of unassigned page: 1.4%
17:31:04.666  Page: 2 verified OK.6%
17:31:04.669  Page: 3 verified OK.9%
17:31:04.672  Page: 4 verified OK.11%
17:31:04.695  Page: 5 verified OK.13%
17:31:04.699  Page: 6 verified OK.15%
17:31:04.701  Skip verification of unassigned page: 7.18%
17:31:04.704  Skip verification of unassigned page: 8.20%
17:31:04.707  Skip verification of unassigned page: 9.22%
17:31:04.709  Skip verification of unassigned page: 10.25%
17:31:04.712  Skip verification of unassigned page: 11.27%
17:31:04.715  Skip verification of unassigned page: 12.29%
17:31:04.717  Skip verification of unassigned page: 13.31%
17:31:04.720  Skip verification of unassigned page: 14.34%
17:31:04.725  Skip verification of unassigned page: 15.36%
17:31:04.727  Skip verification of unassigned page: 16.38%
17:31:04.730  Skip verification of unassigned page: 17.40%
17:31:04.733  Skip verification of unassigned page: 18.43%
17:31:04.735  Skip verification of unassigned page: 19.45%
17:31:04.738  Skip verification of unassigned page: 20.47%
17:31:04.741  Skip verification of unassigned page: 21.50%
17:31:04.743  Skip verification of unassigned page: 22.52%
17:31:04.746  Skip verification of unassigned page: 23.54%
17:31:04.749  Skip verification of unassigned page: 24.56%
17:31:04.752  Skip verification of unassigned page: 25.59%
17:31:04.755  Skip verification of unassigned page: 26.61%
17:31:04.758  Skip verification of unassigned page: 27.63%
17:31:04.760  Skip verification of unassigned page: 28.65%
17:31:04.790  Skip verification of unassigned page: 29.68%
17:31:04.793  Skip verification of unassigned page: 30.70%
17:31:04.796  Skip verification of unassigned page: 31.72%
17:31:04.799  Skip verification of unassigned page: 32.75%
17:31:04.801  Skip verification of unassigned page: 33.77%
17:31:04.804  Skip verification of unassigned page: 34.79%
17:31:04.807  Skip verification of unassigned page: 35.81%
17:31:04.811  Skip verification of unassigned page: 36.84%
17:31:04.814  Skip verification of unassigned page: 37.86%
17:31:04.817  Skip verification of unassigned page: 38.88%
17:31:04.821  Skip verification of unassigned page: 39.90%
17:31:04.824  Skip verification of unassigned page: 40.93%
17:31:04.826  Skip verification of unassigned page: 41.95%
17:31:04.829  Page: 42 verified OK.97%
17:31:04.832  Page: 43 verified OK.100%
17:31:04.835  OK
17:31:04.838  Reset target ...
17:31:04.842  OK
17:31:04.845  ✓ Flash complete — GS Board  (APID 0x010)
17:31:11.786    → TX [0000]  [CCSDS] get_telem seq=4 dest=0x010
17:31:16.906    ✗ No telem reply
17:32:16.170    → TX [0000]  [CCSDS] get_telem seq=5 dest=0x010
17:32:21.254    ✗ No telem reply
17:33:25.526  Serial port closed.
17:33:35.881  Not connected.
17:33:37.762  Connected: COM8 @ 921600
17:33:40.545    → TX [0000]  [CCSDS] get_telem seq=6 dest=0x010
17:33:45.750    ✗ No telem reply
17:36:18.726  XDS110 detected: Serial = L43003QX
17:36:18.766  ✓ Merged BIM + firmware → C:\Users\maxor\workspace_ccstheia\sck2400_merged.hex
17:36:18.783  ══════════════════════════════════════════════════
17:36:18.784    SCK-2400 Local Flash  →  GS Board  (APID 0x010)
17:36:18.785    XDS110: L43003QX
17:36:18.787    HEX: C:\Users\maxor\workspace_ccstheia\sck2400_merged.hex
17:36:18.788  ══════════════════════════════════════════════════
17:36:18.789  srfprog -t soc(XDS-L43003QX, CC1352P) -e all -p all -v rb -f "C:\Users\maxor\workspace_ccstheia\sck2400_merged.hex"
17:36:24.666  Texas Instruments SmartRF Flash Programmer 2 v1.8.2-windows
17:36:24.668  -------------------------------------------------------------------------------
17:36:24.669  Connected over 2-pin cJTAG.
17:36:24.670  Reading file: C:\Users\maxor\workspace_ccstheia\sck2400_merged.hex.
17:36:24.671  Start flash erase ...
17:36:24.672  OK
17:36:24.673  Start flash programming ...
17:36:24.674  0%0%4%9%13%97%99%100%
17:36:24.675  OK
17:36:24.676  Start flash verify ...
17:36:24.677  0%0%
17:36:24.678  Page: 0 verified OK.2%
17:36:24.679  Skip verification of unassigned page: 1.4%
17:36:24.680  Page: 2 verified OK.6%
17:36:24.681  Page: 3 verified OK.9%
17:36:24.682  Page: 4 verified OK.11%
17:36:24.683  Page: 5 verified OK.13%
17:36:24.685  Page: 6 verified OK.15%
17:36:24.686  Skip verification of unassigned page: 7.18%
17:36:24.693  Skip verification of unassigned page: 8.20%
17:36:24.696  Skip verification of unassigned page: 9.22%
17:36:24.698  Skip verification of unassigned page: 10.25%
17:36:24.701  Skip verification of unassigned page: 11.27%
17:36:24.703  Skip verification of unassigned page: 12.29%
17:36:24.706  Skip verification of unassigned page: 13.31%
17:36:24.708  Skip verification of unassigned page: 14.34%
17:36:24.710  Skip verification of unassigned page: 15.36%
17:36:24.713  Skip verification of unassigned page: 16.38%
17:36:24.715  Skip verification of unassigned page: 17.40%
17:36:24.717  Skip verification of unassigned page: 18.43%
17:36:24.720  Skip verification of unassigned page: 19.45%
17:36:24.722  Skip verification of unassigned page: 20.47%
17:36:24.724  Skip verification of unassigned page: 21.50%
17:36:24.726  Skip verification of unassigned page: 22.52%
17:36:24.729  Skip verification of unassigned page: 23.54%
17:36:24.731  Skip verification of unassigned page: 24.56%
17:36:24.733  Skip verification of unassigned page: 25.59%
17:36:24.736  Skip verification of unassigned page: 26.61%
17:36:24.738  Skip verification of unassigned page: 27.63%
17:36:24.741  Skip verification of unassigned page: 28.65%
17:36:24.743  Skip verification of unassigned page: 29.68%
17:36:24.746  Skip verification of unassigned page: 30.70%
17:36:24.748  Skip verification of unassigned page: 31.72%
17:36:24.751  Skip verification of unassigned page: 32.75%
17:36:24.753  Skip verification of unassigned page: 33.77%
17:36:24.755  Skip verification of unassigned page: 34.79%
17:36:24.758  Skip verification of unassigned page: 35.81%
17:36:24.760  Skip verification of unassigned page: 36.84%
17:36:24.762  Skip verification of unassigned page: 37.86%
17:36:24.765  Skip verification of unassigned page: 38.88%
17:36:24.767  Skip verification of unassigned page: 39.90%
17:36:24.770  Skip verification of unassigned page: 40.93%
17:36:24.773  Skip verification of unassigned page: 41.95%
17:36:24.776  Page: 42 verified OK.97%
17:36:24.778  Page: 43 verified OK.100%
17:36:24.781  OK
17:36:24.783  Reset target ...
17:36:24.785  OK
17:36:24.787  ✓ Flash complete — GS Board  (APID 0x010)
17:36:42.697    → TX [0000]  [CCSDS] get_telem seq=7 dest=0x010
17:36:47.866    ✗ No telem reply
17:50:39.512  RF Power: patched radio.h → TX_POWER = BENCH (0 dBm bench)
17:50:39.515  Board: patched ccsds.h → SCK_APID_THIS_BOARD = 0x010 (GS Board  (APID 0x010))
17:50:39.525  ══════════════════════════════════════════════════
17:50:39.526    SCK-2400 Build  →  GS Board  (APID 0x010)
17:50:39.527    SCK_APID_THIS_BOARD = 0x010
17:50:39.528    Build type: full
17:50:39.529  ══════════════════════════════════════════════════
17:50:42.806  # ================================================================================
17:50:42.811  # [Wed Jun 24 17:50:42 CDT 2026]: CCS headless build starting...
17:50:42.953  **** Clean-only build of configuration 'Debug' for project 'sck2400_firmware' ****
17:50:43.010  "C:\\ti\\ccs2051\\ccs\\utils\\bin\\gmake" -k -j 12 clean -r -O
17:50:43.237  DEL /F "syscfg\ti_radio_config.h" "syscfg\ti_drivers_config.h" "syscfg\ti_utils_build_linker.cmd.genlibs" "syscfg\ti_utils_build_linker.cmd.genmap" "syscfg\syscfg_c.rov.xs" "syscfg\ti_sysbios_config.h" "syscfg\ti_devices_config.c" "syscfg\ti_radio_config.c" "syscfg\ti_drivers_config.c" "syscfg\ti_utils_build_compiler.opt" "syscfg\ti_sysbios_config.c" "sck2400_firmware.out"
17:50:43.248  DEL /F "RFQueue.o" "ccsds.o" "main.o" "main_tirtos.o" "oad_flash_stub.o" "oad_image_header_app.o" "oad_task.o" "radio.o" "syscfg\ti_devices_config.o" "syscfg\ti_radio_config.o" "syscfg\ti_drivers_config.o" "syscfg\ti_sysbios_config.o" "telemetry.o" "uart.o"
17:50:43.249  DEL /F "RFQueue.d" "ccsds.d" "main.d" "main_tirtos.d" "oad_flash_stub.d" "oad_image_header_app.d" "oad_task.d" "radio.d" "syscfg\ti_devices_config.d" "syscfg\ti_radio_config.d" "syscfg\ti_drivers_config.d" "syscfg\ti_sysbios_config.d" "telemetry.d" "uart.d"
17:50:43.251  RMDIR /S/Q "syscfg"
17:50:43.341  **** Build finished ****
17:50:45.237  **** Build of configuration 'Debug' for project 'sck2400_firmware' ****
17:50:45.247  "C:\\ti\\ccs2051\\ccs\\utils\\bin\\gmake" -k -j 12 all -r -O
17:50:47.192  SysConfig - building file: "../sck2400.syscfg"
17:50:47.194  "C:/ti/sysconfig_1.21.1/sysconfig_cli.bat" -s "C:/ti/simplelink_cc13xx_cc26xx_sdk_8_32_00_07/.metadata/product.json" --script "C:/Users/maxor/workspace_ccstheia/sck2400_firmware/sck2400.syscfg" -o "syscfg" --compiler ticlang
17:50:47.196  Running script...
17:50:47.200  Validating...
17:50:47.203  warning: CONFIG_SPI_0(/ti/drivers/SPI) spi.pociPin: Connected to hardware
17:50:47.211  DIO8/14 is connected to LaunchPad SPI Bus on the CC1352P-2 LaunchPad. Consider selecting it in 'use hardware' above. Using a custom board?
17:50:47.215  warning: CONFIG_SPI_0(/ti/drivers/SPI) spi.csnPin: Connected to hardware
17:50:47.219  DIO20/38 is connected to MX25R8035F SPI Flash Chip Select on the CC1352P-2 LaunchPad. Consider selecting it in 'use hardware' above. Using a custom board?
17:50:47.222  0 error(s), 2 warning(s)
17:50:47.224  Generating Code (sck2400.syscfg)...
17:50:47.227  Writing C:\Users\maxor\workspace_ccstheia\sck2400_firmware\Debug\syscfg\ti_devices_config.c...
17:50:47.229  Writing C:\Users\maxor\workspace_ccstheia\sck2400_firmware\Debug\syscfg\ti_radio_config.c...
17:50:47.252  Writing C:\Users\maxor\workspace_ccstheia\sck2400_firmware\Debug\syscfg\ti_radio_config.h...
17:50:47.255  Writing C:\Users\maxor\workspace_ccstheia\sck2400_firmware\Debug\syscfg\ti_drivers_config.c...
17:50:47.258  Writing C:\Users\maxor\workspace_ccstheia\sck2400_firmware\Debug\syscfg\ti_drivers_config.h...
17:50:47.261  Writing C:\Users\maxor\workspace_ccstheia\sck2400_firmware\Debug\syscfg\ti_utils_build_linker.cmd.genlibs...
17:50:47.264  Writing C:\Users\maxor\workspace_ccstheia\sck2400_firmware\Debug\syscfg\ti_utils_build_linker.cmd.genmap...
17:50:47.268  Writing C:\Users\maxor\workspace_ccstheia\sck2400_firmware\Debug\syscfg\ti_utils_build_compiler.opt...
17:50:47.271  Writing C:\Users\maxor\workspace_ccstheia\sck2400_firmware\Debug\syscfg\syscfg_c.rov.xs...
17:50:47.274  Writing C:\Users\maxor\workspace_ccstheia\sck2400_firmware\Debug\syscfg\ti_sysbios_config.h...
17:50:47.277  Writing C:\Users\maxor\workspace_ccstheia\sck2400_firmware\Debug\syscfg\ti_sysbios_config.c...
17:50:47.280  Finished building: "../sck2400.syscfg"
17:50:47.399  Arm Compiler - building file: "../RFQueue.c"
17:50:47.403  "C:/ti/ti_cgt_arm_llvm_3.2.2.LTS/bin/tiarmclang.exe" -c -mcpu=cortex-m4 -mfloat-abi=hard -mfpu=fpv4-sp-d16 -mlittle-endian -mthumb -Oz -I"C:/Users/maxor/workspace_ccstheia/sck2400_firmware" -I"C:/Users/maxor/workspace_ccstheia/sck2400_firmware/Debug" -I"C:/ti/simplelink_cc13xx_cc26xx_sdk_8_32_00_07/source" -I"C:/ti/simplelink_cc13xx_cc26xx_sdk_8_32_00_07/kernel/tirtos7/packages" -I"C:/ti/simplelink_cc13xx_cc26xx_sdk_8_32_00_07/source/ti/posix/ticlang" -gdwarf-3 -march=armv7e-m -MMD -MP -MF"RFQueue.d_raw" -MT"RFQueue.o" -I"C:/Users/maxor/workspace_ccstheia/sck2400_firmware/Debug/syscfg"  @"syscfg/ti_utils_build_compiler.opt"  -o"RFQueue.o" "../RFQueue.c"
17:50:47.408  Finished building: "../RFQueue.c"
17:50:47.456  Arm Compiler - building file: "../ccsds.c"
17:50:47.460  "C:/ti/ti_cgt_arm_llvm_3.2.2.LTS/bin/tiarmclang.exe" -c -mcpu=cortex-m4 -mfloat-abi=hard -mfpu=fpv4-sp-d16 -mlittle-endian -mthumb -Oz -I"C:/Users/maxor/workspace_ccstheia/sck2400_firmware" -I"C:/Users/maxor/workspace_ccstheia/sck2400_firmware/Debug" -I"C:/ti/simplelink_cc13xx_cc26xx_sdk_8_32_00_07/source" -I"C:/ti/simplelink_cc13xx_cc26xx_sdk_8_32_00_07/kernel/tirtos7/packages" -I"C:/ti/simplelink_cc13xx_cc26xx_sdk_8_32_00_07/source/ti/posix/ticlang" -gdwarf-3 -march=armv7e-m -MMD -MP -MF"ccsds.d_raw" -MT"ccsds.o" -I"C:/Users/maxor/workspace_ccstheia/sck2400_firmware/Debug/syscfg"  @"syscfg/ti_utils_build_compiler.opt"  -o"ccsds.o" "../ccsds.c"
17:50:47.464  Finished building: "../ccsds.c"
17:50:47.544  Arm Compiler - building file: "../main_tirtos.c"
17:50:47.559  "C:/ti/ti_cgt_arm_llvm_3.2.2.LTS/bin/tiarmclang.exe" -c -mcpu=cortex-m4 -mfloat-abi=hard -mfpu=fpv4-sp-d16 -mlittle-endian -mthumb -Oz -I"C:/Users/maxor/workspace_ccstheia/sck2400_firmware" -I"C:/Users/maxor/workspace_ccstheia/sck2400_firmware/Debug" -I"C:/ti/simplelink_cc13xx_cc26xx_sdk_8_32_00_07/source" -I"C:/ti/simplelink_cc13xx_cc26xx_sdk_8_32_00_07/kernel/tirtos7/packages" -I"C:/ti/simplelink_cc13xx_cc26xx_sdk_8_32_00_07/source/ti/posix/ticlang" -gdwarf-3 -march=armv7e-m -MMD -MP -MF"main_tirtos.d_raw" -MT"main_tirtos.o" -I"C:/Users/maxor/workspace_ccstheia/sck2400_firmware/Debug/syscfg"  @"syscfg/ti_utils_build_compiler.opt"  -o"main_tirtos.o" "../main_tirtos.c"
17:50:47.564  Finished building: "../main_tirtos.c"
17:50:47.568  Arm Compiler - building file: "../main.c"
17:50:47.573  "C:/ti/ti_cgt_arm_llvm_3.2.2.LTS/bin/tiarmclang.exe" -c -mcpu=cortex-m4 -mfloat-abi=hard -mfpu=fpv4-sp-d16 -mlittle-endian -mthumb -Oz -I"C:/Users/maxor/workspace_ccstheia/sck2400_firmware" -I"C:/Users/maxor/workspace_ccstheia/sck2400_firmware/Debug" -I"C:/ti/simplelink_cc13xx_cc26xx_sdk_8_32_00_07/source" -I"C:/ti/simplelink_cc13xx_cc26xx_sdk_8_32_00_07/kernel/tirtos7/packages" -I"C:/ti/simplelink_cc13xx_cc26xx_sdk_8_32_00_07/source/ti/posix/ticlang" -gdwarf-3 -march=armv7e-m -MMD -MP -MF"main.d_raw" -MT"main.o" -I"C:/Users/maxor/workspace_ccstheia/sck2400_firmware/Debug/syscfg"  @"syscfg/ti_utils_build_compiler.opt"  -o"main.o" "../main.c"
17:50:47.578  Finished building: "../main.c"
17:50:47.623  Arm Compiler - building file: "../oad_flash_stub.c"
17:50:47.628  "C:/ti/ti_cgt_arm_llvm_3.2.2.LTS/bin/tiarmclang.exe" -c -mcpu=cortex-m4 -mfloat-abi=hard -mfpu=fpv4-sp-d16 -mlittle-endian -mthumb -Oz -I"C:/Users/maxor/workspace_ccstheia/sck2400_firmware" -I"C:/Users/maxor/workspace_ccstheia/sck2400_firmware/Debug" -I"C:/ti/simplelink_cc13xx_cc26xx_sdk_8_32_00_07/source" -I"C:/ti/simplelink_cc13xx_cc26xx_sdk_8_32_00_07/kernel/tirtos7/packages" -I"C:/ti/simplelink_cc13xx_cc26xx_sdk_8_32_00_07/source/ti/posix/ticlang" -gdwarf-3 -march=armv7e-m -MMD -MP -MF"oad_flash_stub.d_raw" -MT"oad_flash_stub.o" -I"C:/Users/maxor/workspace_ccstheia/sck2400_firmware/Debug/syscfg"  @"syscfg/ti_utils_build_compiler.opt"  -o"oad_flash_stub.o" "../oad_flash_stub.c"
17:50:47.634  Finished building: "../oad_flash_stub.c"
17:50:47.638  Arm Compiler - building file: "../oad_image_header_app.c"
17:50:47.642  "C:/ti/ti_cgt_arm_llvm_3.2.2.LTS/bin/tiarmclang.exe" -c -mcpu=cortex-m4 -mfloat-abi=hard -mfpu=fpv4-sp-d16 -mlittle-endian -mthumb -Oz -I"C:/Users/maxor/workspace_ccstheia/sck2400_firmware" -I"C:/Users/maxor/workspace_ccstheia/sck2400_firmware/Debug" -I"C:/ti/simplelink_cc13xx_cc26xx_sdk_8_32_00_07/source" -I"C:/ti/simplelink_cc13xx_cc26xx_sdk_8_32_00_07/kernel/tirtos7/packages" -I"C:/ti/simplelink_cc13xx_cc26xx_sdk_8_32_00_07/source/ti/posix/ticlang" -gdwarf-3 -march=armv7e-m -MMD -MP -MF"oad_image_header_app.d_raw" -MT"oad_image_header_app.o" -I"C:/Users/maxor/workspace_ccstheia/sck2400_firmware/Debug/syscfg"  @"syscfg/ti_utils_build_compiler.opt"  -o"oad_image_header_app.o" "../oad_image_header_app.c"
17:50:47.647  Finished building: "../oad_image_header_app.c"
17:50:47.872  Arm Compiler - building file: "../oad_task.c"
17:50:47.876  "C:/ti/ti_cgt_arm_llvm_3.2.2.LTS/bin/tiarmclang.exe" -c -mcpu=cortex-m4 -mfloat-abi=hard -mfpu=fpv4-sp-d16 -mlittle-endian -mthumb -Oz -I"C:/Users/maxor/workspace_ccstheia/sck2400_firmware" -I"C:/Users/maxor/workspace_ccstheia/sck2400_firmware/Debug" -I"C:/ti/simplelink_cc13xx_cc26xx_sdk_8_32_00_07/source" -I"C:/ti/simplelink_cc13xx_cc26xx_sdk_8_32_00_07/kernel/tirtos7/packages" -I"C:/ti/simplelink_cc13xx_cc26xx_sdk_8_32_00_07/source/ti/posix/ticlang" -gdwarf-3 -march=armv7e-m -MMD -MP -MF"oad_task.d_raw" -MT"oad_task.o" -I"C:/Users/maxor/workspace_ccstheia/sck2400_firmware/Debug/syscfg"  @"syscfg/ti_utils_build_compiler.opt"  -o"oad_task.o" "../oad_task.c"
17:50:47.880  Finished building: "../oad_task.c"
17:50:47.884  Arm Compiler - building file: "syscfg/ti_devices_config.c"
17:50:47.888  "C:/ti/ti_cgt_arm_llvm_3.2.2.LTS/bin/tiarmclang.exe" -c -mcpu=cortex-m4 -mfloat-abi=hard -mfpu=fpv4-sp-d16 -mlittle-endian -mthumb -Oz -I"C:/Users/maxor/workspace_ccstheia/sck2400_firmware" -I"C:/Users/maxor/workspace_ccstheia/sck2400_firmware/Debug" -I"C:/ti/simplelink_cc13xx_cc26xx_sdk_8_32_00_07/source" -I"C:/ti/simplelink_cc13xx_cc26xx_sdk_8_32_00_07/kernel/tirtos7/packages" -I"C:/ti/simplelink_cc13xx_cc26xx_sdk_8_32_00_07/source/ti/posix/ticlang" -gdwarf-3 -march=armv7e-m -MMD -MP -MF"syscfg/ti_devices_config.d_raw" -MT"syscfg/ti_devices_config.o" -I"C:/Users/maxor/workspace_ccstheia/sck2400_firmware/Debug/syscfg"  @"syscfg/ti_utils_build_compiler.opt"  -o"syscfg/ti_devices_config.o" "syscfg/ti_devices_config.c"
17:50:47.894  Finished building: "syscfg/ti_devices_config.c"
17:50:47.954  Arm Compiler - building file: "syscfg/ti_radio_config.c"
17:50:47.959  "C:/ti/ti_cgt_arm_llvm_3.2.2.LTS/bin/tiarmclang.exe" -c -mcpu=cortex-m4 -mfloat-abi=hard -mfpu=fpv4-sp-d16 -mlittle-endian -mthumb -Oz -I"C:/Users/maxor/workspace_ccstheia/sck2400_firmware" -I"C:/Users/maxor/workspace_ccstheia/sck2400_firmware/Debug" -I"C:/ti/simplelink_cc13xx_cc26xx_sdk_8_32_00_07/source" -I"C:/ti/simplelink_cc13xx_cc26xx_sdk_8_32_00_07/kernel/tirtos7/packages" -I"C:/ti/simplelink_cc13xx_cc26xx_sdk_8_32_00_07/source/ti/posix/ticlang" -gdwarf-3 -march=armv7e-m -MMD -MP -MF"syscfg/ti_radio_config.d_raw" -MT"syscfg/ti_radio_config.o" -I"C:/Users/maxor/workspace_ccstheia/sck2400_firmware/Debug/syscfg"  @"syscfg/ti_utils_build_compiler.opt"  -o"syscfg/ti_radio_config.o" "syscfg/ti_radio_config.c"
17:50:47.964  Finished building: "syscfg/ti_radio_config.c"
17:50:47.968  Arm Compiler - building file: "../radio.c"
17:50:47.972  "C:/ti/ti_cgt_arm_llvm_3.2.2.LTS/bin/tiarmclang.exe" -c -mcpu=cortex-m4 -mfloat-abi=hard -mfpu=fpv4-sp-d16 -mlittle-endian -mthumb -Oz -I"C:/Users/maxor/workspace_ccstheia/sck2400_firmware" -I"C:/Users/maxor/workspace_ccstheia/sck2400_firmware/Debug" -I"C:/ti/simplelink_cc13xx_cc26xx_sdk_8_32_00_07/source" -I"C:/ti/simplelink_cc13xx_cc26xx_sdk_8_32_00_07/kernel/tirtos7/packages" -I"C:/ti/simplelink_cc13xx_cc26xx_sdk_8_32_00_07/source/ti/posix/ticlang" -gdwarf-3 -march=armv7e-m -MMD -MP -MF"radio.d_raw" -MT"radio.o" -I"C:/Users/maxor/workspace_ccstheia/sck2400_firmware/Debug/syscfg"  @"syscfg/ti_utils_build_compiler.opt"  -o"radio.o" "../radio.c"
17:50:47.977  Finished building: "../radio.c"
17:50:48.041  Arm Compiler - building file: "syscfg/ti_drivers_config.c"
17:50:48.045  "C:/ti/ti_cgt_arm_llvm_3.2.2.LTS/bin/tiarmclang.exe" -c -mcpu=cortex-m4 -mfloat-abi=hard -mfpu=fpv4-sp-d16 -mlittle-endian -mthumb -Oz -I"C:/Users/maxor/workspace_ccstheia/sck2400_firmware" -I"C:/Users/maxor/workspace_ccstheia/sck2400_firmware/Debug" -I"C:/ti/simplelink_cc13xx_cc26xx_sdk_8_32_00_07/source" -I"C:/ti/simplelink_cc13xx_cc26xx_sdk_8_32_00_07/kernel/tirtos7/packages" -I"C:/ti/simplelink_cc13xx_cc26xx_sdk_8_32_00_07/source/ti/posix/ticlang" -gdwarf-3 -march=armv7e-m -MMD -MP -MF"syscfg/ti_drivers_config.d_raw" -MT"syscfg/ti_drivers_config.o" -I"C:/Users/maxor/workspace_ccstheia/sck2400_firmware/Debug/syscfg"  @"syscfg/ti_utils_build_compiler.opt"  -o"syscfg/ti_drivers_config.o" "syscfg/ti_drivers_config.c"
17:50:48.049  Finished building: "syscfg/ti_drivers_config.c"
17:50:48.192  Arm Compiler - building file: "../telemetry.c"
17:50:48.197  "C:/ti/ti_cgt_arm_llvm_3.2.2.LTS/bin/tiarmclang.exe" -c -mcpu=cortex-m4 -mfloat-abi=hard -mfpu=fpv4-sp-d16 -mlittle-endian -mthumb -Oz -I"C:/Users/maxor/workspace_ccstheia/sck2400_firmware" -I"C:/Users/maxor/workspace_ccstheia/sck2400_firmware/Debug" -I"C:/ti/simplelink_cc13xx_cc26xx_sdk_8_32_00_07/source" -I"C:/ti/simplelink_cc13xx_cc26xx_sdk_8_32_00_07/kernel/tirtos7/packages" -I"C:/ti/simplelink_cc13xx_cc26xx_sdk_8_32_00_07/source/ti/posix/ticlang" -gdwarf-3 -march=armv7e-m -MMD -MP -MF"telemetry.d_raw" -MT"telemetry.o" -I"C:/Users/maxor/workspace_ccstheia/sck2400_firmware/Debug/syscfg"  @"syscfg/ti_utils_build_compiler.opt"  -o"telemetry.o" "../telemetry.c"
17:50:48.217  Finished building: "../telemetry.c"
17:50:48.337  Arm Compiler - building file: "../uart.c"
17:50:48.341  "C:/ti/ti_cgt_arm_llvm_3.2.2.LTS/bin/tiarmclang.exe" -c -mcpu=cortex-m4 -mfloat-abi=hard -mfpu=fpv4-sp-d16 -mlittle-endian -mthumb -Oz -I"C:/Users/maxor/workspace_ccstheia/sck2400_firmware" -I"C:/Users/maxor/workspace_ccstheia/sck2400_firmware/Debug" -I"C:/ti/simplelink_cc13xx_cc26xx_sdk_8_32_00_07/source" -I"C:/ti/simplelink_cc13xx_cc26xx_sdk_8_32_00_07/kernel/tirtos7/packages" -I"C:/ti/simplelink_cc13xx_cc26xx_sdk_8_32_00_07/source/ti/posix/ticlang" -gdwarf-3 -march=armv7e-m -MMD -MP -MF"uart.d_raw" -MT"uart.o" -I"C:/Users/maxor/workspace_ccstheia/sck2400_firmware/Debug/syscfg"  @"syscfg/ti_utils_build_compiler.opt"  -o"uart.o" "../uart.c"
17:50:48.346  ../uart.c:648:31: warning: call to undeclared function 'usleep'; ISO C99 and later do not support implicit function declarations [-Wimplicit-function-declaration]
17:50:48.350  if (bytesRead == 0) { usleep(1000); elapsed++; continue; }
17:50:48.354  ^
17:50:48.356  1 warning generated.
17:50:48.359  Finished building: "../uart.c"
17:50:49.402  Arm Compiler - building file: "syscfg/ti_sysbios_config.c"
17:50:49.405  "C:/ti/ti_cgt_arm_llvm_3.2.2.LTS/bin/tiarmclang.exe" -c -mcpu=cortex-m4 -mfloat-abi=hard -mfpu=fpv4-sp-d16 -mlittle-endian -mthumb -Oz -I"C:/Users/maxor/workspace_ccstheia/sck2400_firmware" -I"C:/Users/maxor/workspace_ccstheia/sck2400_firmware/Debug" -I"C:/ti/simplelink_cc13xx_cc26xx_sdk_8_32_00_07/source" -I"C:/ti/simplelink_cc13xx_cc26xx_sdk_8_32_00_07/kernel/tirtos7/packages" -I"C:/ti/simplelink_cc13xx_cc26xx_sdk_8_32_00_07/source/ti/posix/ticlang" -gdwarf-3 -march=armv7e-m -MMD -MP -MF"syscfg/ti_sysbios_config.d_raw" -MT"syscfg/ti_sysbios_config.o" -I"C:/Users/maxor/workspace_ccstheia/sck2400_firmware/Debug/syscfg"  @"syscfg/ti_utils_build_compiler.opt"  -o"syscfg/ti_sysbios_config.o" "syscfg/ti_sysbios_config.c"
17:50:49.409  Finished building: "syscfg/ti_sysbios_config.c"
17:50:49.450  Arm Linker - building target: "sck2400_firmware.out"
17:50:49.454  "C:/ti/ti_cgt_arm_llvm_3.2.2.LTS/bin/tiarmclang.exe" -mcpu=cortex-m4 -mfloat-abi=hard -mfpu=fpv4-sp-d16 -mlittle-endian -mthumb -Oz -gdwarf-3 -march=armv7e-m -Wl,-m"sck2400_firmware.map" -Wl,-i"C:/ti/simplelink_cc13xx_cc26xx_sdk_8_32_00_07/source" -Wl,-i"C:/ti/simplelink_cc13xx_cc26xx_sdk_8_32_00_07/kernel/tirtos7/packages" -Wl,-i"C:/Users/maxor/workspace_ccstheia/sck2400_firmware/Debug/syscfg" -Wl,-i"C:/ti/ti_cgt_arm_llvm_3.2.2.LTS/lib" -Wl,--diag_wrap=off -Wl,--display_error_number -Wl,--warn_sections -Wl,--xml_link_info="sck2400_firmware_linkInfo.xml" -Wl,--rom_model -o "sck2400_firmware.out" "./RFQueue.o" "./ccsds.o" "./main.o" "./main_tirtos.o" "./oad_flash_stub.o" "./oad_image_header_app.o" "./oad_task.o" "./radio.o" "./syscfg/ti_devices_config.o" "./syscfg/ti_radio_config.o" "./syscfg/ti_drivers_config.o" "./syscfg/ti_sysbios_config.o" "./telemetry.o" "./uart.o" "../cc13x2_cc26x2_tirtos7.cmd"  -Wl,-lti_utils_build_linker.cmd.genlibs -Wl,-llibc.a
17:50:50.011  Finished building target: "sck2400_firmware.out"
17:50:50.063  "C:/ti/ti_cgt_arm_llvm_3.2.2.LTS/bin/tiarmhex" -order MS --memwidth=8 --romwidth=8 --intel -o "sck2400_firmware.hex" "sck2400_firmware"
17:50:50.076  Translating to Intel format...
17:50:50.079  "sck2400_firmware.out" .image_header ==> .image_header
17:50:50.081  "sck2400_firmware.out" .text ==> .text
17:50:50.084  "sck2400_firmware.out" .rodata ==> .rodata
17:50:50.087  "sck2400_firmware.out" .resetVecs ==> .resetVecs
17:50:50.090  "sck2400_firmware.out" .oad_entry_vec ==> .oad_entry_vec
17:50:50.092  "sck2400_firmware.out" .args ==> .args
17:50:50.095  "sck2400_firmware.out" .cinit ==> .cinit
17:50:50.097  "sck2400_firmware.out" .ccfg ==> .ccfg
17:50:50.176  **** Build finished ****
17:50:50.297  # ----------------------------------------
17:50:50.301  # Problem summary for project 'sck2400_firmware': 0 errors, 3 warnings
17:50:50.304  Warning: sck2400.syscfg [CONFIG_SPI_0(/ti/drivers/SPI) spi.pociPin]: Connected to hardware
17:50:50.308  Warning: sck2400.syscfg [CONFIG_SPI_0(/ti/drivers/SPI) spi.csnPin]: Connected to hardware
17:50:50.312  Warning: uart.c [line 648]: call to undeclared function 'usleep'; ISO C99 and later do not support implicit function declarations [-Wimplicit-function-declaration]
17:50:50.316  # --------------------------------------------------------------------------------
17:50:50.320  # [Wed Jun 24 17:50:50 CDT 2026]: CCS headless build complete - 0 out of 1 projects have errors
17:50:50.666  ✓ Build succeeded: C:\Users\maxor\workspace_ccstheia\sck2400_firmware\Debug\sck2400_firmware.hex
17:50:50.669    Board: GS Board  (APID 0x010)  APID: 0x010
17:50:50.673  OAD patch: reading oad_entry_vec address from map file...
17:50:50.676  OAD patch: oad_entry_vec at 0x0000DAAC (summary table)
17:50:50.679  OAD patch: computed image len = 0x00009D4C (end=0x0000DD4C)
17:50:50.682  OAD patch: .prgEntry already 0x0000DAAC or pattern not found.
17:50:50.684  OAD patch: .len already 0x00009D4C or pattern not found.
17:50:50.688  OAD patch: deleted stale oad_image_header_app.o
17:50:50.691  OAD patch: incremental rebuild to bake prgEntry...
17:50:54.005  # ================================================================================
17:50:54.010  # [Wed Jun 24 17:50:54 CDT 2026]: CCS headless build starting...
17:50:56.122  **** Build of configuration 'Debug' for project 'sck2400_firmware' ****
17:50:56.167  "C:\\ti\\ccs2051\\ccs\\utils\\bin\\gmake" -k -j 12 all -r -O
17:50:56.362  Arm Compiler - building file: "../oad_image_header_app.c"
17:50:56.366  "C:/ti/ti_cgt_arm_llvm_3.2.2.LTS/bin/tiarmclang.exe" -c -mcpu=cortex-m4 -mfloat-abi=hard -mfpu=fpv4-sp-d16 -mlittle-endian -mthumb -Oz -I"C:/Users/maxor/workspace_ccstheia/sck2400_firmware" -I"C:/Users/maxor/workspace_ccstheia/sck2400_firmware/Debug" -I"C:/ti/simplelink_cc13xx_cc26xx_sdk_8_32_00_07/source" -I"C:/ti/simplelink_cc13xx_cc26xx_sdk_8_32_00_07/kernel/tirtos7/packages" -I"C:/ti/simplelink_cc13xx_cc26xx_sdk_8_32_00_07/source/ti/posix/ticlang" -gdwarf-3 -march=armv7e-m -MMD -MP -MF"oad_image_header_app.d_raw" -MT"oad_image_header_app.o" -I"C:/Users/maxor/workspace_ccstheia/sck2400_firmware/Debug/syscfg"  @"syscfg/ti_utils_build_compiler.opt"  -o"oad_image_header_app.o" "../oad_image_header_app.c"
17:50:56.371  Finished building: "../oad_image_header_app.c"
17:50:56.420  Arm Linker - building target: "sck2400_firmware.out"
17:50:56.425  "C:/ti/ti_cgt_arm_llvm_3.2.2.LTS/bin/tiarmclang.exe" -mcpu=cortex-m4 -mfloat-abi=hard -mfpu=fpv4-sp-d16 -mlittle-endian -mthumb -Oz -gdwarf-3 -march=armv7e-m -Wl,-m"sck2400_firmware.map" -Wl,-i"C:/ti/simplelink_cc13xx_cc26xx_sdk_8_32_00_07/source" -Wl,-i"C:/ti/simplelink_cc13xx_cc26xx_sdk_8_32_00_07/kernel/tirtos7/packages" -Wl,-i"C:/Users/maxor/workspace_ccstheia/sck2400_firmware/Debug/syscfg" -Wl,-i"C:/ti/ti_cgt_arm_llvm_3.2.2.LTS/lib" -Wl,--diag_wrap=off -Wl,--display_error_number -Wl,--warn_sections -Wl,--xml_link_info="sck2400_firmware_linkInfo.xml" -Wl,--rom_model -o "sck2400_firmware.out" "./RFQueue.o" "./ccsds.o" "./main.o" "./main_tirtos.o" "./oad_flash_stub.o" "./oad_image_header_app.o" "./oad_task.o" "./radio.o" "./syscfg/ti_devices_config.o" "./syscfg/ti_radio_config.o" "./syscfg/ti_drivers_config.o" "./syscfg/ti_sysbios_config.o" "./telemetry.o" "./uart.o" "../cc13x2_cc26x2_tirtos7.cmd"  -Wl,-lti_utils_build_linker.cmd.genlibs -Wl,-llibc.a
17:50:56.979  Finished building target: "sck2400_firmware.out"
17:50:57.034  "C:/ti/ti_cgt_arm_llvm_3.2.2.LTS/bin/tiarmhex" -order MS --memwidth=8 --romwidth=8 --intel -o "sck2400_firmware.hex" "sck2400_firmware"
17:50:57.046  Translating to Intel format...
17:50:57.051  "sck2400_firmware.out" .image_header ==> .image_header
17:50:57.055  "sck2400_firmware.out" .text ==> .text
17:50:57.059  "sck2400_firmware.out" .rodata ==> .rodata
17:50:57.083  "sck2400_firmware.out" .resetVecs ==> .resetVecs
17:50:57.087  "sck2400_firmware.out" .oad_entry_vec ==> .oad_entry_vec
17:50:57.091  "sck2400_firmware.out" .args ==> .args
17:50:57.094  "sck2400_firmware.out" .cinit ==> .cinit
17:50:57.097  "sck2400_firmware.out" .ccfg ==> .ccfg
17:50:57.170  **** Build finished ****
17:50:57.210  # ----------------------------------------
17:50:57.214  # Problem summary for project 'sck2400_firmware': 0 errors, 3 warnings
17:50:57.218  Warning: sck2400.syscfg [CONFIG_SPI_0(/ti/drivers/SPI) spi.pociPin]: Connected to hardware
17:50:57.222  Warning: sck2400.syscfg [CONFIG_SPI_0(/ti/drivers/SPI) spi.csnPin]: Connected to hardware
17:50:57.225  Warning: uart.c [line 648]: call to undeclared function 'usleep'; ISO C99 and later do not support implicit function declarations [-Wimplicit-function-declaration]
17:50:57.229  # --------------------------------------------------------------------------------
17:50:57.233  # [Wed Jun 24 17:50:57 CDT 2026]: CCS headless build complete - 0 out of 1 projects have errors
17:50:57.609  OAD patch: rebuild OK — prgEntry = 0x0000DAAC
17:51:02.817  XDS110 detected: Serial = L43003QX
17:51:02.850  ✓ Merged BIM + firmware → C:\Users\maxor\workspace_ccstheia\sck2400_merged.hex
17:51:02.870  ══════════════════════════════════════════════════
17:51:02.872    SCK-2400 Local Flash  →  GS Board  (APID 0x010)
17:51:02.875    XDS110: L43003QX
17:51:02.877    HEX: C:\Users\maxor\workspace_ccstheia\sck2400_merged.hex
17:51:02.880  ══════════════════════════════════════════════════
17:51:02.883  srfprog -t soc(XDS-L43003QX, CC1352P) -e all -p all -v rb -f "C:\Users\maxor\workspace_ccstheia\sck2400_merged.hex"
17:51:08.684  Texas Instruments SmartRF Flash Programmer 2 v1.8.2-windows
17:51:08.703  -------------------------------------------------------------------------------
17:51:08.706  Connected over 2-pin cJTAG.
17:51:08.708  Reading file: C:\Users\maxor\workspace_ccstheia\sck2400_merged.hex.
17:51:08.711  Start flash erase ...
17:51:08.714  OK
17:51:08.716  Start flash programming ...
17:51:08.720  0%0%4%9%13%97%99%100%
17:51:08.723  OK
17:51:08.726  Start flash verify ...
17:51:08.730  0%0%
17:51:08.733  Page: 0 verified OK.2%
17:51:08.736  Skip verification of unassigned page: 1.4%
17:51:08.739  Page: 2 verified OK.6%
17:51:08.741  Page: 3 verified OK.9%
17:51:08.744  Page: 4 verified OK.11%
17:51:08.747  Page: 5 verified OK.13%
17:51:08.751  Page: 6 verified OK.15%
17:51:08.755  Skip verification of unassigned page: 7.18%
17:51:08.760  Skip verification of unassigned page: 8.20%
17:51:08.764  Skip verification of unassigned page: 9.22%
17:51:08.767  Skip verification of unassigned page: 10.25%
17:51:08.770  Skip verification of unassigned page: 11.27%
17:51:08.773  Skip verification of unassigned page: 12.29%
17:51:08.776  Skip verification of unassigned page: 13.31%
17:51:08.801  Skip verification of unassigned page: 14.34%
17:51:08.805  Skip verification of unassigned page: 15.36%
17:51:08.807  Skip verification of unassigned page: 16.38%
17:51:08.810  Skip verification of unassigned page: 17.40%
17:51:08.813  Skip verification of unassigned page: 18.43%
17:51:08.816  Skip verification of unassigned page: 19.45%
17:51:08.818  Skip verification of unassigned page: 20.47%
17:51:08.821  Skip verification of unassigned page: 21.50%
17:51:08.824  Skip verification of unassigned page: 22.52%
17:51:08.826  Skip verification of unassigned page: 23.54%
17:51:08.829  Skip verification of unassigned page: 24.56%
17:51:08.832  Skip verification of unassigned page: 25.59%
17:51:08.834  Skip verification of unassigned page: 26.61%
17:51:08.837  Skip verification of unassigned page: 27.63%
17:51:08.840  Skip verification of unassigned page: 28.65%
17:51:08.843  Skip verification of unassigned page: 29.68%
17:51:08.845  Skip verification of unassigned page: 30.70%
17:51:08.848  Skip verification of unassigned page: 31.72%
17:51:08.851  Skip verification of unassigned page: 32.75%
17:51:08.854  Skip verification of unassigned page: 33.77%
17:51:08.856  Skip verification of unassigned page: 34.79%
17:51:08.859  Skip verification of unassigned page: 35.81%
17:51:08.862  Skip verification of unassigned page: 36.84%
17:51:08.865  Skip verification of unassigned page: 37.86%
17:51:08.887  Skip verification of unassigned page: 38.88%
17:51:08.889  Skip verification of unassigned page: 39.90%
17:51:08.892  Skip verification of unassigned page: 40.93%
17:51:08.895  Skip verification of unassigned page: 41.95%
17:51:08.898  Page: 42 verified OK.97%
17:51:08.901  Page: 43 verified OK.100%
17:51:08.904  OK
17:51:08.906  Reset target ...
17:51:08.909  OK
17:51:08.912  ✓ Flash complete — GS Board  (APID 0x010)
17:51:15.998    → TX [0000]  [CCSDS] get_telem seq=8 dest=0x010
17:51:21.118    ✗ No telem reply
17:51:33.174    → TX [0000]  [CCSDS] get_telem seq=9 dest=0x010
17:51:38.318    ✗ No telem reply
17:51:57.750    → TX [0000]  [CCSDS] get_telem seq=10 dest=0x010
17:52:02.918    ✗ No telem reply
17:52:06.942    → TX [0000]  [CCSDS] get_telem seq=11 dest=0x010
17:52:12.068    ✗ No telem reply
17:54:27.823  RF Power: patched radio.h → TX_POWER = BENCH (0 dBm bench)
17:54:27.826  Board: patched ccsds.h → SCK_APID_THIS_BOARD = 0x010 (GS Board  (APID 0x010))
17:54:27.835  ══════════════════════════════════════════════════
17:54:27.836    SCK-2400 Build  →  GS Board  (APID 0x010)
17:54:27.837    SCK_APID_THIS_BOARD = 0x010
17:54:27.838    Build type: full
17:54:27.839  ══════════════════════════════════════════════════
17:54:31.134  # ================================================================================
17:54:31.144  # [Wed Jun 24 17:54:31 CDT 2026]: CCS headless build starting...
17:54:31.379  **** Clean-only build of configuration 'Debug' for project 'sck2400_firmware' ****
17:54:31.455  "C:\\ti\\ccs2051\\ccs\\utils\\bin\\gmake" -k -j 12 clean -r -O
17:54:31.701  DEL /F "syscfg\ti_radio_config.h" "syscfg\ti_drivers_config.h" "syscfg\ti_utils_build_linker.cmd.genlibs" "syscfg\ti_utils_build_linker.cmd.genmap" "syscfg\syscfg_c.rov.xs" "syscfg\ti_sysbios_config.h" "syscfg\ti_devices_config.c" "syscfg\ti_radio_config.c" "syscfg\ti_drivers_config.c" "syscfg\ti_utils_build_compiler.opt" "syscfg\ti_sysbios_config.c" "sck2400_firmware.out"
17:54:31.708  DEL /F "RFQueue.o" "ccsds.o" "main.o" "main_tirtos.o" "oad_flash_stub.o" "oad_image_header_app.o" "oad_task.o" "radio.o" "syscfg\ti_devices_config.o" "syscfg\ti_radio_config.o" "syscfg\ti_drivers_config.o" "syscfg\ti_sysbios_config.o" "telemetry.o" "uart.o"
17:54:31.709  DEL /F "RFQueue.d" "ccsds.d" "main.d" "main_tirtos.d" "oad_flash_stub.d" "oad_image_header_app.d" "oad_task.d" "radio.d" "syscfg\ti_devices_config.d" "syscfg\ti_radio_config.d" "syscfg\ti_drivers_config.d" "syscfg\ti_sysbios_config.d" "telemetry.d" "uart.d"
17:54:31.710  RMDIR /S/Q "syscfg"
17:54:31.770  **** Build finished ****
17:54:33.796  **** Build of configuration 'Debug' for project 'sck2400_firmware' ****
17:54:33.807  "C:\\ti\\ccs2051\\ccs\\utils\\bin\\gmake" -k -j 12 all -r -O
17:54:36.052  SysConfig - building file: "../sck2400.syscfg"
17:54:36.054  "C:/ti/sysconfig_1.21.1/sysconfig_cli.bat" -s "C:/ti/simplelink_cc13xx_cc26xx_sdk_8_32_00_07/.metadata/product.json" --script "C:/Users/maxor/workspace_ccstheia/sck2400_firmware/sck2400.syscfg" -o "syscfg" --compiler ticlang
17:54:36.057  Running script...
17:54:36.061  Validating...
17:54:36.065  warning: CONFIG_SPI_0(/ti/drivers/SPI) spi.pociPin: Connected to hardware
17:54:36.077  DIO8/14 is connected to LaunchPad SPI Bus on the CC1352P-2 LaunchPad. Consider selecting it in 'use hardware' above. Using a custom board?
17:54:36.080  warning: CONFIG_SPI_0(/ti/drivers/SPI) spi.csnPin: Connected to hardware
17:54:36.085  DIO20/38 is connected to MX25R8035F SPI Flash Chip Select on the CC1352P-2 LaunchPad. Consider selecting it in 'use hardware' above. Using a custom board?
17:54:36.090  0 error(s), 2 warning(s)
17:54:36.094  Generating Code (sck2400.syscfg)...
17:54:36.097  Writing C:\Users\maxor\workspace_ccstheia\sck2400_firmware\Debug\syscfg\ti_devices_config.c...
17:54:36.102  Writing C:\Users\maxor\workspace_ccstheia\sck2400_firmware\Debug\syscfg\ti_radio_config.c...
17:54:36.105  Writing C:\Users\maxor\workspace_ccstheia\sck2400_firmware\Debug\syscfg\ti_radio_config.h...
17:54:36.109  Writing C:\Users\maxor\workspace_ccstheia\sck2400_firmware\Debug\syscfg\ti_drivers_config.c...
17:54:36.112  Writing C:\Users\maxor\workspace_ccstheia\sck2400_firmware\Debug\syscfg\ti_drivers_config.h...
17:54:36.117  Writing C:\Users\maxor\workspace_ccstheia\sck2400_firmware\Debug\syscfg\ti_utils_build_linker.cmd.genlibs...
17:54:36.120  Writing C:\Users\maxor\workspace_ccstheia\sck2400_firmware\Debug\syscfg\ti_utils_build_linker.cmd.genmap...
17:54:36.124  Writing C:\Users\maxor\workspace_ccstheia\sck2400_firmware\Debug\syscfg\ti_utils_build_compiler.opt...
17:54:36.127  Writing C:\Users\maxor\workspace_ccstheia\sck2400_firmware\Debug\syscfg\syscfg_c.rov.xs...
17:54:36.132  Writing C:\Users\maxor\workspace_ccstheia\sck2400_firmware\Debug\syscfg\ti_sysbios_config.h...
17:54:36.137  Writing C:\Users\maxor\workspace_ccstheia\sck2400_firmware\Debug\syscfg\ti_sysbios_config.c...
17:54:36.141  Finished building: "../sck2400.syscfg"
17:54:36.285  Arm Compiler - building file: "../RFQueue.c"
17:54:36.290  "C:/ti/ti_cgt_arm_llvm_3.2.2.LTS/bin/tiarmclang.exe" -c -mcpu=cortex-m4 -mfloat-abi=hard -mfpu=fpv4-sp-d16 -mlittle-endian -mthumb -Oz -I"C:/Users/maxor/workspace_ccstheia/sck2400_firmware" -I"C:/Users/maxor/workspace_ccstheia/sck2400_firmware/Debug" -I"C:/ti/simplelink_cc13xx_cc26xx_sdk_8_32_00_07/source" -I"C:/ti/simplelink_cc13xx_cc26xx_sdk_8_32_00_07/kernel/tirtos7/packages" -I"C:/ti/simplelink_cc13xx_cc26xx_sdk_8_32_00_07/source/ti/posix/ticlang" -gdwarf-3 -march=armv7e-m -MMD -MP -MF"RFQueue.d_raw" -MT"RFQueue.o" -I"C:/Users/maxor/workspace_ccstheia/sck2400_firmware/Debug/syscfg"  @"syscfg/ti_utils_build_compiler.opt"  -o"RFQueue.o" "../RFQueue.c"
17:54:36.295  Finished building: "../RFQueue.c"
17:54:36.352  Arm Compiler - building file: "../ccsds.c"
17:54:36.355  "C:/ti/ti_cgt_arm_llvm_3.2.2.LTS/bin/tiarmclang.exe" -c -mcpu=cortex-m4 -mfloat-abi=hard -mfpu=fpv4-sp-d16 -mlittle-endian -mthumb -Oz -I"C:/Users/maxor/workspace_ccstheia/sck2400_firmware" -I"C:/Users/maxor/workspace_ccstheia/sck2400_firmware/Debug" -I"C:/ti/simplelink_cc13xx_cc26xx_sdk_8_32_00_07/source" -I"C:/ti/simplelink_cc13xx_cc26xx_sdk_8_32_00_07/kernel/tirtos7/packages" -I"C:/ti/simplelink_cc13xx_cc26xx_sdk_8_32_00_07/source/ti/posix/ticlang" -gdwarf-3 -march=armv7e-m -MMD -MP -MF"ccsds.d_raw" -MT"ccsds.o" -I"C:/Users/maxor/workspace_ccstheia/sck2400_firmware/Debug/syscfg"  @"syscfg/ti_utils_build_compiler.opt"  -o"ccsds.o" "../ccsds.c"
17:54:36.360  Finished building: "../ccsds.c"
17:54:36.449  Arm Compiler - building file: "../main_tirtos.c"
17:54:36.455  "C:/ti/ti_cgt_arm_llvm_3.2.2.LTS/bin/tiarmclang.exe" -c -mcpu=cortex-m4 -mfloat-abi=hard -mfpu=fpv4-sp-d16 -mlittle-endian -mthumb -Oz -I"C:/Users/maxor/workspace_ccstheia/sck2400_firmware" -I"C:/Users/maxor/workspace_ccstheia/sck2400_firmware/Debug" -I"C:/ti/simplelink_cc13xx_cc26xx_sdk_8_32_00_07/source" -I"C:/ti/simplelink_cc13xx_cc26xx_sdk_8_32_00_07/kernel/tirtos7/packages" -I"C:/ti/simplelink_cc13xx_cc26xx_sdk_8_32_00_07/source/ti/posix/ticlang" -gdwarf-3 -march=armv7e-m -MMD -MP -MF"main_tirtos.d_raw" -MT"main_tirtos.o" -I"C:/Users/maxor/workspace_ccstheia/sck2400_firmware/Debug/syscfg"  @"syscfg/ti_utils_build_compiler.opt"  -o"main_tirtos.o" "../main_tirtos.c"
17:54:36.459  Finished building: "../main_tirtos.c"
17:54:36.463  Arm Compiler - building file: "../main.c"
17:54:36.466  "C:/ti/ti_cgt_arm_llvm_3.2.2.LTS/bin/tiarmclang.exe" -c -mcpu=cortex-m4 -mfloat-abi=hard -mfpu=fpv4-sp-d16 -mlittle-endian -mthumb -Oz -I"C:/Users/maxor/workspace_ccstheia/sck2400_firmware" -I"C:/Users/maxor/workspace_ccstheia/sck2400_firmware/Debug" -I"C:/ti/simplelink_cc13xx_cc26xx_sdk_8_32_00_07/source" -I"C:/ti/simplelink_cc13xx_cc26xx_sdk_8_32_00_07/kernel/tirtos7/packages" -I"C:/ti/simplelink_cc13xx_cc26xx_sdk_8_32_00_07/source/ti/posix/ticlang" -gdwarf-3 -march=armv7e-m -MMD -MP -MF"main.d_raw" -MT"main.o" -I"C:/Users/maxor/workspace_ccstheia/sck2400_firmware/Debug/syscfg"  @"syscfg/ti_utils_build_compiler.opt"  -o"main.o" "../main.c"
17:54:36.472  Finished building: "../main.c"
17:54:36.500  Arm Compiler - building file: "../oad_flash_stub.c"
17:54:36.504  "C:/ti/ti_cgt_arm_llvm_3.2.2.LTS/bin/tiarmclang.exe" -c -mcpu=cortex-m4 -mfloat-abi=hard -mfpu=fpv4-sp-d16 -mlittle-endian -mthumb -Oz -I"C:/Users/maxor/workspace_ccstheia/sck2400_firmware" -I"C:/Users/maxor/workspace_ccstheia/sck2400_firmware/Debug" -I"C:/ti/simplelink_cc13xx_cc26xx_sdk_8_32_00_07/source" -I"C:/ti/simplelink_cc13xx_cc26xx_sdk_8_32_00_07/kernel/tirtos7/packages" -I"C:/ti/simplelink_cc13xx_cc26xx_sdk_8_32_00_07/source/ti/posix/ticlang" -gdwarf-3 -march=armv7e-m -MMD -MP -MF"oad_flash_stub.d_raw" -MT"oad_flash_stub.o" -I"C:/Users/maxor/workspace_ccstheia/sck2400_firmware/Debug/syscfg"  @"syscfg/ti_utils_build_compiler.opt"  -o"oad_flash_stub.o" "../oad_flash_stub.c"
17:54:36.510  Finished building: "../oad_flash_stub.c"
17:54:36.523  Arm Compiler - building file: "../oad_image_header_app.c"
17:54:36.527  "C:/ti/ti_cgt_arm_llvm_3.2.2.LTS/bin/tiarmclang.exe" -c -mcpu=cortex-m4 -mfloat-abi=hard -mfpu=fpv4-sp-d16 -mlittle-endian -mthumb -Oz -I"C:/Users/maxor/workspace_ccstheia/sck2400_firmware" -I"C:/Users/maxor/workspace_ccstheia/sck2400_firmware/Debug" -I"C:/ti/simplelink_cc13xx_cc26xx_sdk_8_32_00_07/source" -I"C:/ti/simplelink_cc13xx_cc26xx_sdk_8_32_00_07/kernel/tirtos7/packages" -I"C:/ti/simplelink_cc13xx_cc26xx_sdk_8_32_00_07/source/ti/posix/ticlang" -gdwarf-3 -march=armv7e-m -MMD -MP -MF"oad_image_header_app.d_raw" -MT"oad_image_header_app.o" -I"C:/Users/maxor/workspace_ccstheia/sck2400_firmware/Debug/syscfg"  @"syscfg/ti_utils_build_compiler.opt"  -o"oad_image_header_app.o" "../oad_image_header_app.c"
17:54:36.532  Finished building: "../oad_image_header_app.c"
17:54:36.828  Arm Compiler - building file: "../oad_task.c"
17:54:36.834  "C:/ti/ti_cgt_arm_llvm_3.2.2.LTS/bin/tiarmclang.exe" -c -mcpu=cortex-m4 -mfloat-abi=hard -mfpu=fpv4-sp-d16 -mlittle-endian -mthumb -Oz -I"C:/Users/maxor/workspace_ccstheia/sck2400_firmware" -I"C:/Users/maxor/workspace_ccstheia/sck2400_firmware/Debug" -I"C:/ti/simplelink_cc13xx_cc26xx_sdk_8_32_00_07/source" -I"C:/ti/simplelink_cc13xx_cc26xx_sdk_8_32_00_07/kernel/tirtos7/packages" -I"C:/ti/simplelink_cc13xx_cc26xx_sdk_8_32_00_07/source/ti/posix/ticlang" -gdwarf-3 -march=armv7e-m -MMD -MP -MF"oad_task.d_raw" -MT"oad_task.o" -I"C:/Users/maxor/workspace_ccstheia/sck2400_firmware/Debug/syscfg"  @"syscfg/ti_utils_build_compiler.opt"  -o"oad_task.o" "../oad_task.c"
17:54:36.838  Finished building: "../oad_task.c"
17:54:36.923  Arm Compiler - building file: "syscfg/ti_devices_config.c"
17:54:36.929  "C:/ti/ti_cgt_arm_llvm_3.2.2.LTS/bin/tiarmclang.exe" -c -mcpu=cortex-m4 -mfloat-abi=hard -mfpu=fpv4-sp-d16 -mlittle-endian -mthumb -Oz -I"C:/Users/maxor/workspace_ccstheia/sck2400_firmware" -I"C:/Users/maxor/workspace_ccstheia/sck2400_firmware/Debug" -I"C:/ti/simplelink_cc13xx_cc26xx_sdk_8_32_00_07/source" -I"C:/ti/simplelink_cc13xx_cc26xx_sdk_8_32_00_07/kernel/tirtos7/packages" -I"C:/ti/simplelink_cc13xx_cc26xx_sdk_8_32_00_07/source/ti/posix/ticlang" -gdwarf-3 -march=armv7e-m -MMD -MP -MF"syscfg/ti_devices_config.d_raw" -MT"syscfg/ti_devices_config.o" -I"C:/Users/maxor/workspace_ccstheia/sck2400_firmware/Debug/syscfg"  @"syscfg/ti_utils_build_compiler.opt"  -o"syscfg/ti_devices_config.o" "syscfg/ti_devices_config.c"
17:54:36.959  Finished building: "syscfg/ti_devices_config.c"
17:54:36.963  Arm Compiler - building file: "syscfg/ti_radio_config.c"
17:54:36.967  "C:/ti/ti_cgt_arm_llvm_3.2.2.LTS/bin/tiarmclang.exe" -c -mcpu=cortex-m4 -mfloat-abi=hard -mfpu=fpv4-sp-d16 -mlittle-endian -mthumb -Oz -I"C:/Users/maxor/workspace_ccstheia/sck2400_firmware" -I"C:/Users/maxor/workspace_ccstheia/sck2400_firmware/Debug" -I"C:/ti/simplelink_cc13xx_cc26xx_sdk_8_32_00_07/source" -I"C:/ti/simplelink_cc13xx_cc26xx_sdk_8_32_00_07/kernel/tirtos7/packages" -I"C:/ti/simplelink_cc13xx_cc26xx_sdk_8_32_00_07/source/ti/posix/ticlang" -gdwarf-3 -march=armv7e-m -MMD -MP -MF"syscfg/ti_radio_config.d_raw" -MT"syscfg/ti_radio_config.o" -I"C:/Users/maxor/workspace_ccstheia/sck2400_firmware/Debug/syscfg"  @"syscfg/ti_utils_build_compiler.opt"  -o"syscfg/ti_radio_config.o" "syscfg/ti_radio_config.c"
17:54:36.973  Finished building: "syscfg/ti_radio_config.c"
17:54:36.977  Arm Compiler - building file: "../radio.c"
17:54:36.981  "C:/ti/ti_cgt_arm_llvm_3.2.2.LTS/bin/tiarmclang.exe" -c -mcpu=cortex-m4 -mfloat-abi=hard -mfpu=fpv4-sp-d16 -mlittle-endian -mthumb -Oz -I"C:/Users/maxor/workspace_ccstheia/sck2400_firmware" -I"C:/Users/maxor/workspace_ccstheia/sck2400_firmware/Debug" -I"C:/ti/simplelink_cc13xx_cc26xx_sdk_8_32_00_07/source" -I"C:/ti/simplelink_cc13xx_cc26xx_sdk_8_32_00_07/kernel/tirtos7/packages" -I"C:/ti/simplelink_cc13xx_cc26xx_sdk_8_32_00_07/source/ti/posix/ticlang" -gdwarf-3 -march=armv7e-m -MMD -MP -MF"radio.d_raw" -MT"radio.o" -I"C:/Users/maxor/workspace_ccstheia/sck2400_firmware/Debug/syscfg"  @"syscfg/ti_utils_build_compiler.opt"  -o"radio.o" "../radio.c"
17:54:36.988  Finished building: "../radio.c"
17:54:37.021  Arm Compiler - building file: "syscfg/ti_drivers_config.c"
17:54:37.025  "C:/ti/ti_cgt_arm_llvm_3.2.2.LTS/bin/tiarmclang.exe" -c -mcpu=cortex-m4 -mfloat-abi=hard -mfpu=fpv4-sp-d16 -mlittle-endian -mthumb -Oz -I"C:/Users/maxor/workspace_ccstheia/sck2400_firmware" -I"C:/Users/maxor/workspace_ccstheia/sck2400_firmware/Debug" -I"C:/ti/simplelink_cc13xx_cc26xx_sdk_8_32_00_07/source" -I"C:/ti/simplelink_cc13xx_cc26xx_sdk_8_32_00_07/kernel/tirtos7/packages" -I"C:/ti/simplelink_cc13xx_cc26xx_sdk_8_32_00_07/source/ti/posix/ticlang" -gdwarf-3 -march=armv7e-m -MMD -MP -MF"syscfg/ti_drivers_config.d_raw" -MT"syscfg/ti_drivers_config.o" -I"C:/Users/maxor/workspace_ccstheia/sck2400_firmware/Debug/syscfg"  @"syscfg/ti_utils_build_compiler.opt"  -o"syscfg/ti_drivers_config.o" "syscfg/ti_drivers_config.c"
17:54:37.031  Finished building: "syscfg/ti_drivers_config.c"
17:54:37.203  Arm Compiler - building file: "../telemetry.c"
17:54:37.206  "C:/ti/ti_cgt_arm_llvm_3.2.2.LTS/bin/tiarmclang.exe" -c -mcpu=cortex-m4 -mfloat-abi=hard -mfpu=fpv4-sp-d16 -mlittle-endian -mthumb -Oz -I"C:/Users/maxor/workspace_ccstheia/sck2400_firmware" -I"C:/Users/maxor/workspace_ccstheia/sck2400_firmware/Debug" -I"C:/ti/simplelink_cc13xx_cc26xx_sdk_8_32_00_07/source" -I"C:/ti/simplelink_cc13xx_cc26xx_sdk_8_32_00_07/kernel/tirtos7/packages" -I"C:/ti/simplelink_cc13xx_cc26xx_sdk_8_32_00_07/source/ti/posix/ticlang" -gdwarf-3 -march=armv7e-m -MMD -MP -MF"telemetry.d_raw" -MT"telemetry.o" -I"C:/Users/maxor/workspace_ccstheia/sck2400_firmware/Debug/syscfg"  @"syscfg/ti_utils_build_compiler.opt"  -o"telemetry.o" "../telemetry.c"
17:54:37.211  Finished building: "../telemetry.c"
17:54:37.371  Arm Compiler - building file: "../uart.c"
17:54:37.376  "C:/ti/ti_cgt_arm_llvm_3.2.2.LTS/bin/tiarmclang.exe" -c -mcpu=cortex-m4 -mfloat-abi=hard -mfpu=fpv4-sp-d16 -mlittle-endian -mthumb -Oz -I"C:/Users/maxor/workspace_ccstheia/sck2400_firmware" -I"C:/Users/maxor/workspace_ccstheia/sck2400_firmware/Debug" -I"C:/ti/simplelink_cc13xx_cc26xx_sdk_8_32_00_07/source" -I"C:/ti/simplelink_cc13xx_cc26xx_sdk_8_32_00_07/kernel/tirtos7/packages" -I"C:/ti/simplelink_cc13xx_cc26xx_sdk_8_32_00_07/source/ti/posix/ticlang" -gdwarf-3 -march=armv7e-m -MMD -MP -MF"uart.d_raw" -MT"uart.o" -I"C:/Users/maxor/workspace_ccstheia/sck2400_firmware/Debug/syscfg"  @"syscfg/ti_utils_build_compiler.opt"  -o"uart.o" "../uart.c"
17:54:37.380  ../uart.c:649:31: warning: call to undeclared function 'usleep'; ISO C99 and later do not support implicit function declarations [-Wimplicit-function-declaration]
17:54:37.384  if (bytesRead == 0) { usleep(1000); elapsed++; continue; }
17:54:37.387  ^
17:54:37.390  1 warning generated.
17:54:37.393  Finished building: "../uart.c"
17:54:38.505  Arm Compiler - building file: "syscfg/ti_sysbios_config.c"
17:54:38.509  "C:/ti/ti_cgt_arm_llvm_3.2.2.LTS/bin/tiarmclang.exe" -c -mcpu=cortex-m4 -mfloat-abi=hard -mfpu=fpv4-sp-d16 -mlittle-endian -mthumb -Oz -I"C:/Users/maxor/workspace_ccstheia/sck2400_firmware" -I"C:/Users/maxor/workspace_ccstheia/sck2400_firmware/Debug" -I"C:/ti/simplelink_cc13xx_cc26xx_sdk_8_32_00_07/source" -I"C:/ti/simplelink_cc13xx_cc26xx_sdk_8_32_00_07/kernel/tirtos7/packages" -I"C:/ti/simplelink_cc13xx_cc26xx_sdk_8_32_00_07/source/ti/posix/ticlang" -gdwarf-3 -march=armv7e-m -MMD -MP -MF"syscfg/ti_sysbios_config.d_raw" -MT"syscfg/ti_sysbios_config.o" -I"C:/Users/maxor/workspace_ccstheia/sck2400_firmware/Debug/syscfg"  @"syscfg/ti_utils_build_compiler.opt"  -o"syscfg/ti_sysbios_config.o" "syscfg/ti_sysbios_config.c"
17:54:38.513  Finished building: "syscfg/ti_sysbios_config.c"
17:54:38.562  Arm Linker - building target: "sck2400_firmware.out"
17:54:38.565  "C:/ti/ti_cgt_arm_llvm_3.2.2.LTS/bin/tiarmclang.exe" -mcpu=cortex-m4 -mfloat-abi=hard -mfpu=fpv4-sp-d16 -mlittle-endian -mthumb -Oz -gdwarf-3 -march=armv7e-m -Wl,-m"sck2400_firmware.map" -Wl,-i"C:/ti/simplelink_cc13xx_cc26xx_sdk_8_32_00_07/source" -Wl,-i"C:/ti/simplelink_cc13xx_cc26xx_sdk_8_32_00_07/kernel/tirtos7/packages" -Wl,-i"C:/Users/maxor/workspace_ccstheia/sck2400_firmware/Debug/syscfg" -Wl,-i"C:/ti/ti_cgt_arm_llvm_3.2.2.LTS/lib" -Wl,--diag_wrap=off -Wl,--display_error_number -Wl,--warn_sections -Wl,--xml_link_info="sck2400_firmware_linkInfo.xml" -Wl,--rom_model -o "sck2400_firmware.out" "./RFQueue.o" "./ccsds.o" "./main.o" "./main_tirtos.o" "./oad_flash_stub.o" "./oad_image_header_app.o" "./oad_task.o" "./radio.o" "./syscfg/ti_devices_config.o" "./syscfg/ti_radio_config.o" "./syscfg/ti_drivers_config.o" "./syscfg/ti_sysbios_config.o" "./telemetry.o" "./uart.o" "../cc13x2_cc26x2_tirtos7.cmd"  -Wl,-lti_utils_build_linker.cmd.genlibs -Wl,-llibc.a
17:54:39.160  Finished building target: "sck2400_firmware.out"
17:54:39.219  "C:/ti/ti_cgt_arm_llvm_3.2.2.LTS/bin/tiarmhex" -order MS --memwidth=8 --romwidth=8 --intel -o "sck2400_firmware.hex" "sck2400_firmware"
17:54:39.232  Translating to Intel format...
17:54:39.237  "sck2400_firmware.out" .image_header ==> .image_header
17:54:39.240  "sck2400_firmware.out" .text ==> .text
17:54:39.264  "sck2400_firmware.out" .rodata ==> .rodata
17:54:39.268  "sck2400_firmware.out" .resetVecs ==> .resetVecs
17:54:39.271  "sck2400_firmware.out" .oad_entry_vec ==> .oad_entry_vec
17:54:39.273  "sck2400_firmware.out" .args ==> .args
17:54:39.277  "sck2400_firmware.out" .cinit ==> .cinit
17:54:39.280  "sck2400_firmware.out" .ccfg ==> .ccfg
17:54:39.388  **** Build finished ****
17:54:39.541  # ----------------------------------------
17:54:39.545  # Problem summary for project 'sck2400_firmware': 0 errors, 3 warnings
17:54:39.550  Warning: sck2400.syscfg [CONFIG_SPI_0(/ti/drivers/SPI) spi.pociPin]: Connected to hardware
17:54:39.554  Warning: sck2400.syscfg [CONFIG_SPI_0(/ti/drivers/SPI) spi.csnPin]: Connected to hardware
17:54:39.557  Warning: uart.c [line 649]: call to undeclared function 'usleep'; ISO C99 and later do not support implicit function declarations [-Wimplicit-function-declaration]
17:54:39.561  # --------------------------------------------------------------------------------
17:54:39.566  # [Wed Jun 24 17:54:39 CDT 2026]: CCS headless build complete - 0 out of 1 projects have errors
17:54:39.962  ✓ Build succeeded: C:\Users\maxor\workspace_ccstheia\sck2400_firmware\Debug\sck2400_firmware.hex
17:54:39.967    Board: GS Board  (APID 0x010)  APID: 0x010
17:54:39.970  OAD patch: reading oad_entry_vec address from map file...
17:54:39.973  OAD patch: oad_entry_vec at 0x0000DAB4 (summary table)
17:54:39.976  OAD patch: computed image len = 0x00009D54 (end=0x0000DD54)
17:54:39.979  OAD patch: .prgEntry updated to 0x0000DAB4
17:54:39.982  OAD patch: .len updated to 0x00009D54
17:54:39.988  OAD patch: deleted stale oad_image_header_app.o
17:54:39.991  OAD patch: incremental rebuild to bake prgEntry...
17:54:43.485  # ================================================================================
17:54:43.489  # [Wed Jun 24 17:54:43 CDT 2026]: CCS headless build starting...
17:54:45.783  **** Build of configuration 'Debug' for project 'sck2400_firmware' ****
17:54:45.834  "C:\\ti\\ccs2051\\ccs\\utils\\bin\\gmake" -k -j 12 all -r -O
17:54:46.053  Arm Compiler - building file: "../oad_image_header_app.c"
17:54:46.057  "C:/ti/ti_cgt_arm_llvm_3.2.2.LTS/bin/tiarmclang.exe" -c -mcpu=cortex-m4 -mfloat-abi=hard -mfpu=fpv4-sp-d16 -mlittle-endian -mthumb -Oz -I"C:/Users/maxor/workspace_ccstheia/sck2400_firmware" -I"C:/Users/maxor/workspace_ccstheia/sck2400_firmware/Debug" -I"C:/ti/simplelink_cc13xx_cc26xx_sdk_8_32_00_07/source" -I"C:/ti/simplelink_cc13xx_cc26xx_sdk_8_32_00_07/kernel/tirtos7/packages" -I"C:/ti/simplelink_cc13xx_cc26xx_sdk_8_32_00_07/source/ti/posix/ticlang" -gdwarf-3 -march=armv7e-m -MMD -MP -MF"oad_image_header_app.d_raw" -MT"oad_image_header_app.o" -I"C:/Users/maxor/workspace_ccstheia/sck2400_firmware/Debug/syscfg"  @"syscfg/ti_utils_build_compiler.opt"  -o"oad_image_header_app.o" "../oad_image_header_app.c"
17:54:46.062  Finished building: "../oad_image_header_app.c"
17:54:46.119  Arm Linker - building target: "sck2400_firmware.out"
17:54:46.126  "C:/ti/ti_cgt_arm_llvm_3.2.2.LTS/bin/tiarmclang.exe" -mcpu=cortex-m4 -mfloat-abi=hard -mfpu=fpv4-sp-d16 -mlittle-endian -mthumb -Oz -gdwarf-3 -march=armv7e-m -Wl,-m"sck2400_firmware.map" -Wl,-i"C:/ti/simplelink_cc13xx_cc26xx_sdk_8_32_00_07/source" -Wl,-i"C:/ti/simplelink_cc13xx_cc26xx_sdk_8_32_00_07/kernel/tirtos7/packages" -Wl,-i"C:/Users/maxor/workspace_ccstheia/sck2400_firmware/Debug/syscfg" -Wl,-i"C:/ti/ti_cgt_arm_llvm_3.2.2.LTS/lib" -Wl,--diag_wrap=off -Wl,--display_error_number -Wl,--warn_sections -Wl,--xml_link_info="sck2400_firmware_linkInfo.xml" -Wl,--rom_model -o "sck2400_firmware.out" "./RFQueue.o" "./ccsds.o" "./main.o" "./main_tirtos.o" "./oad_flash_stub.o" "./oad_image_header_app.o" "./oad_task.o" "./radio.o" "./syscfg/ti_devices_config.o" "./syscfg/ti_radio_config.o" "./syscfg/ti_drivers_config.o" "./syscfg/ti_sysbios_config.o" "./telemetry.o" "./uart.o" "../cc13x2_cc26x2_tirtos7.cmd"  -Wl,-lti_utils_build_linker.cmd.genlibs -Wl,-llibc.a
17:54:46.732  Finished building target: "sck2400_firmware.out"
17:54:46.799  "C:/ti/ti_cgt_arm_llvm_3.2.2.LTS/bin/tiarmhex" -order MS --memwidth=8 --romwidth=8 --intel -o "sck2400_firmware.hex" "sck2400_firmware"
17:54:46.811  Translating to Intel format...
17:54:46.815  "sck2400_firmware.out" .image_header ==> .image_header
17:54:46.819  "sck2400_firmware.out" .text ==> .text
17:54:46.822  "sck2400_firmware.out" .rodata ==> .rodata
17:54:46.825  "sck2400_firmware.out" .resetVecs ==> .resetVecs
17:54:46.828  "sck2400_firmware.out" .oad_entry_vec ==> .oad_entry_vec
17:54:46.831  "sck2400_firmware.out" .args ==> .args
17:54:46.835  "sck2400_firmware.out" .cinit ==> .cinit
17:54:46.839  "sck2400_firmware.out" .ccfg ==> .ccfg
17:54:46.917  **** Build finished ****
17:54:46.971  # ----------------------------------------
17:54:46.976  # Problem summary for project 'sck2400_firmware': 0 errors, 3 warnings
17:54:46.980  Warning: sck2400.syscfg [CONFIG_SPI_0(/ti/drivers/SPI) spi.pociPin]: Connected to hardware
17:54:46.984  Warning: sck2400.syscfg [CONFIG_SPI_0(/ti/drivers/SPI) spi.csnPin]: Connected to hardware
17:54:46.989  Warning: uart.c [line 649]: call to undeclared function 'usleep'; ISO C99 and later do not support implicit function declarations [-Wimplicit-function-declaration]
17:54:47.023  # --------------------------------------------------------------------------------
17:54:47.027  # [Wed Jun 24 17:54:46 CDT 2026]: CCS headless build complete - 0 out of 1 projects have errors
17:54:47.463  OAD patch: rebuild OK — prgEntry = 0x0000DAB4
17:55:14.889  XDS110 detected: Serial = L43003QX
17:55:14.920  ✓ Merged BIM + firmware → C:\Users\maxor\workspace_ccstheia\sck2400_merged.hex
17:55:14.932  ══════════════════════════════════════════════════
17:55:14.934    SCK-2400 Local Flash  →  GS Board  (APID 0x010)
17:55:14.937    XDS110: L43003QX
17:55:14.940    HEX: C:\Users\maxor\workspace_ccstheia\sck2400_merged.hex
17:55:14.943  ══════════════════════════════════════════════════
17:55:14.946  srfprog -t soc(XDS-L43003QX, CC1352P) -e all -p all -v rb -f "C:\Users\maxor\workspace_ccstheia\sck2400_merged.hex"
17:55:20.755  Texas Instruments SmartRF Flash Programmer 2 v1.8.2-windows
17:55:20.758  -------------------------------------------------------------------------------
17:55:20.760  Connected over 2-pin cJTAG.
17:55:20.763  Reading file: C:\Users\maxor\workspace_ccstheia\sck2400_merged.hex.
17:55:20.766  Start flash erase ...
17:55:20.768  OK
17:55:20.771  Start flash programming ...
17:55:20.774  0%0%4%9%13%97%99%100%
17:55:20.777  OK
17:55:20.779  Start flash verify ...
17:55:20.782  0%0%
17:55:20.785  Page: 0 verified OK.2%
17:55:20.797  Skip verification of unassigned page: 1.4%
17:55:20.800  Page: 2 verified OK.6%
17:55:20.802  Page: 3 verified OK.9%
17:55:20.805  Page: 4 verified OK.11%
17:55:20.807  Page: 5 verified OK.13%
17:55:20.810  Page: 6 verified OK.15%
17:55:20.813  Skip verification of unassigned page: 7.18%
17:55:20.816  Skip verification of unassigned page: 8.20%
17:55:20.819  Skip verification of unassigned page: 9.22%
17:55:20.821  Skip verification of unassigned page: 10.25%
17:55:20.825  Skip verification of unassigned page: 11.27%
17:55:20.828  Skip verification of unassigned page: 12.29%
17:55:20.830  Skip verification of unassigned page: 13.31%
17:55:20.833  Skip verification of unassigned page: 14.34%
17:55:20.836  Skip verification of unassigned page: 15.36%
17:55:20.839  Skip verification of unassigned page: 16.38%
17:55:20.841  Skip verification of unassigned page: 17.40%
17:55:20.844  Skip verification of unassigned page: 18.43%
17:55:20.847  Skip verification of unassigned page: 19.45%
17:55:20.850  Skip verification of unassigned page: 20.47%
17:55:20.853  Skip verification of unassigned page: 21.50%
17:55:20.856  Skip verification of unassigned page: 22.52%
17:55:20.859  Skip verification of unassigned page: 23.54%
17:55:20.862  Skip verification of unassigned page: 24.56%
17:55:20.883  Skip verification of unassigned page: 25.59%
17:55:20.886  Skip verification of unassigned page: 26.61%
17:55:20.890  Skip verification of unassigned page: 27.63%
17:55:20.894  Skip verification of unassigned page: 28.65%
17:55:20.896  Skip verification of unassigned page: 29.68%
17:55:20.899  Skip verification of unassigned page: 30.70%
17:55:20.902  Skip verification of unassigned page: 31.72%
17:55:20.905  Skip verification of unassigned page: 32.75%
17:55:20.907  Skip verification of unassigned page: 33.77%
17:55:20.910  Skip verification of unassigned page: 34.79%
17:55:20.913  Skip verification of unassigned page: 35.81%
17:55:20.916  Skip verification of unassigned page: 36.84%
17:55:20.920  Skip verification of unassigned page: 37.86%
17:55:20.923  Skip verification of unassigned page: 38.88%
17:55:20.927  Skip verification of unassigned page: 39.90%
17:55:20.929  Skip verification of unassigned page: 40.93%
17:55:20.932  Skip verification of unassigned page: 41.95%
17:55:20.935  Page: 42 verified OK.97%
17:55:20.938  Page: 43 verified OK.100%
17:55:20.940  OK
17:55:20.943  Reset target ...
17:55:20.946  OK
17:55:20.950  ✓ Flash complete — GS Board  (APID 0x010)
17:56:04.354    → TX [0000]  [CCSDS] get_telem seq=12 dest=0x010
17:56:09.548    ✗ No telem reply
17:58:20.630  RF Power: patched radio.h → TX_POWER = BENCH (0 dBm bench)
17:58:20.633  Board: patched ccsds.h → SCK_APID_THIS_BOARD = 0x010 (GS Board  (APID 0x010))
17:58:20.642  ══════════════════════════════════════════════════
17:58:20.643    SCK-2400 Build  →  GS Board  (APID 0x010)
17:58:20.644    SCK_APID_THIS_BOARD = 0x010
17:58:20.646    Build type: full
17:58:20.647  ══════════════════════════════════════════════════
17:58:23.915  # ================================================================================
17:58:23.918  # [Wed Jun 24 17:58:23 CDT 2026]: CCS headless build starting...
17:58:24.072  **** Clean-only build of configuration 'Debug' for project 'sck2400_firmware' ****
17:58:24.131  "C:\\ti\\ccs2051\\ccs\\utils\\bin\\gmake" -k -j 12 clean -r -O
17:58:24.350  DEL /F "syscfg\ti_radio_config.h" "syscfg\ti_drivers_config.h" "syscfg\ti_utils_build_linker.cmd.genlibs" "syscfg\ti_utils_build_linker.cmd.genmap" "syscfg\syscfg_c.rov.xs" "syscfg\ti_sysbios_config.h" "syscfg\ti_devices_config.c" "syscfg\ti_radio_config.c" "syscfg\ti_drivers_config.c" "syscfg\ti_utils_build_compiler.opt" "syscfg\ti_sysbios_config.c" "sck2400_firmware.out"
17:58:24.352  DEL /F "RFQueue.o" "ccsds.o" "main.o" "main_tirtos.o" "oad_flash_stub.o" "oad_image_header_app.o" "oad_task.o" "radio.o" "syscfg\ti_devices_config.o" "syscfg\ti_radio_config.o" "syscfg\ti_drivers_config.o" "syscfg\ti_sysbios_config.o" "telemetry.o" "uart.o"
17:58:24.353  DEL /F "RFQueue.d" "ccsds.d" "main.d" "main_tirtos.d" "oad_flash_stub.d" "oad_image_header_app.d" "oad_task.d" "radio.d" "syscfg\ti_devices_config.d" "syscfg\ti_radio_config.d" "syscfg\ti_drivers_config.d" "syscfg\ti_sysbios_config.d" "telemetry.d" "uart.d"
17:58:24.354  RMDIR /S/Q "syscfg"
17:58:24.420  **** Build finished ****
17:58:26.428  **** Build of configuration 'Debug' for project 'sck2400_firmware' ****
17:58:26.438  "C:\\ti\\ccs2051\\ccs\\utils\\bin\\gmake" -k -j 12 all -r -O
17:58:28.427  SysConfig - building file: "../sck2400.syscfg"
17:58:28.429  "C:/ti/sysconfig_1.21.1/sysconfig_cli.bat" -s "C:/ti/simplelink_cc13xx_cc26xx_sdk_8_32_00_07/.metadata/product.json" --script "C:/Users/maxor/workspace_ccstheia/sck2400_firmware/sck2400.syscfg" -o "syscfg" --compiler ticlang
17:58:28.431  Running script...
17:58:28.438  Validating...
17:58:28.440  warning: CONFIG_SPI_0(/ti/drivers/SPI) spi.pociPin: Connected to hardware
17:58:28.447  DIO8/14 is connected to LaunchPad SPI Bus on the CC1352P-2 LaunchPad. Consider selecting it in 'use hardware' above. Using a custom board?
17:58:28.450  warning: CONFIG_SPI_0(/ti/drivers/SPI) spi.csnPin: Connected to hardware
17:58:28.452  DIO20/38 is connected to MX25R8035F SPI Flash Chip Select on the CC1352P-2 LaunchPad. Consider selecting it in 'use hardware' above. Using a custom board?
17:58:28.455  0 error(s), 2 warning(s)
17:58:28.457  Generating Code (sck2400.syscfg)...
17:58:28.459  Writing C:\Users\maxor\workspace_ccstheia\sck2400_firmware\Debug\syscfg\ti_devices_config.c...
17:58:28.463  Writing C:\Users\maxor\workspace_ccstheia\sck2400_firmware\Debug\syscfg\ti_radio_config.c...
17:58:28.466  Writing C:\Users\maxor\workspace_ccstheia\sck2400_firmware\Debug\syscfg\ti_radio_config.h...
17:58:28.468  Writing C:\Users\maxor\workspace_ccstheia\sck2400_firmware\Debug\syscfg\ti_drivers_config.c...
17:58:28.471  Writing C:\Users\maxor\workspace_ccstheia\sck2400_firmware\Debug\syscfg\ti_drivers_config.h...
17:58:28.473  Writing C:\Users\maxor\workspace_ccstheia\sck2400_firmware\Debug\syscfg\ti_utils_build_linker.cmd.genlibs...
17:58:28.476  Writing C:\Users\maxor\workspace_ccstheia\sck2400_firmware\Debug\syscfg\ti_utils_build_linker.cmd.genmap...
17:58:28.480  Writing C:\Users\maxor\workspace_ccstheia\sck2400_firmware\Debug\syscfg\ti_utils_build_compiler.opt...
17:58:28.483  Writing C:\Users\maxor\workspace_ccstheia\sck2400_firmware\Debug\syscfg\syscfg_c.rov.xs...
17:58:28.485  Writing C:\Users\maxor\workspace_ccstheia\sck2400_firmware\Debug\syscfg\ti_sysbios_config.h...
17:58:28.488  Writing C:\Users\maxor\workspace_ccstheia\sck2400_firmware\Debug\syscfg\ti_sysbios_config.c...
17:58:28.490  Finished building: "../sck2400.syscfg"
17:58:28.688  Arm Compiler - building file: "../RFQueue.c"
17:58:28.692  "C:/ti/ti_cgt_arm_llvm_3.2.2.LTS/bin/tiarmclang.exe" -c -mcpu=cortex-m4 -mfloat-abi=hard -mfpu=fpv4-sp-d16 -mlittle-endian -mthumb -Oz -I"C:/Users/maxor/workspace_ccstheia/sck2400_firmware" -I"C:/Users/maxor/workspace_ccstheia/sck2400_firmware/Debug" -I"C:/ti/simplelink_cc13xx_cc26xx_sdk_8_32_00_07/source" -I"C:/ti/simplelink_cc13xx_cc26xx_sdk_8_32_00_07/kernel/tirtos7/packages" -I"C:/ti/simplelink_cc13xx_cc26xx_sdk_8_32_00_07/source/ti/posix/ticlang" -gdwarf-3 -march=armv7e-m -MMD -MP -MF"RFQueue.d_raw" -MT"RFQueue.o" -I"C:/Users/maxor/workspace_ccstheia/sck2400_firmware/Debug/syscfg"  @"syscfg/ti_utils_build_compiler.opt"  -o"RFQueue.o" "../RFQueue.c"
17:58:28.698  Finished building: "../RFQueue.c"
17:58:28.702  Arm Compiler - building file: "../ccsds.c"
17:58:28.706  "C:/ti/ti_cgt_arm_llvm_3.2.2.LTS/bin/tiarmclang.exe" -c -mcpu=cortex-m4 -mfloat-abi=hard -mfpu=fpv4-sp-d16 -mlittle-endian -mthumb -Oz -I"C:/Users/maxor/workspace_ccstheia/sck2400_firmware" -I"C:/Users/maxor/workspace_ccstheia/sck2400_firmware/Debug" -I"C:/ti/simplelink_cc13xx_cc26xx_sdk_8_32_00_07/source" -I"C:/ti/simplelink_cc13xx_cc26xx_sdk_8_32_00_07/kernel/tirtos7/packages" -I"C:/ti/simplelink_cc13xx_cc26xx_sdk_8_32_00_07/source/ti/posix/ticlang" -gdwarf-3 -march=armv7e-m -MMD -MP -MF"ccsds.d_raw" -MT"ccsds.o" -I"C:/Users/maxor/workspace_ccstheia/sck2400_firmware/Debug/syscfg"  @"syscfg/ti_utils_build_compiler.opt"  -o"ccsds.o" "../ccsds.c"
17:58:28.710  Finished building: "../ccsds.c"
17:58:28.771  Arm Compiler - building file: "../main_tirtos.c"
17:58:28.776  "C:/ti/ti_cgt_arm_llvm_3.2.2.LTS/bin/tiarmclang.exe" -c -mcpu=cortex-m4 -mfloat-abi=hard -mfpu=fpv4-sp-d16 -mlittle-endian -mthumb -Oz -I"C:/Users/maxor/workspace_ccstheia/sck2400_firmware" -I"C:/Users/maxor/workspace_ccstheia/sck2400_firmware/Debug" -I"C:/ti/simplelink_cc13xx_cc26xx_sdk_8_32_00_07/source" -I"C:/ti/simplelink_cc13xx_cc26xx_sdk_8_32_00_07/kernel/tirtos7/packages" -I"C:/ti/simplelink_cc13xx_cc26xx_sdk_8_32_00_07/source/ti/posix/ticlang" -gdwarf-3 -march=armv7e-m -MMD -MP -MF"main_tirtos.d_raw" -MT"main_tirtos.o" -I"C:/Users/maxor/workspace_ccstheia/sck2400_firmware/Debug/syscfg"  @"syscfg/ti_utils_build_compiler.opt"  -o"main_tirtos.o" "../main_tirtos.c"
17:58:28.780  Finished building: "../main_tirtos.c"
17:58:28.784  Arm Compiler - building file: "../main.c"
17:58:28.787  "C:/ti/ti_cgt_arm_llvm_3.2.2.LTS/bin/tiarmclang.exe" -c -mcpu=cortex-m4 -mfloat-abi=hard -mfpu=fpv4-sp-d16 -mlittle-endian -mthumb -Oz -I"C:/Users/maxor/workspace_ccstheia/sck2400_firmware" -I"C:/Users/maxor/workspace_ccstheia/sck2400_firmware/Debug" -I"C:/ti/simplelink_cc13xx_cc26xx_sdk_8_32_00_07/source" -I"C:/ti/simplelink_cc13xx_cc26xx_sdk_8_32_00_07/kernel/tirtos7/packages" -I"C:/ti/simplelink_cc13xx_cc26xx_sdk_8_32_00_07/source/ti/posix/ticlang" -gdwarf-3 -march=armv7e-m -MMD -MP -MF"main.d_raw" -MT"main.o" -I"C:/Users/maxor/workspace_ccstheia/sck2400_firmware/Debug/syscfg"  @"syscfg/ti_utils_build_compiler.opt"  -o"main.o" "../main.c"
17:58:28.792  Finished building: "../main.c"
17:58:28.814  Arm Compiler - building file: "../oad_flash_stub.c"
17:58:28.817  "C:/ti/ti_cgt_arm_llvm_3.2.2.LTS/bin/tiarmclang.exe" -c -mcpu=cortex-m4 -mfloat-abi=hard -mfpu=fpv4-sp-d16 -mlittle-endian -mthumb -Oz -I"C:/Users/maxor/workspace_ccstheia/sck2400_firmware" -I"C:/Users/maxor/workspace_ccstheia/sck2400_firmware/Debug" -I"C:/ti/simplelink_cc13xx_cc26xx_sdk_8_32_00_07/source" -I"C:/ti/simplelink_cc13xx_cc26xx_sdk_8_32_00_07/kernel/tirtos7/packages" -I"C:/ti/simplelink_cc13xx_cc26xx_sdk_8_32_00_07/source/ti/posix/ticlang" -gdwarf-3 -march=armv7e-m -MMD -MP -MF"oad_flash_stub.d_raw" -MT"oad_flash_stub.o" -I"C:/Users/maxor/workspace_ccstheia/sck2400_firmware/Debug/syscfg"  @"syscfg/ti_utils_build_compiler.opt"  -o"oad_flash_stub.o" "../oad_flash_stub.c"
17:58:28.821  Finished building: "../oad_flash_stub.c"
17:58:28.833  Arm Compiler - building file: "../oad_image_header_app.c"
17:58:28.853  "C:/ti/ti_cgt_arm_llvm_3.2.2.LTS/bin/tiarmclang.exe" -c -mcpu=cortex-m4 -mfloat-abi=hard -mfpu=fpv4-sp-d16 -mlittle-endian -mthumb -Oz -I"C:/Users/maxor/workspace_ccstheia/sck2400_firmware" -I"C:/Users/maxor/workspace_ccstheia/sck2400_firmware/Debug" -I"C:/ti/simplelink_cc13xx_cc26xx_sdk_8_32_00_07/source" -I"C:/ti/simplelink_cc13xx_cc26xx_sdk_8_32_00_07/kernel/tirtos7/packages" -I"C:/ti/simplelink_cc13xx_cc26xx_sdk_8_32_00_07/source/ti/posix/ticlang" -gdwarf-3 -march=armv7e-m -MMD -MP -MF"oad_image_header_app.d_raw" -MT"oad_image_header_app.o" -I"C:/Users/maxor/workspace_ccstheia/sck2400_firmware/Debug/syscfg"  @"syscfg/ti_utils_build_compiler.opt"  -o"oad_image_header_app.o" "../oad_image_header_app.c"
17:58:28.857  Finished building: "../oad_image_header_app.c"
17:58:29.022  Arm Compiler - building file: "../oad_task.c"
17:58:29.027  "C:/ti/ti_cgt_arm_llvm_3.2.2.LTS/bin/tiarmclang.exe" -c -mcpu=cortex-m4 -mfloat-abi=hard -mfpu=fpv4-sp-d16 -mlittle-endian -mthumb -Oz -I"C:/Users/maxor/workspace_ccstheia/sck2400_firmware" -I"C:/Users/maxor/workspace_ccstheia/sck2400_firmware/Debug" -I"C:/ti/simplelink_cc13xx_cc26xx_sdk_8_32_00_07/source" -I"C:/ti/simplelink_cc13xx_cc26xx_sdk_8_32_00_07/kernel/tirtos7/packages" -I"C:/ti/simplelink_cc13xx_cc26xx_sdk_8_32_00_07/source/ti/posix/ticlang" -gdwarf-3 -march=armv7e-m -MMD -MP -MF"oad_task.d_raw" -MT"oad_task.o" -I"C:/Users/maxor/workspace_ccstheia/sck2400_firmware/Debug/syscfg"  @"syscfg/ti_utils_build_compiler.opt"  -o"oad_task.o" "../oad_task.c"
17:58:29.031  Finished building: "../oad_task.c"
17:58:29.063  Arm Compiler - building file: "syscfg/ti_devices_config.c"
17:58:29.067  "C:/ti/ti_cgt_arm_llvm_3.2.2.LTS/bin/tiarmclang.exe" -c -mcpu=cortex-m4 -mfloat-abi=hard -mfpu=fpv4-sp-d16 -mlittle-endian -mthumb -Oz -I"C:/Users/maxor/workspace_ccstheia/sck2400_firmware" -I"C:/Users/maxor/workspace_ccstheia/sck2400_firmware/Debug" -I"C:/ti/simplelink_cc13xx_cc26xx_sdk_8_32_00_07/source" -I"C:/ti/simplelink_cc13xx_cc26xx_sdk_8_32_00_07/kernel/tirtos7/packages" -I"C:/ti/simplelink_cc13xx_cc26xx_sdk_8_32_00_07/source/ti/posix/ticlang" -gdwarf-3 -march=armv7e-m -MMD -MP -MF"syscfg/ti_devices_config.d_raw" -MT"syscfg/ti_devices_config.o" -I"C:/Users/maxor/workspace_ccstheia/sck2400_firmware/Debug/syscfg"  @"syscfg/ti_utils_build_compiler.opt"  -o"syscfg/ti_devices_config.o" "syscfg/ti_devices_config.c"
17:58:29.071  Finished building: "syscfg/ti_devices_config.c"
17:58:29.101  Arm Compiler - building file: "syscfg/ti_radio_config.c"
17:58:29.104  "C:/ti/ti_cgt_arm_llvm_3.2.2.LTS/bin/tiarmclang.exe" -c -mcpu=cortex-m4 -mfloat-abi=hard -mfpu=fpv4-sp-d16 -mlittle-endian -mthumb -Oz -I"C:/Users/maxor/workspace_ccstheia/sck2400_firmware" -I"C:/Users/maxor/workspace_ccstheia/sck2400_firmware/Debug" -I"C:/ti/simplelink_cc13xx_cc26xx_sdk_8_32_00_07/source" -I"C:/ti/simplelink_cc13xx_cc26xx_sdk_8_32_00_07/kernel/tirtos7/packages" -I"C:/ti/simplelink_cc13xx_cc26xx_sdk_8_32_00_07/source/ti/posix/ticlang" -gdwarf-3 -march=armv7e-m -MMD -MP -MF"syscfg/ti_radio_config.d_raw" -MT"syscfg/ti_radio_config.o" -I"C:/Users/maxor/workspace_ccstheia/sck2400_firmware/Debug/syscfg"  @"syscfg/ti_utils_build_compiler.opt"  -o"syscfg/ti_radio_config.o" "syscfg/ti_radio_config.c"
17:58:29.108  Finished building: "syscfg/ti_radio_config.c"
17:58:29.124  Arm Compiler - building file: "../radio.c"
17:58:29.128  "C:/ti/ti_cgt_arm_llvm_3.2.2.LTS/bin/tiarmclang.exe" -c -mcpu=cortex-m4 -mfloat-abi=hard -mfpu=fpv4-sp-d16 -mlittle-endian -mthumb -Oz -I"C:/Users/maxor/workspace_ccstheia/sck2400_firmware" -I"C:/Users/maxor/workspace_ccstheia/sck2400_firmware/Debug" -I"C:/ti/simplelink_cc13xx_cc26xx_sdk_8_32_00_07/source" -I"C:/ti/simplelink_cc13xx_cc26xx_sdk_8_32_00_07/kernel/tirtos7/packages" -I"C:/ti/simplelink_cc13xx_cc26xx_sdk_8_32_00_07/source/ti/posix/ticlang" -gdwarf-3 -march=armv7e-m -MMD -MP -MF"radio.d_raw" -MT"radio.o" -I"C:/Users/maxor/workspace_ccstheia/sck2400_firmware/Debug/syscfg"  @"syscfg/ti_utils_build_compiler.opt"  -o"radio.o" "../radio.c"
17:58:29.134  Finished building: "../radio.c"
17:58:29.225  Arm Compiler - building file: "syscfg/ti_drivers_config.c"
17:58:29.229  "C:/ti/ti_cgt_arm_llvm_3.2.2.LTS/bin/tiarmclang.exe" -c -mcpu=cortex-m4 -mfloat-abi=hard -mfpu=fpv4-sp-d16 -mlittle-endian -mthumb -Oz -I"C:/Users/maxor/workspace_ccstheia/sck2400_firmware" -I"C:/Users/maxor/workspace_ccstheia/sck2400_firmware/Debug" -I"C:/ti/simplelink_cc13xx_cc26xx_sdk_8_32_00_07/source" -I"C:/ti/simplelink_cc13xx_cc26xx_sdk_8_32_00_07/kernel/tirtos7/packages" -I"C:/ti/simplelink_cc13xx_cc26xx_sdk_8_32_00_07/source/ti/posix/ticlang" -gdwarf-3 -march=armv7e-m -MMD -MP -MF"syscfg/ti_drivers_config.d_raw" -MT"syscfg/ti_drivers_config.o" -I"C:/Users/maxor/workspace_ccstheia/sck2400_firmware/Debug/syscfg"  @"syscfg/ti_utils_build_compiler.opt"  -o"syscfg/ti_drivers_config.o" "syscfg/ti_drivers_config.c"
17:58:29.233  Finished building: "syscfg/ti_drivers_config.c"
17:58:29.340  Arm Compiler - building file: "../telemetry.c"
17:58:29.344  "C:/ti/ti_cgt_arm_llvm_3.2.2.LTS/bin/tiarmclang.exe" -c -mcpu=cortex-m4 -mfloat-abi=hard -mfpu=fpv4-sp-d16 -mlittle-endian -mthumb -Oz -I"C:/Users/maxor/workspace_ccstheia/sck2400_firmware" -I"C:/Users/maxor/workspace_ccstheia/sck2400_firmware/Debug" -I"C:/ti/simplelink_cc13xx_cc26xx_sdk_8_32_00_07/source" -I"C:/ti/simplelink_cc13xx_cc26xx_sdk_8_32_00_07/kernel/tirtos7/packages" -I"C:/ti/simplelink_cc13xx_cc26xx_sdk_8_32_00_07/source/ti/posix/ticlang" -gdwarf-3 -march=armv7e-m -MMD -MP -MF"telemetry.d_raw" -MT"telemetry.o" -I"C:/Users/maxor/workspace_ccstheia/sck2400_firmware/Debug/syscfg"  @"syscfg/ti_utils_build_compiler.opt"  -o"telemetry.o" "../telemetry.c"
17:58:29.348  Finished building: "../telemetry.c"
17:58:29.492  Arm Compiler - building file: "../uart.c"
17:58:29.497  "C:/ti/ti_cgt_arm_llvm_3.2.2.LTS/bin/tiarmclang.exe" -c -mcpu=cortex-m4 -mfloat-abi=hard -mfpu=fpv4-sp-d16 -mlittle-endian -mthumb -Oz -I"C:/Users/maxor/workspace_ccstheia/sck2400_firmware" -I"C:/Users/maxor/workspace_ccstheia/sck2400_firmware/Debug" -I"C:/ti/simplelink_cc13xx_cc26xx_sdk_8_32_00_07/source" -I"C:/ti/simplelink_cc13xx_cc26xx_sdk_8_32_00_07/kernel/tirtos7/packages" -I"C:/ti/simplelink_cc13xx_cc26xx_sdk_8_32_00_07/source/ti/posix/ticlang" -gdwarf-3 -march=armv7e-m -MMD -MP -MF"uart.d_raw" -MT"uart.o" -I"C:/Users/maxor/workspace_ccstheia/sck2400_firmware/Debug/syscfg"  @"syscfg/ti_utils_build_compiler.opt"  -o"uart.o" "../uart.c"
17:58:29.503  ../uart.c:649:31: warning: call to undeclared function 'usleep'; ISO C99 and later do not support implicit function declarations [-Wimplicit-function-declaration]
17:58:29.507  if (bytesRead == 0) { usleep(1000); elapsed++; continue; }
17:58:29.511  ^
17:58:29.515  1 warning generated.
17:58:29.518  Finished building: "../uart.c"
17:58:30.822  Arm Compiler - building file: "syscfg/ti_sysbios_config.c"
17:58:30.826  "C:/ti/ti_cgt_arm_llvm_3.2.2.LTS/bin/tiarmclang.exe" -c -mcpu=cortex-m4 -mfloat-abi=hard -mfpu=fpv4-sp-d16 -mlittle-endian -mthumb -Oz -I"C:/Users/maxor/workspace_ccstheia/sck2400_firmware" -I"C:/Users/maxor/workspace_ccstheia/sck2400_firmware/Debug" -I"C:/ti/simplelink_cc13xx_cc26xx_sdk_8_32_00_07/source" -I"C:/ti/simplelink_cc13xx_cc26xx_sdk_8_32_00_07/kernel/tirtos7/packages" -I"C:/ti/simplelink_cc13xx_cc26xx_sdk_8_32_00_07/source/ti/posix/ticlang" -gdwarf-3 -march=armv7e-m -MMD -MP -MF"syscfg/ti_sysbios_config.d_raw" -MT"syscfg/ti_sysbios_config.o" -I"C:/Users/maxor/workspace_ccstheia/sck2400_firmware/Debug/syscfg"  @"syscfg/ti_utils_build_compiler.opt"  -o"syscfg/ti_sysbios_config.o" "syscfg/ti_sysbios_config.c"
17:58:30.832  Finished building: "syscfg/ti_sysbios_config.c"
17:58:30.871  Arm Linker - building target: "sck2400_firmware.out"
17:58:30.874  "C:/ti/ti_cgt_arm_llvm_3.2.2.LTS/bin/tiarmclang.exe" -mcpu=cortex-m4 -mfloat-abi=hard -mfpu=fpv4-sp-d16 -mlittle-endian -mthumb -Oz -gdwarf-3 -march=armv7e-m -Wl,-m"sck2400_firmware.map" -Wl,-i"C:/ti/simplelink_cc13xx_cc26xx_sdk_8_32_00_07/source" -Wl,-i"C:/ti/simplelink_cc13xx_cc26xx_sdk_8_32_00_07/kernel/tirtos7/packages" -Wl,-i"C:/Users/maxor/workspace_ccstheia/sck2400_firmware/Debug/syscfg" -Wl,-i"C:/ti/ti_cgt_arm_llvm_3.2.2.LTS/lib" -Wl,--diag_wrap=off -Wl,--display_error_number -Wl,--warn_sections -Wl,--xml_link_info="sck2400_firmware_linkInfo.xml" -Wl,--rom_model -o "sck2400_firmware.out" "./RFQueue.o" "./ccsds.o" "./main.o" "./main_tirtos.o" "./oad_flash_stub.o" "./oad_image_header_app.o" "./oad_task.o" "./radio.o" "./syscfg/ti_devices_config.o" "./syscfg/ti_radio_config.o" "./syscfg/ti_drivers_config.o" "./syscfg/ti_sysbios_config.o" "./telemetry.o" "./uart.o" "../cc13x2_cc26x2_tirtos7.cmd"  -Wl,-lti_utils_build_linker.cmd.genlibs -Wl,-llibc.a
17:58:31.452  Finished building target: "sck2400_firmware.out"
17:58:31.504  "C:/ti/ti_cgt_arm_llvm_3.2.2.LTS/bin/tiarmhex" -order MS --memwidth=8 --romwidth=8 --intel -o "sck2400_firmware.hex" "sck2400_firmware"
17:58:31.516  Translating to Intel format...
17:58:31.519  "sck2400_firmware.out" .image_header ==> .image_header
17:58:31.522  "sck2400_firmware.out" .text ==> .text
17:58:31.525  "sck2400_firmware.out" .rodata ==> .rodata
17:58:31.527  "sck2400_firmware.out" .resetVecs ==> .resetVecs
17:58:31.530  "sck2400_firmware.out" .oad_entry_vec ==> .oad_entry_vec
17:58:31.532  "sck2400_firmware.out" .args ==> .args
17:58:31.535  "sck2400_firmware.out" .cinit ==> .cinit
17:58:31.538  "sck2400_firmware.out" .ccfg ==> .ccfg
17:58:31.600  **** Build finished ****
17:58:31.717  # ----------------------------------------
17:58:31.723  # Problem summary for project 'sck2400_firmware': 0 errors, 3 warnings
17:58:31.726  Warning: sck2400.syscfg [CONFIG_SPI_0(/ti/drivers/SPI) spi.pociPin]: Connected to hardware
17:58:31.730  Warning: sck2400.syscfg [CONFIG_SPI_0(/ti/drivers/SPI) spi.csnPin]: Connected to hardware
17:58:31.734  Warning: uart.c [line 649]: call to undeclared function 'usleep'; ISO C99 and later do not support implicit function declarations [-Wimplicit-function-declaration]
17:58:31.738  # --------------------------------------------------------------------------------
17:58:31.741  # [Wed Jun 24 17:58:31 CDT 2026]: CCS headless build complete - 0 out of 1 projects have errors
17:58:32.125  ✓ Build succeeded: C:\Users\maxor\workspace_ccstheia\sck2400_firmware\Debug\sck2400_firmware.hex
17:58:32.128    Board: GS Board  (APID 0x010)  APID: 0x010
17:58:32.131  OAD patch: reading oad_entry_vec address from map file...
17:58:32.134  OAD patch: oad_entry_vec at 0x0000DAB4 (summary table)
17:58:32.175  OAD patch: computed image len = 0x00009D54 (end=0x0000DD54)
17:58:32.178  OAD patch: .prgEntry already 0x0000DAB4 or pattern not found.
17:58:32.181  OAD patch: .len already 0x00009D54 or pattern not found.
17:58:32.185  OAD patch: deleted stale oad_image_header_app.o
17:58:32.187  OAD patch: incremental rebuild to bake prgEntry...
17:58:35.730  # ================================================================================
17:58:35.734  # [Wed Jun 24 17:58:35 CDT 2026]: CCS headless build starting...
17:58:37.853  **** Build of configuration 'Debug' for project 'sck2400_firmware' ****
17:58:37.884  "C:\\ti\\ccs2051\\ccs\\utils\\bin\\gmake" -k -j 12 all -r -O
17:58:38.089  Arm Compiler - building file: "../oad_image_header_app.c"
17:58:38.093  "C:/ti/ti_cgt_arm_llvm_3.2.2.LTS/bin/tiarmclang.exe" -c -mcpu=cortex-m4 -mfloat-abi=hard -mfpu=fpv4-sp-d16 -mlittle-endian -mthumb -Oz -I"C:/Users/maxor/workspace_ccstheia/sck2400_firmware" -I"C:/Users/maxor/workspace_ccstheia/sck2400_firmware/Debug" -I"C:/ti/simplelink_cc13xx_cc26xx_sdk_8_32_00_07/source" -I"C:/ti/simplelink_cc13xx_cc26xx_sdk_8_32_00_07/kernel/tirtos7/packages" -I"C:/ti/simplelink_cc13xx_cc26xx_sdk_8_32_00_07/source/ti/posix/ticlang" -gdwarf-3 -march=armv7e-m -MMD -MP -MF"oad_image_header_app.d_raw" -MT"oad_image_header_app.o" -I"C:/Users/maxor/workspace_ccstheia/sck2400_firmware/Debug/syscfg"  @"syscfg/ti_utils_build_compiler.opt"  -o"oad_image_header_app.o" "../oad_image_header_app.c"
17:58:38.099  Finished building: "../oad_image_header_app.c"
17:58:38.147  Arm Linker - building target: "sck2400_firmware.out"
17:58:38.151  "C:/ti/ti_cgt_arm_llvm_3.2.2.LTS/bin/tiarmclang.exe" -mcpu=cortex-m4 -mfloat-abi=hard -mfpu=fpv4-sp-d16 -mlittle-endian -mthumb -Oz -gdwarf-3 -march=armv7e-m -Wl,-m"sck2400_firmware.map" -Wl,-i"C:/ti/simplelink_cc13xx_cc26xx_sdk_8_32_00_07/source" -Wl,-i"C:/ti/simplelink_cc13xx_cc26xx_sdk_8_32_00_07/kernel/tirtos7/packages" -Wl,-i"C:/Users/maxor/workspace_ccstheia/sck2400_firmware/Debug/syscfg" -Wl,-i"C:/ti/ti_cgt_arm_llvm_3.2.2.LTS/lib" -Wl,--diag_wrap=off -Wl,--display_error_number -Wl,--warn_sections -Wl,--xml_link_info="sck2400_firmware_linkInfo.xml" -Wl,--rom_model -o "sck2400_firmware.out" "./RFQueue.o" "./ccsds.o" "./main.o" "./main_tirtos.o" "./oad_flash_stub.o" "./oad_image_header_app.o" "./oad_task.o" "./radio.o" "./syscfg/ti_devices_config.o" "./syscfg/ti_radio_config.o" "./syscfg/ti_drivers_config.o" "./syscfg/ti_sysbios_config.o" "./telemetry.o" "./uart.o" "../cc13x2_cc26x2_tirtos7.cmd"  -Wl,-lti_utils_build_linker.cmd.genlibs -Wl,-llibc.a
17:58:38.726  Finished building target: "sck2400_firmware.out"
17:58:38.782  "C:/ti/ti_cgt_arm_llvm_3.2.2.LTS/bin/tiarmhex" -order MS --memwidth=8 --romwidth=8 --intel -o "sck2400_firmware.hex" "sck2400_firmware"
17:58:38.794  Translating to Intel format...
17:58:38.798  "sck2400_firmware.out" .image_header ==> .image_header
17:58:38.801  "sck2400_firmware.out" .text ==> .text
17:58:38.804  "sck2400_firmware.out" .rodata ==> .rodata
17:58:38.807  "sck2400_firmware.out" .resetVecs ==> .resetVecs
17:58:38.811  "sck2400_firmware.out" .oad_entry_vec ==> .oad_entry_vec
17:58:38.815  "sck2400_firmware.out" .args ==> .args
17:58:38.818  "sck2400_firmware.out" .cinit ==> .cinit
17:58:38.843  "sck2400_firmware.out" .ccfg ==> .ccfg
17:58:38.912  **** Build finished ****
17:58:38.957  # ----------------------------------------
17:58:38.961  # Problem summary for project 'sck2400_firmware': 0 errors, 3 warnings
17:58:38.964  Warning: sck2400.syscfg [CONFIG_SPI_0(/ti/drivers/SPI) spi.pociPin]: Connected to hardware
17:58:38.967  Warning: sck2400.syscfg [CONFIG_SPI_0(/ti/drivers/SPI) spi.csnPin]: Connected to hardware
17:58:38.970  Warning: uart.c [line 649]: call to undeclared function 'usleep'; ISO C99 and later do not support implicit function declarations [-Wimplicit-function-declaration]
17:58:38.973  # --------------------------------------------------------------------------------
17:58:38.976  # [Wed Jun 24 17:58:38 CDT 2026]: CCS headless build complete - 0 out of 1 projects have errors
17:58:39.357  OAD patch: rebuild OK — prgEntry = 0x0000DAB4
17:58:44.851  XDS110 detected: Serial = L43003QX
17:58:44.882  ✓ Merged BIM + firmware → C:\Users\maxor\workspace_ccstheia\sck2400_merged.hex
17:58:44.913  ══════════════════════════════════════════════════
17:58:44.915    SCK-2400 Local Flash  →  GS Board  (APID 0x010)
17:58:44.918    XDS110: L43003QX
17:58:44.921    HEX: C:\Users\maxor\workspace_ccstheia\sck2400_merged.hex
17:58:44.923  ══════════════════════════════════════════════════
17:58:44.926  srfprog -t soc(XDS-L43003QX, CC1352P) -e all -p all -v rb -f "C:\Users\maxor\workspace_ccstheia\sck2400_merged.hex"
17:58:50.762  Texas Instruments SmartRF Flash Programmer 2 v1.8.2-windows
17:58:50.765  -------------------------------------------------------------------------------
17:58:50.767  Connected over 2-pin cJTAG.
17:58:50.770  Reading file: C:\Users\maxor\workspace_ccstheia\sck2400_merged.hex.
17:58:50.773  Start flash erase ...
17:58:50.796  OK
17:58:50.799  Start flash programming ...
17:58:50.801  0%0%4%9%13%97%99%100%
17:58:50.804  OK
17:58:50.807  Start flash verify ...
17:58:50.809  0%0%
17:58:50.812  Page: 0 verified OK.2%
17:58:50.814  Skip verification of unassigned page: 1.4%
17:58:50.817  Page: 2 verified OK.6%
17:58:50.820  Page: 3 verified OK.9%
17:58:50.822  Page: 4 verified OK.11%
17:58:50.825  Page: 5 verified OK.13%
17:58:50.829  Page: 6 verified OK.15%
17:58:50.832  Skip verification of unassigned page: 7.18%
17:58:50.835  Skip verification of unassigned page: 8.20%
17:58:50.837  Skip verification of unassigned page: 9.22%
17:58:50.840  Skip verification of unassigned page: 10.25%
17:58:50.843  Skip verification of unassigned page: 11.27%
17:58:50.846  Skip verification of unassigned page: 12.29%
17:58:50.848  Skip verification of unassigned page: 13.31%
17:58:50.851  Skip verification of unassigned page: 14.34%
17:58:50.854  Skip verification of unassigned page: 15.36%
17:58:50.856  Skip verification of unassigned page: 16.38%
17:58:50.859  Skip verification of unassigned page: 17.40%
17:58:50.879  Skip verification of unassigned page: 18.43%
17:58:50.881  Skip verification of unassigned page: 19.45%
17:58:50.884  Skip verification of unassigned page: 20.47%
17:58:50.886  Skip verification of unassigned page: 21.50%
17:58:50.889  Skip verification of unassigned page: 22.52%
17:58:50.892  Skip verification of unassigned page: 23.54%
17:58:50.895  Skip verification of unassigned page: 24.56%
17:58:50.897  Skip verification of unassigned page: 25.59%
17:58:50.900  Skip verification of unassigned page: 26.61%
17:58:50.903  Skip verification of unassigned page: 27.63%
17:58:50.906  Skip verification of unassigned page: 28.65%
17:58:50.908  Skip verification of unassigned page: 29.68%
17:58:50.913  Skip verification of unassigned page: 30.70%
17:58:50.915  Skip verification of unassigned page: 31.72%
17:58:50.918  Skip verification of unassigned page: 32.75%
17:58:50.921  Skip verification of unassigned page: 33.77%
17:58:50.923  Skip verification of unassigned page: 34.79%
17:58:50.926  Skip verification of unassigned page: 35.81%
17:58:50.929  Skip verification of unassigned page: 36.84%
17:58:50.932  Skip verification of unassigned page: 37.86%
17:58:50.934  Skip verification of unassigned page: 38.88%
17:58:50.937  Skip verification of unassigned page: 39.90%
17:58:50.940  Skip verification of unassigned page: 40.93%
17:58:50.942  Skip verification of unassigned page: 41.95%
17:58:50.970  Page: 42 verified OK.97%
17:58:50.973  Page: 43 verified OK.100%
17:58:50.976  OK
17:58:50.979  Reset target ...
17:58:50.982  OK
17:58:50.984  ✓ Flash complete — GS Board  (APID 0x010)
17:59:33.457    → TX [0000]  [CCSDS] get_telem seq=13 dest=0x010
17:59:38.660    ✗ No telem reply
18:05:30.624    → TX [0000]  [CCSDS] get_telem seq=14 dest=0x010
18:05:35.856    ✗ No telem reply
18:07:37.368    → TX [0000]  [CCSDS] get_telem seq=15 dest=0x010
18:07:42.525    ✗ No telem reply
18:17:26.275  RF Power: patched radio.h → TX_POWER = BENCH (0 dBm bench)
18:17:26.280  Board: patched ccsds.h → SCK_APID_THIS_BOARD = 0x010 (GS Board  (APID 0x010))
18:17:26.290  ══════════════════════════════════════════════════
18:17:26.292    SCK-2400 Build  →  GS Board  (APID 0x010)
18:17:26.293    SCK_APID_THIS_BOARD = 0x010
18:17:26.294    Build type: full
18:17:26.295  ══════════════════════════════════════════════════
18:17:29.599  # ================================================================================
18:17:29.605  # [Wed Jun 24 18:17:29 CDT 2026]: CCS headless build starting...
18:17:29.756  **** Clean-only build of configuration 'Debug' for project 'sck2400_firmware' ****
18:17:29.823  "C:\\ti\\ccs2051\\ccs\\utils\\bin\\gmake" -k -j 12 clean -r -O
18:17:30.051  DEL /F "syscfg\ti_radio_config.h" "syscfg\ti_drivers_config.h" "syscfg\ti_utils_build_linker.cmd.genlibs" "syscfg\ti_utils_build_linker.cmd.genmap" "syscfg\syscfg_c.rov.xs" "syscfg\ti_sysbios_config.h" "syscfg\ti_devices_config.c" "syscfg\ti_radio_config.c" "syscfg\ti_drivers_config.c" "syscfg\ti_utils_build_compiler.opt" "syscfg\ti_sysbios_config.c" "sck2400_firmware.out"
18:17:30.053  DEL /F "RFQueue.o" "ccsds.o" "main.o" "main_tirtos.o" "oad_flash_stub.o" "oad_image_header_app.o" "oad_task.o" "radio.o" "syscfg\ti_devices_config.o" "syscfg\ti_radio_config.o" "syscfg\ti_drivers_config.o" "syscfg\ti_sysbios_config.o" "telemetry.o" "uart.o"
18:17:30.054  DEL /F "RFQueue.d" "ccsds.d" "main.d" "main_tirtos.d" "oad_flash_stub.d" "oad_image_header_app.d" "oad_task.d" "radio.d" "syscfg\ti_devices_config.d" "syscfg\ti_radio_config.d" "syscfg\ti_drivers_config.d" "syscfg\ti_sysbios_config.d" "telemetry.d" "uart.d"
18:17:30.056  RMDIR /S/Q "syscfg"
18:17:30.123  **** Build finished ****
18:17:32.063  **** Build of configuration 'Debug' for project 'sck2400_firmware' ****
18:17:32.075  "C:\\ti\\ccs2051\\ccs\\utils\\bin\\gmake" -k -j 12 all -r -O
18:17:34.036  SysConfig - building file: "../sck2400.syscfg"
18:17:34.038  "C:/ti/sysconfig_1.21.1/sysconfig_cli.bat" -s "C:/ti/simplelink_cc13xx_cc26xx_sdk_8_32_00_07/.metadata/product.json" --script "C:/Users/maxor/workspace_ccstheia/sck2400_firmware/sck2400.syscfg" -o "syscfg" --compiler ticlang
18:17:34.040  Running script...
18:17:34.043  Validating...
18:17:34.044  warning: CONFIG_SPI_0(/ti/drivers/SPI) spi.pociPin: Connected to hardware
18:17:34.054  DIO8/14 is connected to LaunchPad SPI Bus on the CC1352P-2 LaunchPad. Consider selecting it in 'use hardware' above. Using a custom board?
18:17:34.057  warning: CONFIG_SPI_0(/ti/drivers/SPI) spi.csnPin: Connected to hardware
18:17:34.060  DIO20/38 is connected to MX25R8035F SPI Flash Chip Select on the CC1352P-2 LaunchPad. Consider selecting it in 'use hardware' above. Using a custom board?
18:17:34.063  0 error(s), 2 warning(s)
18:17:34.065  Generating Code (sck2400.syscfg)...
18:17:34.068  Writing C:\Users\maxor\workspace_ccstheia\sck2400_firmware\Debug\syscfg\ti_devices_config.c...
18:17:34.072  Writing C:\Users\maxor\workspace_ccstheia\sck2400_firmware\Debug\syscfg\ti_radio_config.c...
18:17:34.075  Writing C:\Users\maxor\workspace_ccstheia\sck2400_firmware\Debug\syscfg\ti_radio_config.h...
18:17:34.078  Writing C:\Users\maxor\workspace_ccstheia\sck2400_firmware\Debug\syscfg\ti_drivers_config.c...
18:17:34.081  Writing C:\Users\maxor\workspace_ccstheia\sck2400_firmware\Debug\syscfg\ti_drivers_config.h...
18:17:34.084  Writing C:\Users\maxor\workspace_ccstheia\sck2400_firmware\Debug\syscfg\ti_utils_build_linker.cmd.genlibs...
18:17:34.087  Writing C:\Users\maxor\workspace_ccstheia\sck2400_firmware\Debug\syscfg\ti_utils_build_linker.cmd.genmap...
18:17:34.090  Writing C:\Users\maxor\workspace_ccstheia\sck2400_firmware\Debug\syscfg\ti_utils_build_compiler.opt...
18:17:34.092  Writing C:\Users\maxor\workspace_ccstheia\sck2400_firmware\Debug\syscfg\syscfg_c.rov.xs...
18:17:34.095  Writing C:\Users\maxor\workspace_ccstheia\sck2400_firmware\Debug\syscfg\ti_sysbios_config.h...
18:17:34.098  Writing C:\Users\maxor\workspace_ccstheia\sck2400_firmware\Debug\syscfg\ti_sysbios_config.c...
18:17:34.100  Finished building: "../sck2400.syscfg"
18:17:34.247  Arm Compiler - building file: "../main.c"
18:17:34.253  "C:/ti/ti_cgt_arm_llvm_3.2.2.LTS/bin/tiarmclang.exe" -c -mcpu=cortex-m4 -mfloat-abi=hard -mfpu=fpv4-sp-d16 -mlittle-endian -mthumb -Oz -I"C:/Users/maxor/workspace_ccstheia/sck2400_firmware" -I"C:/Users/maxor/workspace_ccstheia/sck2400_firmware/Debug" -I"C:/ti/simplelink_cc13xx_cc26xx_sdk_8_32_00_07/source" -I"C:/ti/simplelink_cc13xx_cc26xx_sdk_8_32_00_07/kernel/tirtos7/packages" -I"C:/ti/simplelink_cc13xx_cc26xx_sdk_8_32_00_07/source/ti/posix/ticlang" -gdwarf-3 -march=armv7e-m -MMD -MP -MF"main.d_raw" -MT"main.o" -I"C:/Users/maxor/workspace_ccstheia/sck2400_firmware/Debug/syscfg"  @"syscfg/ti_utils_build_compiler.opt"  -o"main.o" "../main.c"
18:17:34.260  ../main.c:399:28: error: expected ';' after expression
18:17:34.265  Watchdog_init(); -- SPI driver manages power internally.
18:17:34.268  ^
18:17:34.271  ;
18:17:34.274  ../main.c:399:25: error: use of undeclared identifier 'SPI'
18:17:34.277  Watchdog_init(); -- SPI driver manages power internally.
18:17:34.280  ^
18:17:34.283  ../main.c:399:29: error: use of undeclared identifier 'driver'
18:17:34.286  Watchdog_init(); -- SPI driver manages power internally.
18:17:34.289  ^
18:17:34.293  3 errors generated.
18:17:34.296  Arm Compiler - building file: "../RFQueue.c"
18:17:34.300  "C:/ti/ti_cgt_arm_llvm_3.2.2.LTS/bin/tiarmclang.exe" -c -mcpu=cortex-m4 -mfloat-abi=hard -mfpu=fpv4-sp-d16 -mlittle-endian -mthumb -Oz -I"C:/Users/maxor/workspace_ccstheia/sck2400_firmware" -I"C:/Users/maxor/workspace_ccstheia/sck2400_firmware/Debug" -I"C:/ti/simplelink_cc13xx_cc26xx_sdk_8_32_00_07/source" -I"C:/ti/simplelink_cc13xx_cc26xx_sdk_8_32_00_07/kernel/tirtos7/packages" -I"C:/ti/simplelink_cc13xx_cc26xx_sdk_8_32_00_07/source/ti/posix/ticlang" -gdwarf-3 -march=armv7e-m -MMD -MP -MF"RFQueue.d_raw" -MT"RFQueue.o" -I"C:/Users/maxor/workspace_ccstheia/sck2400_firmware/Debug/syscfg"  @"syscfg/ti_utils_build_compiler.opt"  -o"RFQueue.o" "../RFQueue.c"
18:17:34.305  Finished building: "../RFQueue.c"
18:17:34.313  Arm Compiler - building file: "../ccsds.c"
18:17:34.318  "C:/ti/ti_cgt_arm_llvm_3.2.2.LTS/bin/tiarmclang.exe" -c -mcpu=cortex-m4 -mfloat-abi=hard -mfpu=fpv4-sp-d16 -mlittle-endian -mthumb -Oz -I"C:/Users/maxor/workspace_ccstheia/sck2400_firmware" -I"C:/Users/maxor/workspace_ccstheia/sck2400_firmware/Debug" -I"C:/ti/simplelink_cc13xx_cc26xx_sdk_8_32_00_07/source" -I"C:/ti/simplelink_cc13xx_cc26xx_sdk_8_32_00_07/kernel/tirtos7/packages" -I"C:/ti/simplelink_cc13xx_cc26xx_sdk_8_32_00_07/source/ti/posix/ticlang" -gdwarf-3 -march=armv7e-m -MMD -MP -MF"ccsds.d_raw" -MT"ccsds.o" -I"C:/Users/maxor/workspace_ccstheia/sck2400_firmware/Debug/syscfg"  @"syscfg/ti_utils_build_compiler.opt"  -o"ccsds.o" "../ccsds.c"
18:17:34.324  Finished building: "../ccsds.c"
18:17:34.416  Arm Compiler - building file: "../main_tirtos.c"
18:17:34.420  "C:/ti/ti_cgt_arm_llvm_3.2.2.LTS/bin/tiarmclang.exe" -c -mcpu=cortex-m4 -mfloat-abi=hard -mfpu=fpv4-sp-d16 -mlittle-endian -mthumb -Oz -I"C:/Users/maxor/workspace_ccstheia/sck2400_firmware" -I"C:/Users/maxor/workspace_ccstheia/sck2400_firmware/Debug" -I"C:/ti/simplelink_cc13xx_cc26xx_sdk_8_32_00_07/source" -I"C:/ti/simplelink_cc13xx_cc26xx_sdk_8_32_00_07/kernel/tirtos7/packages" -I"C:/ti/simplelink_cc13xx_cc26xx_sdk_8_32_00_07/source/ti/posix/ticlang" -gdwarf-3 -march=armv7e-m -MMD -MP -MF"main_tirtos.d_raw" -MT"main_tirtos.o" -I"C:/Users/maxor/workspace_ccstheia/sck2400_firmware/Debug/syscfg"  @"syscfg/ti_utils_build_compiler.opt"  -o"main_tirtos.o" "../main_tirtos.c"
18:17:34.424  Finished building: "../main_tirtos.c"
18:17:34.462  Arm Compiler - building file: "../oad_image_header_app.c"
18:17:34.466  "C:/ti/ti_cgt_arm_llvm_3.2.2.LTS/bin/tiarmclang.exe" -c -mcpu=cortex-m4 -mfloat-abi=hard -mfpu=fpv4-sp-d16 -mlittle-endian -mthumb -Oz -I"C:/Users/maxor/workspace_ccstheia/sck2400_firmware" -I"C:/Users/maxor/workspace_ccstheia/sck2400_firmware/Debug" -I"C:/ti/simplelink_cc13xx_cc26xx_sdk_8_32_00_07/source" -I"C:/ti/simplelink_cc13xx_cc26xx_sdk_8_32_00_07/kernel/tirtos7/packages" -I"C:/ti/simplelink_cc13xx_cc26xx_sdk_8_32_00_07/source/ti/posix/ticlang" -gdwarf-3 -march=armv7e-m -MMD -MP -MF"oad_image_header_app.d_raw" -MT"oad_image_header_app.o" -I"C:/Users/maxor/workspace_ccstheia/sck2400_firmware/Debug/syscfg"  @"syscfg/ti_utils_build_compiler.opt"  -o"oad_image_header_app.o" "../oad_image_header_app.c"
18:17:34.471  Finished building: "../oad_image_header_app.c"
18:17:34.549  Arm Compiler - building file: "../oad_flash_stub.c"
18:17:34.570  "C:/ti/ti_cgt_arm_llvm_3.2.2.LTS/bin/tiarmclang.exe" -c -mcpu=cortex-m4 -mfloat-abi=hard -mfpu=fpv4-sp-d16 -mlittle-endian -mthumb -Oz -I"C:/Users/maxor/workspace_ccstheia/sck2400_firmware" -I"C:/Users/maxor/workspace_ccstheia/sck2400_firmware/Debug" -I"C:/ti/simplelink_cc13xx_cc26xx_sdk_8_32_00_07/source" -I"C:/ti/simplelink_cc13xx_cc26xx_sdk_8_32_00_07/kernel/tirtos7/packages" -I"C:/ti/simplelink_cc13xx_cc26xx_sdk_8_32_00_07/source/ti/posix/ticlang" -gdwarf-3 -march=armv7e-m -MMD -MP -MF"oad_flash_stub.d_raw" -MT"oad_flash_stub.o" -I"C:/Users/maxor/workspace_ccstheia/sck2400_firmware/Debug/syscfg"  @"syscfg/ti_utils_build_compiler.opt"  -o"oad_flash_stub.o" "../oad_flash_stub.c"
18:17:34.577  Finished building: "../oad_flash_stub.c"
18:17:34.687  Arm Compiler - building file: "../oad_task.c"
18:17:34.694  "C:/ti/ti_cgt_arm_llvm_3.2.2.LTS/bin/tiarmclang.exe" -c -mcpu=cortex-m4 -mfloat-abi=hard -mfpu=fpv4-sp-d16 -mlittle-endian -mthumb -Oz -I"C:/Users/maxor/workspace_ccstheia/sck2400_firmware" -I"C:/Users/maxor/workspace_ccstheia/sck2400_firmware/Debug" -I"C:/ti/simplelink_cc13xx_cc26xx_sdk_8_32_00_07/source" -I"C:/ti/simplelink_cc13xx_cc26xx_sdk_8_32_00_07/kernel/tirtos7/packages" -I"C:/ti/simplelink_cc13xx_cc26xx_sdk_8_32_00_07/source/ti/posix/ticlang" -gdwarf-3 -march=armv7e-m -MMD -MP -MF"oad_task.d_raw" -MT"oad_task.o" -I"C:/Users/maxor/workspace_ccstheia/sck2400_firmware/Debug/syscfg"  @"syscfg/ti_utils_build_compiler.opt"  -o"oad_task.o" "../oad_task.c"
18:17:34.700  Finished building: "../oad_task.c"
18:17:34.833  Arm Compiler - building file: "syscfg/ti_devices_config.c"
18:17:34.838  "C:/ti/ti_cgt_arm_llvm_3.2.2.LTS/bin/tiarmclang.exe" -c -mcpu=cortex-m4 -mfloat-abi=hard -mfpu=fpv4-sp-d16 -mlittle-endian -mthumb -Oz -I"C:/Users/maxor/workspace_ccstheia/sck2400_firmware" -I"C:/Users/maxor/workspace_ccstheia/sck2400_firmware/Debug" -I"C:/ti/simplelink_cc13xx_cc26xx_sdk_8_32_00_07/source" -I"C:/ti/simplelink_cc13xx_cc26xx_sdk_8_32_00_07/kernel/tirtos7/packages" -I"C:/ti/simplelink_cc13xx_cc26xx_sdk_8_32_00_07/source/ti/posix/ticlang" -gdwarf-3 -march=armv7e-m -MMD -MP -MF"syscfg/ti_devices_config.d_raw" -MT"syscfg/ti_devices_config.o" -I"C:/Users/maxor/workspace_ccstheia/sck2400_firmware/Debug/syscfg"  @"syscfg/ti_utils_build_compiler.opt"  -o"syscfg/ti_devices_config.o" "syscfg/ti_devices_config.c"
18:17:34.844  Finished building: "syscfg/ti_devices_config.c"
18:17:34.863  Arm Compiler - building file: "syscfg/ti_radio_config.c"
18:17:34.872  "C:/ti/ti_cgt_arm_llvm_3.2.2.LTS/bin/tiarmclang.exe" -c -mcpu=cortex-m4 -mfloat-abi=hard -mfpu=fpv4-sp-d16 -mlittle-endian -mthumb -Oz -I"C:/Users/maxor/workspace_ccstheia/sck2400_firmware" -I"C:/Users/maxor/workspace_ccstheia/sck2400_firmware/Debug" -I"C:/ti/simplelink_cc13xx_cc26xx_sdk_8_32_00_07/source" -I"C:/ti/simplelink_cc13xx_cc26xx_sdk_8_32_00_07/kernel/tirtos7/packages" -I"C:/ti/simplelink_cc13xx_cc26xx_sdk_8_32_00_07/source/ti/posix/ticlang" -gdwarf-3 -march=armv7e-m -MMD -MP -MF"syscfg/ti_radio_config.d_raw" -MT"syscfg/ti_radio_config.o" -I"C:/Users/maxor/workspace_ccstheia/sck2400_firmware/Debug/syscfg"  @"syscfg/ti_utils_build_compiler.opt"  -o"syscfg/ti_radio_config.o" "syscfg/ti_radio_config.c"
18:17:34.879  Finished building: "syscfg/ti_radio_config.c"
18:17:34.918  Arm Compiler - building file: "../radio.c"
18:17:34.923  "C:/ti/ti_cgt_arm_llvm_3.2.2.LTS/bin/tiarmclang.exe" -c -mcpu=cortex-m4 -mfloat-abi=hard -mfpu=fpv4-sp-d16 -mlittle-endian -mthumb -Oz -I"C:/Users/maxor/workspace_ccstheia/sck2400_firmware" -I"C:/Users/maxor/workspace_ccstheia/sck2400_firmware/Debug" -I"C:/ti/simplelink_cc13xx_cc26xx_sdk_8_32_00_07/source" -I"C:/ti/simplelink_cc13xx_cc26xx_sdk_8_32_00_07/kernel/tirtos7/packages" -I"C:/ti/simplelink_cc13xx_cc26xx_sdk_8_32_00_07/source/ti/posix/ticlang" -gdwarf-3 -march=armv7e-m -MMD -MP -MF"radio.d_raw" -MT"radio.o" -I"C:/Users/maxor/workspace_ccstheia/sck2400_firmware/Debug/syscfg"  @"syscfg/ti_utils_build_compiler.opt"  -o"radio.o" "../radio.c"
18:17:34.931  Finished building: "../radio.c"
18:17:35.006  Arm Compiler - building file: "syscfg/ti_drivers_config.c"
18:17:35.011  "C:/ti/ti_cgt_arm_llvm_3.2.2.LTS/bin/tiarmclang.exe" -c -mcpu=cortex-m4 -mfloat-abi=hard -mfpu=fpv4-sp-d16 -mlittle-endian -mthumb -Oz -I"C:/Users/maxor/workspace_ccstheia/sck2400_firmware" -I"C:/Users/maxor/workspace_ccstheia/sck2400_firmware/Debug" -I"C:/ti/simplelink_cc13xx_cc26xx_sdk_8_32_00_07/source" -I"C:/ti/simplelink_cc13xx_cc26xx_sdk_8_32_00_07/kernel/tirtos7/packages" -I"C:/ti/simplelink_cc13xx_cc26xx_sdk_8_32_00_07/source/ti/posix/ticlang" -gdwarf-3 -march=armv7e-m -MMD -MP -MF"syscfg/ti_drivers_config.d_raw" -MT"syscfg/ti_drivers_config.o" -I"C:/Users/maxor/workspace_ccstheia/sck2400_firmware/Debug/syscfg"  @"syscfg/ti_utils_build_compiler.opt"  -o"syscfg/ti_drivers_config.o" "syscfg/ti_drivers_config.c"
18:17:35.018  Finished building: "syscfg/ti_drivers_config.c"
18:17:35.148  Arm Compiler - building file: "../telemetry.c"
18:17:35.152  "C:/ti/ti_cgt_arm_llvm_3.2.2.LTS/bin/tiarmclang.exe" -c -mcpu=cortex-m4 -mfloat-abi=hard -mfpu=fpv4-sp-d16 -mlittle-endian -mthumb -Oz -I"C:/Users/maxor/workspace_ccstheia/sck2400_firmware" -I"C:/Users/maxor/workspace_ccstheia/sck2400_firmware/Debug" -I"C:/ti/simplelink_cc13xx_cc26xx_sdk_8_32_00_07/source" -I"C:/ti/simplelink_cc13xx_cc26xx_sdk_8_32_00_07/kernel/tirtos7/packages" -I"C:/ti/simplelink_cc13xx_cc26xx_sdk_8_32_00_07/source/ti/posix/ticlang" -gdwarf-3 -march=armv7e-m -MMD -MP -MF"telemetry.d_raw" -MT"telemetry.o" -I"C:/Users/maxor/workspace_ccstheia/sck2400_firmware/Debug/syscfg"  @"syscfg/ti_utils_build_compiler.opt"  -o"telemetry.o" "../telemetry.c"
18:17:35.156  Finished building: "../telemetry.c"
18:17:35.294  Arm Compiler - building file: "../uart.c"
18:17:35.299  "C:/ti/ti_cgt_arm_llvm_3.2.2.LTS/bin/tiarmclang.exe" -c -mcpu=cortex-m4 -mfloat-abi=hard -mfpu=fpv4-sp-d16 -mlittle-endian -mthumb -Oz -I"C:/Users/maxor/workspace_ccstheia/sck2400_firmware" -I"C:/Users/maxor/workspace_ccstheia/sck2400_firmware/Debug" -I"C:/ti/simplelink_cc13xx_cc26xx_sdk_8_32_00_07/source" -I"C:/ti/simplelink_cc13xx_cc26xx_sdk_8_32_00_07/kernel/tirtos7/packages" -I"C:/ti/simplelink_cc13xx_cc26xx_sdk_8_32_00_07/source/ti/posix/ticlang" -gdwarf-3 -march=armv7e-m -MMD -MP -MF"uart.d_raw" -MT"uart.o" -I"C:/Users/maxor/workspace_ccstheia/sck2400_firmware/Debug/syscfg"  @"syscfg/ti_utils_build_compiler.opt"  -o"uart.o" "../uart.c"
18:17:35.304  ../uart.c:655:31: warning: call to undeclared function 'usleep'; ISO C99 and later do not support implicit function declarations [-Wimplicit-function-declaration]
18:17:35.308  if (bytesRead == 0) { usleep(1000); elapsed++; continue; }
18:17:35.313  ^
18:17:35.316  1 warning generated.
18:17:35.319  Finished building: "../uart.c"
18:17:36.316  Arm Compiler - building file: "syscfg/ti_sysbios_config.c"
18:17:36.319  "C:/ti/ti_cgt_arm_llvm_3.2.2.LTS/bin/tiarmclang.exe" -c -mcpu=cortex-m4 -mfloat-abi=hard -mfpu=fpv4-sp-d16 -mlittle-endian -mthumb -Oz -I"C:/Users/maxor/workspace_ccstheia/sck2400_firmware" -I"C:/Users/maxor/workspace_ccstheia/sck2400_firmware/Debug" -I"C:/ti/simplelink_cc13xx_cc26xx_sdk_8_32_00_07/source" -I"C:/ti/simplelink_cc13xx_cc26xx_sdk_8_32_00_07/kernel/tirtos7/packages" -I"C:/ti/simplelink_cc13xx_cc26xx_sdk_8_32_00_07/source/ti/posix/ticlang" -gdwarf-3 -march=armv7e-m -MMD -MP -MF"syscfg/ti_sysbios_config.d_raw" -MT"syscfg/ti_sysbios_config.o" -I"C:/Users/maxor/workspace_ccstheia/sck2400_firmware/Debug/syscfg"  @"syscfg/ti_utils_build_compiler.opt"  -o"syscfg/ti_sysbios_config.o" "syscfg/ti_sysbios_config.c"
18:17:36.323  Finished building: "syscfg/ti_sysbios_config.c"
18:17:36.326  gmake: Target 'all' not remade because of errors.
18:17:36.365  **** Build finished ****
18:17:36.518  # ----------------------------------------
18:17:36.522  # Problem summary for project 'sck2400_firmware': 3 errors, 3 warnings
18:17:36.526  Error: main.c [line 399]: expected ';' after expression
18:17:36.530  Error: main.c [line 399]: use of undeclared identifier 'SPI'
18:17:36.533  Error: main.c [line 399]: use of undeclared identifier 'driver'
18:17:36.537  Warning: sck2400.syscfg [CONFIG_SPI_0(/ti/drivers/SPI) spi.csnPin]: Connected to hardware
18:17:36.541  Warning: sck2400.syscfg [CONFIG_SPI_0(/ti/drivers/SPI) spi.pociPin]: Connected to hardware
18:17:36.546  Warning: uart.c [line 655]: call to undeclared function 'usleep'; ISO C99 and later do not support implicit function declarations [-Wimplicit-function-declaration]
18:17:36.568  # --------------------------------------------------------------------------------
18:17:36.572  # [Wed Jun 24 18:17:36 CDT 2026]: CCS headless build complete - 1 out of 1 projects have errors
18:17:36.908  ✗ Build FAILED (exit 1)
18:20:38.583  Not connected.
18:20:40.775  Connected: COM8 @ 921600
18:20:42.741    → TX [0000]  [CCSDS] get_telem seq=16 dest=0x010
18:20:47.924    ✗ No telem reply
18:28:42.940  Serial port closed.
18:28:43.434  Connected: COM8 @ 921600
18:28:50.094    → TX [0000]  [CCSDS] get_telem seq=17 dest=0x010
18:28:54.772    ✗ No telem reply
18:53:21.449  Not connected.
18:53:23.359  Connected: COM8 @ 921600
18:53:25.430    → TX [0000]  [CCSDS] get_telem seq=18 dest=0x010
18:53:30.177    ✗ No telem reply
19:00:35.025  RF Power: patched radio.h → TX_POWER = BENCH (0 dBm bench)
19:00:35.030  Board: patched ccsds.h → SCK_APID_THIS_BOARD = 0x010 (GS Board  (APID 0x010))
19:00:35.042  ══════════════════════════════════════════════════
19:00:35.045    SCK-2400 Build  →  GS Board  (APID 0x010)
19:00:35.047    SCK_APID_THIS_BOARD = 0x010
19:00:35.049    Build type: full
19:00:35.052  ══════════════════════════════════════════════════
19:00:38.434  # ================================================================================
19:00:38.440  # [Wed Jun 24 19:00:38 CDT 2026]: CCS headless build starting...
19:00:38.578  **** Clean-only build of configuration 'Debug' for project 'sck2400_firmware' ****
19:00:38.632  "C:\\ti\\ccs2051\\ccs\\utils\\bin\\gmake" -k -j 12 clean -r -O
19:00:38.874  DEL /F "syscfg\ti_radio_config.h" "syscfg\ti_drivers_config.h" "syscfg\ti_utils_build_linker.cmd.genlibs" "syscfg\ti_utils_build_linker.cmd.genmap" "syscfg\syscfg_c.rov.xs" "syscfg\ti_sysbios_config.h" "syscfg\ti_devices_config.c" "syscfg\ti_radio_config.c" "syscfg\ti_drivers_config.c" "syscfg\ti_utils_build_compiler.opt" "syscfg\ti_sysbios_config.c" "sck2400_firmware.out"
19:00:38.883  DEL /F "RFQueue.o" "ccsds.o" "main.o" "main_tirtos.o" "oad_flash_stub.o" "oad_image_header_app.o" "oad_task.o" "radio.o" "syscfg\ti_devices_config.o" "syscfg\ti_radio_config.o" "syscfg\ti_drivers_config.o" "syscfg\ti_sysbios_config.o" "telemetry.o" "uart.o"
19:00:38.886  DEL /F "RFQueue.d" "ccsds.d" "main.d" "main_tirtos.d" "oad_flash_stub.d" "oad_image_header_app.d" "oad_task.d" "radio.d" "syscfg\ti_devices_config.d" "syscfg\ti_radio_config.d" "syscfg\ti_drivers_config.d" "syscfg\ti_sysbios_config.d" "telemetry.d" "uart.d"
19:00:38.889  RMDIR /S/Q "syscfg"
19:00:38.977  **** Build finished ****
19:00:40.873  **** Build of configuration 'Debug' for project 'sck2400_firmware' ****
19:00:40.885  "C:\\ti\\ccs2051\\ccs\\utils\\bin\\gmake" -k -j 12 all -r -O
19:00:43.643  SysConfig - building file: "../sck2400.syscfg"
19:00:43.647  "C:/ti/sysconfig_1.21.1/sysconfig_cli.bat" -s "C:/ti/simplelink_cc13xx_cc26xx_sdk_8_32_00_07/.metadata/product.json" --script "C:/Users/maxor/workspace_ccstheia/sck2400_firmware/sck2400.syscfg" -o "syscfg" --compiler ticlang
19:00:43.654  Running script...
19:00:43.658  Validating...
19:00:43.661  warning: CONFIG_SPI_0(/ti/drivers/SPI) spi.pociPin: Connected to hardware
19:00:43.664  DIO8/14 is connected to LaunchPad SPI Bus on the CC1352P-2 LaunchPad. Consider selecting it in 'use hardware' above. Using a custom board?
19:00:43.667  warning: CONFIG_SPI_0(/ti/drivers/SPI) spi.csnPin: Connected to hardware
19:00:43.670  DIO20/38 is connected to MX25R8035F SPI Flash Chip Select on the CC1352P-2 LaunchPad. Consider selecting it in 'use hardware' above. Using a custom board?
19:00:43.673  0 error(s), 2 warning(s)
19:00:43.676  Generating Code (sck2400.syscfg)...
19:00:43.678  Writing C:\Users\maxor\workspace_ccstheia\sck2400_firmware\Debug\syscfg\ti_devices_config.c...
19:00:43.681  Writing C:\Users\maxor\workspace_ccstheia\sck2400_firmware\Debug\syscfg\ti_radio_config.c...
19:00:43.684  Writing C:\Users\maxor\workspace_ccstheia\sck2400_firmware\Debug\syscfg\ti_radio_config.h...
19:00:43.687  Writing C:\Users\maxor\workspace_ccstheia\sck2400_firmware\Debug\syscfg\ti_drivers_config.c...
19:00:43.690  Writing C:\Users\maxor\workspace_ccstheia\sck2400_firmware\Debug\syscfg\ti_drivers_config.h...
19:00:43.694  Writing C:\Users\maxor\workspace_ccstheia\sck2400_firmware\Debug\syscfg\ti_utils_build_linker.cmd.genlibs...
19:00:43.698  Writing C:\Users\maxor\workspace_ccstheia\sck2400_firmware\Debug\syscfg\ti_utils_build_linker.cmd.genmap...
19:00:43.703  Writing C:\Users\maxor\workspace_ccstheia\sck2400_firmware\Debug\syscfg\ti_utils_build_compiler.opt...
19:00:43.707  Writing C:\Users\maxor\workspace_ccstheia\sck2400_firmware\Debug\syscfg\syscfg_c.rov.xs...
19:00:43.710  Writing C:\Users\maxor\workspace_ccstheia\sck2400_firmware\Debug\syscfg\ti_sysbios_config.h...
19:00:43.714  Writing C:\Users\maxor\workspace_ccstheia\sck2400_firmware\Debug\syscfg\ti_sysbios_config.c...
19:00:43.739  Finished building: "../sck2400.syscfg"
19:00:43.902  Arm Compiler - building file: "../RFQueue.c"
19:00:43.908  "C:/ti/ti_cgt_arm_llvm_3.2.2.LTS/bin/tiarmclang.exe" -c -mcpu=cortex-m4 -mfloat-abi=hard -mfpu=fpv4-sp-d16 -mlittle-endian -mthumb -Oz -I"C:/Users/maxor/workspace_ccstheia/sck2400_firmware" -I"C:/Users/maxor/workspace_ccstheia/sck2400_firmware/Debug" -I"C:/ti/simplelink_cc13xx_cc26xx_sdk_8_32_00_07/source" -I"C:/ti/simplelink_cc13xx_cc26xx_sdk_8_32_00_07/kernel/tirtos7/packages" -I"C:/ti/simplelink_cc13xx_cc26xx_sdk_8_32_00_07/source/ti/posix/ticlang" -gdwarf-3 -march=armv7e-m -MMD -MP -MF"RFQueue.d_raw" -MT"RFQueue.o" -I"C:/Users/maxor/workspace_ccstheia/sck2400_firmware/Debug/syscfg"  @"syscfg/ti_utils_build_compiler.opt"  -o"RFQueue.o" "../RFQueue.c"
19:00:43.914  Finished building: "../RFQueue.c"
19:00:43.952  Arm Compiler - building file: "../ccsds.c"
19:00:43.956  "C:/ti/ti_cgt_arm_llvm_3.2.2.LTS/bin/tiarmclang.exe" -c -mcpu=cortex-m4 -mfloat-abi=hard -mfpu=fpv4-sp-d16 -mlittle-endian -mthumb -Oz -I"C:/Users/maxor/workspace_ccstheia/sck2400_firmware" -I"C:/Users/maxor/workspace_ccstheia/sck2400_firmware/Debug" -I"C:/ti/simplelink_cc13xx_cc26xx_sdk_8_32_00_07/source" -I"C:/ti/simplelink_cc13xx_cc26xx_sdk_8_32_00_07/kernel/tirtos7/packages" -I"C:/ti/simplelink_cc13xx_cc26xx_sdk_8_32_00_07/source/ti/posix/ticlang" -gdwarf-3 -march=armv7e-m -MMD -MP -MF"ccsds.d_raw" -MT"ccsds.o" -I"C:/Users/maxor/workspace_ccstheia/sck2400_firmware/Debug/syscfg"  @"syscfg/ti_utils_build_compiler.opt"  -o"ccsds.o" "../ccsds.c"
19:00:43.960  Finished building: "../ccsds.c"
19:00:43.994  Arm Compiler - building file: "../main.c"
19:00:43.998  "C:/ti/ti_cgt_arm_llvm_3.2.2.LTS/bin/tiarmclang.exe" -c -mcpu=cortex-m4 -mfloat-abi=hard -mfpu=fpv4-sp-d16 -mlittle-endian -mthumb -Oz -I"C:/Users/maxor/workspace_ccstheia/sck2400_firmware" -I"C:/Users/maxor/workspace_ccstheia/sck2400_firmware/Debug" -I"C:/ti/simplelink_cc13xx_cc26xx_sdk_8_32_00_07/source" -I"C:/ti/simplelink_cc13xx_cc26xx_sdk_8_32_00_07/kernel/tirtos7/packages" -I"C:/ti/simplelink_cc13xx_cc26xx_sdk_8_32_00_07/source/ti/posix/ticlang" -gdwarf-3 -march=armv7e-m -MMD -MP -MF"main.d_raw" -MT"main.o" -I"C:/Users/maxor/workspace_ccstheia/sck2400_firmware/Debug/syscfg"  @"syscfg/ti_utils_build_compiler.opt"  -o"main.o" "../main.c"
19:00:44.002  Finished building: "../main.c"
19:00:44.050  Arm Compiler - building file: "../main_tirtos.c"
19:00:44.053  "C:/ti/ti_cgt_arm_llvm_3.2.2.LTS/bin/tiarmclang.exe" -c -mcpu=cortex-m4 -mfloat-abi=hard -mfpu=fpv4-sp-d16 -mlittle-endian -mthumb -Oz -I"C:/Users/maxor/workspace_ccstheia/sck2400_firmware" -I"C:/Users/maxor/workspace_ccstheia/sck2400_firmware/Debug" -I"C:/ti/simplelink_cc13xx_cc26xx_sdk_8_32_00_07/source" -I"C:/ti/simplelink_cc13xx_cc26xx_sdk_8_32_00_07/kernel/tirtos7/packages" -I"C:/ti/simplelink_cc13xx_cc26xx_sdk_8_32_00_07/source/ti/posix/ticlang" -gdwarf-3 -march=armv7e-m -MMD -MP -MF"main_tirtos.d_raw" -MT"main_tirtos.o" -I"C:/Users/maxor/workspace_ccstheia/sck2400_firmware/Debug/syscfg"  @"syscfg/ti_utils_build_compiler.opt"  -o"main_tirtos.o" "../main_tirtos.c"
19:00:44.059  Finished building: "../main_tirtos.c"
19:00:44.161  Arm Compiler - building file: "../oad_flash_stub.c"
19:00:44.165  "C:/ti/ti_cgt_arm_llvm_3.2.2.LTS/bin/tiarmclang.exe" -c -mcpu=cortex-m4 -mfloat-abi=hard -mfpu=fpv4-sp-d16 -mlittle-endian -mthumb -Oz -I"C:/Users/maxor/workspace_ccstheia/sck2400_firmware" -I"C:/Users/maxor/workspace_ccstheia/sck2400_firmware/Debug" -I"C:/ti/simplelink_cc13xx_cc26xx_sdk_8_32_00_07/source" -I"C:/ti/simplelink_cc13xx_cc26xx_sdk_8_32_00_07/kernel/tirtos7/packages" -I"C:/ti/simplelink_cc13xx_cc26xx_sdk_8_32_00_07/source/ti/posix/ticlang" -gdwarf-3 -march=armv7e-m -MMD -MP -MF"oad_flash_stub.d_raw" -MT"oad_flash_stub.o" -I"C:/Users/maxor/workspace_ccstheia/sck2400_firmware/Debug/syscfg"  @"syscfg/ti_utils_build_compiler.opt"  -o"oad_flash_stub.o" "../oad_flash_stub.c"
19:00:44.171  Finished building: "../oad_flash_stub.c"
19:00:44.245  Arm Compiler - building file: "../oad_image_header_app.c"
19:00:44.248  "C:/ti/ti_cgt_arm_llvm_3.2.2.LTS/bin/tiarmclang.exe" -c -mcpu=cortex-m4 -mfloat-abi=hard -mfpu=fpv4-sp-d16 -mlittle-endian -mthumb -Oz -I"C:/Users/maxor/workspace_ccstheia/sck2400_firmware" -I"C:/Users/maxor/workspace_ccstheia/sck2400_firmware/Debug" -I"C:/ti/simplelink_cc13xx_cc26xx_sdk_8_32_00_07/source" -I"C:/ti/simplelink_cc13xx_cc26xx_sdk_8_32_00_07/kernel/tirtos7/packages" -I"C:/ti/simplelink_cc13xx_cc26xx_sdk_8_32_00_07/source/ti/posix/ticlang" -gdwarf-3 -march=armv7e-m -MMD -MP -MF"oad_image_header_app.d_raw" -MT"oad_image_header_app.o" -I"C:/Users/maxor/workspace_ccstheia/sck2400_firmware/Debug/syscfg"  @"syscfg/ti_utils_build_compiler.opt"  -o"oad_image_header_app.o" "../oad_image_header_app.c"
19:00:44.252  Finished building: "../oad_image_header_app.c"
19:00:44.333  Arm Compiler - building file: "../oad_task.c"
19:00:44.340  "C:/ti/ti_cgt_arm_llvm_3.2.2.LTS/bin/tiarmclang.exe" -c -mcpu=cortex-m4 -mfloat-abi=hard -mfpu=fpv4-sp-d16 -mlittle-endian -mthumb -Oz -I"C:/Users/maxor/workspace_ccstheia/sck2400_firmware" -I"C:/Users/maxor/workspace_ccstheia/sck2400_firmware/Debug" -I"C:/ti/simplelink_cc13xx_cc26xx_sdk_8_32_00_07/source" -I"C:/ti/simplelink_cc13xx_cc26xx_sdk_8_32_00_07/kernel/tirtos7/packages" -I"C:/ti/simplelink_cc13xx_cc26xx_sdk_8_32_00_07/source/ti/posix/ticlang" -gdwarf-3 -march=armv7e-m -MMD -MP -MF"oad_task.d_raw" -MT"oad_task.o" -I"C:/Users/maxor/workspace_ccstheia/sck2400_firmware/Debug/syscfg"  @"syscfg/ti_utils_build_compiler.opt"  -o"oad_task.o" "../oad_task.c"
19:00:44.346  Finished building: "../oad_task.c"
19:00:44.528  Arm Compiler - building file: "syscfg/ti_devices_config.c"
19:00:44.535  "C:/ti/ti_cgt_arm_llvm_3.2.2.LTS/bin/tiarmclang.exe" -c -mcpu=cortex-m4 -mfloat-abi=hard -mfpu=fpv4-sp-d16 -mlittle-endian -mthumb -Oz -I"C:/Users/maxor/workspace_ccstheia/sck2400_firmware" -I"C:/Users/maxor/workspace_ccstheia/sck2400_firmware/Debug" -I"C:/ti/simplelink_cc13xx_cc26xx_sdk_8_32_00_07/source" -I"C:/ti/simplelink_cc13xx_cc26xx_sdk_8_32_00_07/kernel/tirtos7/packages" -I"C:/ti/simplelink_cc13xx_cc26xx_sdk_8_32_00_07/source/ti/posix/ticlang" -gdwarf-3 -march=armv7e-m -MMD -MP -MF"syscfg/ti_devices_config.d_raw" -MT"syscfg/ti_devices_config.o" -I"C:/Users/maxor/workspace_ccstheia/sck2400_firmware/Debug/syscfg"  @"syscfg/ti_utils_build_compiler.opt"  -o"syscfg/ti_devices_config.o" "syscfg/ti_devices_config.c"
19:00:44.564  Finished building: "syscfg/ti_devices_config.c"
19:00:44.568  Arm Compiler - building file: "../radio.c"
19:00:44.572  "C:/ti/ti_cgt_arm_llvm_3.2.2.LTS/bin/tiarmclang.exe" -c -mcpu=cortex-m4 -mfloat-abi=hard -mfpu=fpv4-sp-d16 -mlittle-endian -mthumb -Oz -I"C:/Users/maxor/workspace_ccstheia/sck2400_firmware" -I"C:/Users/maxor/workspace_ccstheia/sck2400_firmware/Debug" -I"C:/ti/simplelink_cc13xx_cc26xx_sdk_8_32_00_07/source" -I"C:/ti/simplelink_cc13xx_cc26xx_sdk_8_32_00_07/kernel/tirtos7/packages" -I"C:/ti/simplelink_cc13xx_cc26xx_sdk_8_32_00_07/source/ti/posix/ticlang" -gdwarf-3 -march=armv7e-m -MMD -MP -MF"radio.d_raw" -MT"radio.o" -I"C:/Users/maxor/workspace_ccstheia/sck2400_firmware/Debug/syscfg"  @"syscfg/ti_utils_build_compiler.opt"  -o"radio.o" "../radio.c"
19:00:44.579  Finished building: "../radio.c"
19:00:44.636  Arm Compiler - building file: "syscfg/ti_radio_config.c"
19:00:44.641  "C:/ti/ti_cgt_arm_llvm_3.2.2.LTS/bin/tiarmclang.exe" -c -mcpu=cortex-m4 -mfloat-abi=hard -mfpu=fpv4-sp-d16 -mlittle-endian -mthumb -Oz -I"C:/Users/maxor/workspace_ccstheia/sck2400_firmware" -I"C:/Users/maxor/workspace_ccstheia/sck2400_firmware/Debug" -I"C:/ti/simplelink_cc13xx_cc26xx_sdk_8_32_00_07/source" -I"C:/ti/simplelink_cc13xx_cc26xx_sdk_8_32_00_07/kernel/tirtos7/packages" -I"C:/ti/simplelink_cc13xx_cc26xx_sdk_8_32_00_07/source/ti/posix/ticlang" -gdwarf-3 -march=armv7e-m -MMD -MP -MF"syscfg/ti_radio_config.d_raw" -MT"syscfg/ti_radio_config.o" -I"C:/Users/maxor/workspace_ccstheia/sck2400_firmware/Debug/syscfg"  @"syscfg/ti_utils_build_compiler.opt"  -o"syscfg/ti_radio_config.o" "syscfg/ti_radio_config.c"
19:00:44.646  Finished building: "syscfg/ti_radio_config.c"
19:00:44.715  Arm Compiler - building file: "syscfg/ti_drivers_config.c"
19:00:44.718  "C:/ti/ti_cgt_arm_llvm_3.2.2.LTS/bin/tiarmclang.exe" -c -mcpu=cortex-m4 -mfloat-abi=hard -mfpu=fpv4-sp-d16 -mlittle-endian -mthumb -Oz -I"C:/Users/maxor/workspace_ccstheia/sck2400_firmware" -I"C:/Users/maxor/workspace_ccstheia/sck2400_firmware/Debug" -I"C:/ti/simplelink_cc13xx_cc26xx_sdk_8_32_00_07/source" -I"C:/ti/simplelink_cc13xx_cc26xx_sdk_8_32_00_07/kernel/tirtos7/packages" -I"C:/ti/simplelink_cc13xx_cc26xx_sdk_8_32_00_07/source/ti/posix/ticlang" -gdwarf-3 -march=armv7e-m -MMD -MP -MF"syscfg/ti_drivers_config.d_raw" -MT"syscfg/ti_drivers_config.o" -I"C:/Users/maxor/workspace_ccstheia/sck2400_firmware/Debug/syscfg"  @"syscfg/ti_utils_build_compiler.opt"  -o"syscfg/ti_drivers_config.o" "syscfg/ti_drivers_config.c"
19:00:44.724  Finished building: "syscfg/ti_drivers_config.c"
19:00:44.834  Arm Compiler - building file: "../telemetry.c"
19:00:44.838  "C:/ti/ti_cgt_arm_llvm_3.2.2.LTS/bin/tiarmclang.exe" -c -mcpu=cortex-m4 -mfloat-abi=hard -mfpu=fpv4-sp-d16 -mlittle-endian -mthumb -Oz -I"C:/Users/maxor/workspace_ccstheia/sck2400_firmware" -I"C:/Users/maxor/workspace_ccstheia/sck2400_firmware/Debug" -I"C:/ti/simplelink_cc13xx_cc26xx_sdk_8_32_00_07/source" -I"C:/ti/simplelink_cc13xx_cc26xx_sdk_8_32_00_07/kernel/tirtos7/packages" -I"C:/ti/simplelink_cc13xx_cc26xx_sdk_8_32_00_07/source/ti/posix/ticlang" -gdwarf-3 -march=armv7e-m -MMD -MP -MF"telemetry.d_raw" -MT"telemetry.o" -I"C:/Users/maxor/workspace_ccstheia/sck2400_firmware/Debug/syscfg"  @"syscfg/ti_utils_build_compiler.opt"  -o"telemetry.o" "../telemetry.c"
19:00:44.842  Finished building: "../telemetry.c"
19:00:44.984  Arm Compiler - building file: "../uart.c"
19:00:44.989  "C:/ti/ti_cgt_arm_llvm_3.2.2.LTS/bin/tiarmclang.exe" -c -mcpu=cortex-m4 -mfloat-abi=hard -mfpu=fpv4-sp-d16 -mlittle-endian -mthumb -Oz -I"C:/Users/maxor/workspace_ccstheia/sck2400_firmware" -I"C:/Users/maxor/workspace_ccstheia/sck2400_firmware/Debug" -I"C:/ti/simplelink_cc13xx_cc26xx_sdk_8_32_00_07/source" -I"C:/ti/simplelink_cc13xx_cc26xx_sdk_8_32_00_07/kernel/tirtos7/packages" -I"C:/ti/simplelink_cc13xx_cc26xx_sdk_8_32_00_07/source/ti/posix/ticlang" -gdwarf-3 -march=armv7e-m -MMD -MP -MF"uart.d_raw" -MT"uart.o" -I"C:/Users/maxor/workspace_ccstheia/sck2400_firmware/Debug/syscfg"  @"syscfg/ti_utils_build_compiler.opt"  -o"uart.o" "../uart.c"
19:00:44.995  ../uart.c:642:31: warning: call to undeclared function 'usleep'; ISO C99 and later do not support implicit function declarations [-Wimplicit-function-declaration]
19:00:44.999  if (bytesRead == 0) { usleep(1000); elapsed++; continue; }
19:00:45.002  ^
19:00:45.006  1 warning generated.
19:00:45.008  Finished building: "../uart.c"
19:00:46.020  Arm Compiler - building file: "syscfg/ti_sysbios_config.c"
19:00:46.024  "C:/ti/ti_cgt_arm_llvm_3.2.2.LTS/bin/tiarmclang.exe" -c -mcpu=cortex-m4 -mfloat-abi=hard -mfpu=fpv4-sp-d16 -mlittle-endian -mthumb -Oz -I"C:/Users/maxor/workspace_ccstheia/sck2400_firmware" -I"C:/Users/maxor/workspace_ccstheia/sck2400_firmware/Debug" -I"C:/ti/simplelink_cc13xx_cc26xx_sdk_8_32_00_07/source" -I"C:/ti/simplelink_cc13xx_cc26xx_sdk_8_32_00_07/kernel/tirtos7/packages" -I"C:/ti/simplelink_cc13xx_cc26xx_sdk_8_32_00_07/source/ti/posix/ticlang" -gdwarf-3 -march=armv7e-m -MMD -MP -MF"syscfg/ti_sysbios_config.d_raw" -MT"syscfg/ti_sysbios_config.o" -I"C:/Users/maxor/workspace_ccstheia/sck2400_firmware/Debug/syscfg"  @"syscfg/ti_utils_build_compiler.opt"  -o"syscfg/ti_sysbios_config.o" "syscfg/ti_sysbios_config.c"
19:00:46.029  Finished building: "syscfg/ti_sysbios_config.c"
19:00:46.078  Arm Linker - building target: "sck2400_firmware.out"
19:00:46.081  "C:/ti/ti_cgt_arm_llvm_3.2.2.LTS/bin/tiarmclang.exe" -mcpu=cortex-m4 -mfloat-abi=hard -mfpu=fpv4-sp-d16 -mlittle-endian -mthumb -Oz -gdwarf-3 -march=armv7e-m -Wl,-m"sck2400_firmware.map" -Wl,-i"C:/ti/simplelink_cc13xx_cc26xx_sdk_8_32_00_07/source" -Wl,-i"C:/ti/simplelink_cc13xx_cc26xx_sdk_8_32_00_07/kernel/tirtos7/packages" -Wl,-i"C:/Users/maxor/workspace_ccstheia/sck2400_firmware/Debug/syscfg" -Wl,-i"C:/ti/ti_cgt_arm_llvm_3.2.2.LTS/lib" -Wl,--diag_wrap=off -Wl,--display_error_number -Wl,--warn_sections -Wl,--xml_link_info="sck2400_firmware_linkInfo.xml" -Wl,--rom_model -o "sck2400_firmware.out" "./RFQueue.o" "./ccsds.o" "./main.o" "./main_tirtos.o" "./oad_flash_stub.o" "./oad_image_header_app.o" "./oad_task.o" "./radio.o" "./syscfg/ti_devices_config.o" "./syscfg/ti_radio_config.o" "./syscfg/ti_drivers_config.o" "./syscfg/ti_sysbios_config.o" "./telemetry.o" "./uart.o" "../cc13x2_cc26x2_tirtos7.cmd"  -Wl,-lti_utils_build_linker.cmd.genlibs -Wl,-llibc.a
19:00:46.642  Finished building target: "sck2400_firmware.out"
19:00:46.698  "C:/ti/ti_cgt_arm_llvm_3.2.2.LTS/bin/tiarmhex" -order MS --memwidth=8 --romwidth=8 --intel -o "sck2400_firmware.hex" "sck2400_firmware"
19:00:46.710  Translating to Intel format...
19:00:46.714  "sck2400_firmware.out" .image_header ==> .image_header
19:00:46.717  "sck2400_firmware.out" .text ==> .text
19:00:46.720  "sck2400_firmware.out" .rodata ==> .rodata
19:00:46.724  "sck2400_firmware.out" .resetVecs ==> .resetVecs
19:00:46.738  "sck2400_firmware.out" .oad_entry_vec ==> .oad_entry_vec
19:00:46.741  "sck2400_firmware.out" .args ==> .args
19:00:46.744  "sck2400_firmware.out" .cinit ==> .cinit
19:00:46.747  "sck2400_firmware.out" .ccfg ==> .ccfg
19:00:46.858  **** Build finished ****
19:00:46.992  # ----------------------------------------
19:00:46.998  # Problem summary for project 'sck2400_firmware': 0 errors, 3 warnings
19:00:47.002  Warning: sck2400.syscfg [CONFIG_SPI_0(/ti/drivers/SPI) spi.pociPin]: Connected to hardware
19:00:47.007  Warning: sck2400.syscfg [CONFIG_SPI_0(/ti/drivers/SPI) spi.csnPin]: Connected to hardware
19:00:47.011  Warning: uart.c [line 642]: call to undeclared function 'usleep'; ISO C99 and later do not support implicit function declarations [-Wimplicit-function-declaration]
19:00:47.014  # --------------------------------------------------------------------------------
19:00:47.018  # [Wed Jun 24 19:00:46 CDT 2026]: CCS headless build complete - 0 out of 1 projects have errors
19:00:47.435  ✓ Build succeeded: C:\Users\maxor\workspace_ccstheia\sck2400_firmware\Debug\sck2400_firmware.hex
19:00:47.440    Board: GS Board  (APID 0x010)  APID: 0x010
19:00:47.444  OAD patch: reading oad_entry_vec address from map file...
19:00:47.449  OAD patch: oad_entry_vec at 0x0000DAF0 (summary table)
19:00:47.454  OAD patch: computed image len = 0x00009D90 (end=0x0000DD90)
19:00:47.459  OAD patch: .prgEntry updated to 0x0000DAF0
19:00:47.463  OAD patch: .len updated to 0x00009D90
19:00:47.467  OAD patch: deleted stale oad_image_header_app.o
19:00:47.471  OAD patch: incremental rebuild to bake prgEntry...
19:00:50.772  # ================================================================================
19:00:50.776  # [Wed Jun 24 19:00:50 CDT 2026]: CCS headless build starting...
19:00:52.890  **** Build of configuration 'Debug' for project 'sck2400_firmware' ****
19:00:52.932  "C:\\ti\\ccs2051\\ccs\\utils\\bin\\gmake" -k -j 12 all -r -O
19:00:53.128  Arm Compiler - building file: "../oad_image_header_app.c"
19:00:53.132  "C:/ti/ti_cgt_arm_llvm_3.2.2.LTS/bin/tiarmclang.exe" -c -mcpu=cortex-m4 -mfloat-abi=hard -mfpu=fpv4-sp-d16 -mlittle-endian -mthumb -Oz -I"C:/Users/maxor/workspace_ccstheia/sck2400_firmware" -I"C:/Users/maxor/workspace_ccstheia/sck2400_firmware/Debug" -I"C:/ti/simplelink_cc13xx_cc26xx_sdk_8_32_00_07/source" -I"C:/ti/simplelink_cc13xx_cc26xx_sdk_8_32_00_07/kernel/tirtos7/packages" -I"C:/ti/simplelink_cc13xx_cc26xx_sdk_8_32_00_07/source/ti/posix/ticlang" -gdwarf-3 -march=armv7e-m -MMD -MP -MF"oad_image_header_app.d_raw" -MT"oad_image_header_app.o" -I"C:/Users/maxor/workspace_ccstheia/sck2400_firmware/Debug/syscfg"  @"syscfg/ti_utils_build_compiler.opt"  -o"oad_image_header_app.o" "../oad_image_header_app.c"
19:00:53.136  Finished building: "../oad_image_header_app.c"
19:00:53.184  Arm Linker - building target: "sck2400_firmware.out"
19:00:53.189  "C:/ti/ti_cgt_arm_llvm_3.2.2.LTS/bin/tiarmclang.exe" -mcpu=cortex-m4 -mfloat-abi=hard -mfpu=fpv4-sp-d16 -mlittle-endian -mthumb -Oz -gdwarf-3 -march=armv7e-m -Wl,-m"sck2400_firmware.map" -Wl,-i"C:/ti/simplelink_cc13xx_cc26xx_sdk_8_32_00_07/source" -Wl,-i"C:/ti/simplelink_cc13xx_cc26xx_sdk_8_32_00_07/kernel/tirtos7/packages" -Wl,-i"C:/Users/maxor/workspace_ccstheia/sck2400_firmware/Debug/syscfg" -Wl,-i"C:/ti/ti_cgt_arm_llvm_3.2.2.LTS/lib" -Wl,--diag_wrap=off -Wl,--display_error_number -Wl,--warn_sections -Wl,--xml_link_info="sck2400_firmware_linkInfo.xml" -Wl,--rom_model -o "sck2400_firmware.out" "./RFQueue.o" "./ccsds.o" "./main.o" "./main_tirtos.o" "./oad_flash_stub.o" "./oad_image_header_app.o" "./oad_task.o" "./radio.o" "./syscfg/ti_devices_config.o" "./syscfg/ti_radio_config.o" "./syscfg/ti_drivers_config.o" "./syscfg/ti_sysbios_config.o" "./telemetry.o" "./uart.o" "../cc13x2_cc26x2_tirtos7.cmd"  -Wl,-lti_utils_build_linker.cmd.genlibs -Wl,-llibc.a
19:00:53.751  Finished building target: "sck2400_firmware.out"
19:00:53.810  "C:/ti/ti_cgt_arm_llvm_3.2.2.LTS/bin/tiarmhex" -order MS --memwidth=8 --romwidth=8 --intel -o "sck2400_firmware.hex" "sck2400_firmware"
19:00:53.821  Translating to Intel format...
19:00:53.825  "sck2400_firmware.out" .image_header ==> .image_header
19:00:53.829  "sck2400_firmware.out" .text ==> .text
19:00:53.833  "sck2400_firmware.out" .rodata ==> .rodata
19:00:53.855  "sck2400_firmware.out" .resetVecs ==> .resetVecs
19:00:53.859  "sck2400_firmware.out" .oad_entry_vec ==> .oad_entry_vec
19:00:53.862  "sck2400_firmware.out" .args ==> .args
19:00:53.866  "sck2400_firmware.out" .cinit ==> .cinit
19:00:53.869  "sck2400_firmware.out" .ccfg ==> .ccfg
19:00:53.911  **** Build finished ****
19:00:53.947  # ----------------------------------------
19:00:53.951  # Problem summary for project 'sck2400_firmware': 0 errors, 3 warnings
19:00:53.956  Warning: sck2400.syscfg [CONFIG_SPI_0(/ti/drivers/SPI) spi.pociPin]: Connected to hardware
19:00:53.960  Warning: sck2400.syscfg [CONFIG_SPI_0(/ti/drivers/SPI) spi.csnPin]: Connected to hardware
19:00:53.964  Warning: uart.c [line 642]: call to undeclared function 'usleep'; ISO C99 and later do not support implicit function declarations [-Wimplicit-function-declaration]
19:00:53.967  # --------------------------------------------------------------------------------
19:00:53.981  # [Wed Jun 24 19:00:53 CDT 2026]: CCS headless build complete - 0 out of 1 projects have errors
19:00:54.303  OAD patch: rebuild OK — prgEntry = 0x0000DAF0
19:00:59.843  XDS110 detected: Serial = L43003QX
19:00:59.884  ✓ Merged BIM + firmware → C:\Users\maxor\workspace_ccstheia\sck2400_merged.hex
19:00:59.888  ══════════════════════════════════════════════════
19:00:59.892    SCK-2400 Local Flash  →  GS Board  (APID 0x010)
19:00:59.895    XDS110: L43003QX
19:00:59.921    HEX: C:\Users\maxor\workspace_ccstheia\sck2400_merged.hex
19:00:59.924  ══════════════════════════════════════════════════
19:00:59.927  srfprog -t soc(XDS-L43003QX, CC1352P) -e all -p all -v rb -f "C:\Users\maxor\workspace_ccstheia\sck2400_merged.hex"
19:01:06.343  Texas Instruments SmartRF Flash Programmer 2 v1.8.2-windows
19:01:06.346  -------------------------------------------------------------------------------
19:01:06.355  Connected over 2-pin cJTAG.
19:01:06.358  Reading file: C:\Users\maxor\workspace_ccstheia\sck2400_merged.hex.
19:01:06.362  Start flash erase ...
19:01:06.366  OK
19:01:06.370  Start flash programming ...
19:01:06.373  0%0%4%9%13%97%99%100%
19:01:06.376  OK
19:01:06.379  Start flash verify ...
19:01:06.382  0%0%
19:01:06.385  Page: 0 verified OK.2%
19:01:06.388  Skip verification of unassigned page: 1.4%
19:01:06.391  Page: 2 verified OK.6%
19:01:06.402  Page: 3 verified OK.9%
19:01:06.405  Page: 4 verified OK.11%
19:01:06.408  Page: 5 verified OK.13%
19:01:06.411  Page: 6 verified OK.15%
19:01:06.414  Skip verification of unassigned page: 7.18%
19:01:06.417  Skip verification of unassigned page: 8.20%
19:01:06.420  Skip verification of unassigned page: 9.22%
19:01:06.437  Skip verification of unassigned page: 10.25%
19:01:06.440  Skip verification of unassigned page: 11.27%
19:01:06.443  Skip verification of unassigned page: 12.29%
19:01:06.446  Skip verification of unassigned page: 13.31%
19:01:06.449  Skip verification of unassigned page: 14.34%
19:01:06.452  Skip verification of unassigned page: 15.36%
19:01:06.457  Skip verification of unassigned page: 16.38%
19:01:06.471  Skip verification of unassigned page: 17.40%
19:01:06.474  Skip verification of unassigned page: 18.43%
19:01:06.477  Skip verification of unassigned page: 19.45%
19:01:06.480  Skip verification of unassigned page: 20.47%
19:01:06.483  Skip verification of unassigned page: 21.50%
19:01:06.486  Skip verification of unassigned page: 22.52%
19:01:06.505  Skip verification of unassigned page: 23.54%
19:01:06.509  Skip verification of unassigned page: 24.56%
19:01:06.512  Skip verification of unassigned page: 25.59%
19:01:06.515  Skip verification of unassigned page: 26.61%
19:01:06.518  Skip verification of unassigned page: 27.63%
19:01:06.522  Skip verification of unassigned page: 28.65%
19:01:06.552  Skip verification of unassigned page: 29.68%
19:01:06.555  Skip verification of unassigned page: 30.70%
19:01:06.558  Skip verification of unassigned page: 31.72%
19:01:06.561  Skip verification of unassigned page: 32.75%
19:01:06.564  Skip verification of unassigned page: 33.77%
19:01:06.568  Skip verification of unassigned page: 34.79%
19:01:06.589  Skip verification of unassigned page: 35.81%
19:01:06.592  Skip verification of unassigned page: 36.84%
19:01:06.595  Skip verification of unassigned page: 37.86%
19:01:06.598  Skip verification of unassigned page: 38.88%
19:01:06.601  Skip verification of unassigned page: 39.90%
19:01:06.604  Skip verification of unassigned page: 40.93%
19:01:06.620  Skip verification of unassigned page: 41.95%
19:01:06.624  Page: 42 verified OK.97%
19:01:06.627  Page: 43 verified OK.100%
19:01:06.630  OK
19:01:06.633  Reset target ...
19:01:06.636  OK
19:01:06.654  ✓ Flash complete — GS Board  (APID 0x010)
19:01:12.663    → TX [0000]  [CCSDS] get_telem seq=19 dest=0x010
19:01:12.691    ← RX  [CCSDS RAW] 08 01 C0 13 00 1F 06 00 00 00 00 00 00 00 00 00 00 00 00 00 00 00 00 00 07 00 00 00 00 00 00 00 00 00 A5 04 98 0C
19:01:12.694    ← RX  tlm_beacon  apid=0x001 seq=19
19:01:12.702    ✓ tlm_beacon received seq=19 from 0x010
