08:31:56.103  SCK Ground Station ready.
08:31:57.107  Log folder: C:\Users\maxor\source\repos\2022_projects\OpenLST_GroundStation\bin\Release\net8.0-windows\Log
08:31:57.109  Flights folder: C:\Users\maxor\source\repos\2022_projects\OpenLST_GroundStation\bin\Release\net8.0-windows\Flights
08:32:09.975  Connected: COM5 @ 115200
08:32:29.567    → TX [0004]  get_telem  (seq=17)
08:32:35.004    ✗ No telem reply
08:32:39.126    ← RX  [RAW] 22 69 E3 8F D4 00 40 0A AD B5 50 11 02 04 10 50 C6 0C 90 0A 70 02 11 AB AD A5 95 01 00 00 00 00 00 00 00 00 00 44 5A FF 7D F7 DF 9B FE 7E BE FF FF FF AF FF EE FF FD FF FF FF BF FB D7 D7 FF F5 7B FF FB FF AF BF E7 D5 FF D7 B7 15 B9 F5 FF FF AF A5 D5 00 80 15 47 A1 A5 44 9D 14 83 02 42 0A 8D A5 31 FB BD F3 AF FC 34 56 15 06 50 3B E6 8A 4C 51 52 2A B0 81 81 84 00 15 50 0A 00 00 00 10 12 0A 01 21 AD 81 86 54 20 C5 AC 28 28 04 07 14 44 4A 28 AD 25 52 81 08 2B 89 21 28 A0 85 01 00 02 A8 65 A5 85 A5 C5 00 00 00 00 00 00 00 00 00 00 00 00 00 00 00 00 00 00 00 20 A1 A9 1C 25 C4 44 08 80 00 00 00 00 00 00 00 00 00 00 00 00 00 00 00 00 00 00 00 00 00 00 00 00 00 00 00 00 00 00 00 00 00 00 00
08:32:39.231    ← RX  0xAD 181  hwid=D48F seq=16384
08:32:51.024    [flush] discarded 1 stale packet(s)
08:32:51.026    → TX [0004]  get_telem  (seq=18)
08:32:51.373    ← RX  [RAW] 22 69 54 04 00 12 00 01 18 00 11 00 00 00 01 00 00 00 00 00 00 00 00 00 04 33 FF FF FF FF FF 02 04 3B FF FF FF FF FF 02 04 43 FF FF A6 80 F2 01 00 00 00 00 00 00 00 00 00 00 00 00 00 00 00 00 00 00 00 00 00 00 00 00 00 00 00 00 00 00 00 00 00 00 00 00 00 00 00
08:32:51.376    ← RX  telem 0  hwid=0004 seq=18
08:32:51.378    ✓ telem received  hwid=0004
08:33:59.892    ← RX  [RAW] 22 69 1E 01 00 00 00 01 11 4F 70 65 6E 4C 53 54 20 42 4C 20 63 33 61 35 32 65 61 2D 64 69 72 74 79
08:33:59.896    ← RX  ascii 79  hwid=0001 seq=0
08:34:00.487    ← RX  [RAW] 22 69 1B 01 00 00 00 01 11 4F 70 65 6E 4C 53 54 20 31 64 33 61 62 65 33 2D 64 69 72 74 79
08:34:00.488    ← RX  ascii 79  hwid=0001 seq=0
08:44:00.550    ← RX  [RAW] 22 69 1E 01 00 00 00 01 11 4F 70 65 6E 4C 53 54 20 42 4C 20 63 33 61 35 32 65 61 2D 64 69 72 74 79
08:44:00.553    ← RX  ascii 79  hwid=0001 seq=0
08:44:01.144    ← RX  [RAW] 22 69 1B 01 00 00 00 01 11 4F 70 65 6E 4C 53 54 20 31 64 33 61 62 65 33 2D 64 69 72 74 79
08:44:01.145    ← RX  ascii 79  hwid=0001 seq=0
08:45:27.358    [flush] discarded 4 stale packet(s)
08:45:27.366    → TX [0004]  get_telem  (seq=19)
08:45:27.630    ← RX  [RAW] 22 69 54 04 00 13 00 01 18 00 66 00 00 00 00 00 00 00 00 00 00 00 00 00 04 33 FF FF FF FF FF 02 04 3B FF FF FF FF FF 02 04 43 FF FF 80 00 00 00 00 00 00 01 00 00 00 00 00 00 00 00 00 00 00 00 00 00 00 00 00 00 00 00 00 00 00 00 00 00 00 00 00 00 00 00 00 00 00
08:45:27.641    ← RX  telem 0  hwid=0004 seq=19
08:45:27.644    ✓ telem received  hwid=0004
08:54:01.193    ← RX  [RAW] 22 69 1E 01 00 00 00 01 11 4F 70 65 6E 4C 53 54 20 42 4C 20 63 33 61 35 32 65 61 2D 64 69 72 74 79
08:54:01.201    ← RX  ascii 79  hwid=0001 seq=0
08:54:01.805    ← RX  [RAW] 22 69 1B 01 00 00 00 01 11 4F 70 65 6E 4C 53 54 20 31 64 33 61 62 65 33 2D 64 69 72 74 79
08:54:01.808    ← RX  ascii 79  hwid=0001 seq=0
08:55:20.459  Connect failed: Could not find file 'COM5'.
08:57:51.796  Connected: COM5 @ 115200
09:04:01.857    ← RX  [RAW] 22 69 1E 01 00 00 00 01 11 4F 70 65 6E 4C 53 54 20 42 4C 20 63 33 61 35 32 65 61 2D 64 69 72 74 79
09:04:01.860    ← RX  ascii 79  hwid=0001 seq=0
09:04:02.448    ← RX  [RAW] 22 69 1B 01 00 00 00 01 11 4F 70 65 6E 4C 53 54 20 31 64 33 61 62 65 33 2D 64 69 72 74 79
09:04:02.450    ← RX  ascii 79  hwid=0001 seq=0
12:51:41.944  SCK Ground Station ready.
12:51:42.145  Log folder: C:\Users\maxor\source\repos\2022_projects\OpenLST_GroundStation\bin\Release\net8.0-windows\Log
12:51:42.147  Flights folder: C:\Users\maxor\source\repos\2022_projects\OpenLST_GroundStation\bin\Release\net8.0-windows\Flights
12:51:51.817  Connected: COM5 @ 115200
12:51:55.327    → TX [0004]  get_telem  (seq=17)
12:51:55.586    ← RX  [RAW] 22 69 54 04 00 11 00 01 18 00 81 01 00 00 00 00 00 00 00 00 00 00 00 00 04 33 FF FF FF FF FF 02 04 3B FF FF FF FF FF 02 04 43 FF FF 80 00 00 00 00 00 00 01 00 00 00 00 00 00 00 00 00 00 00 00 00 00 00 00 00 00 00 00 00 00 00 00 00 00 00 00 00 00 00 00 00 00 00
12:51:55.589    ← RX  telem 0  hwid=0004 seq=17
12:51:55.602    ✓ telem received  hwid=0004
12:53:12.852    → TX [0004]  GET_GPS  (seq=18)
12:53:12.954    ← RX  [RAW] 22 69 07 04 00 12 00 01 10 07
12:53:12.985    ← RX  ack 7  hwid=0004 seq=18
12:53:12.999    ✗ No GPS reply
12:53:16.282    → TX [0004]  GET_GPS  (seq=19)
12:53:16.371    ← RX  [RAW] 22 69 07 04 00 13 00 01 10 07
12:53:16.373    ← RX  ack 7  hwid=0004 seq=19
12:53:16.383    ✗ No GPS reply
12:54:12.144    → TX [0004]  get_telem  (seq=20)
12:54:12.410    ← RX  [RAW] 22 69 54 04 00 14 00 01 18 00 0A 02 00 00 02 00 00 00 00 00 00 00 00 00 04 33 FF FF FF FF FF 02 04 3B FF FF FF FF FF 02 04 43 FF FF EC B4 FF 03 00 00 00 04 00 00 00 03 00 00 00 00 00 00 00 00 00 00 00 00 00 00 00 00 00 00 00 00 00 00 00 00 00 00 00 00 00 00 00
12:54:12.425    ← RX  telem 0  hwid=0004 seq=20
12:54:12.426    ✓ telem received  hwid=0004
12:55:16.552    → TX [0004]  [CUSTOM] PICO Beacon OFF  opcode=0x20
12:55:16.646    ← RX  [RAW] 22 69 08 04 00 15 00 01 10 09 00
12:55:16.650    ← RX  ack 9  hwid=0004 seq=21
12:55:16.652  ✗ No reply to beacon control command
12:55:19.097    → TX [0004]  [CUSTOM] PICO Beacon OFF  opcode=0x20
12:55:19.203    ← RX  [RAW] 22 69 08 04 00 16 00 01 10 09 00
12:55:19.211    ← RX  ack 9  hwid=0004 seq=22
12:55:19.212  ✗ No reply to beacon control command
13:01:21.151    ← RX  [RAW] 22 69 1E 01 00 00 00 01 11 4F 70 65 6E 4C 53 54 20 42 4C 20 63 33 61 35 32 65 61 2D 64 69 72 74 79
13:01:21.155    ← RX  ascii 79  hwid=0001 seq=0
13:01:21.744    ← RX  [RAW] 22 69 1B 01 00 00 00 01 11 4F 70 65 6E 4C 53 54 20 31 64 33 61 62 65 33 2D 64 69 72 74 79
13:01:21.745    ← RX  ascii 79  hwid=0001 seq=0
13:02:47.280    [flush] discarded 2 stale packet(s)
13:02:47.290    → TX [0004]  GET_GPS  (seq=23)
13:02:55.821    ✗ No GPS reply
13:11:21.800    ← RX  [RAW] 22 69 1E 01 00 00 00 01 11 4F 70 65 6E 4C 53 54 20 42 4C 20 63 33 61 35 32 65 61 2D 64 69 72 74 79
13:11:21.806    ← RX  ascii 79  hwid=0001 seq=0
13:11:22.403    ← RX  [RAW] 22 69 1B 01 00 00 00 01 11 4F 70 65 6E 4C 53 54 20 31 64 33 61 62 65 33 2D 64 69 72 74 79
13:11:22.411    ← RX  ascii 79  hwid=0001 seq=0
13:18:47.050    ← RX  [RAW] 22 69 2B 47 50 53 3A 30 2E 30 30 30 30 30 30 2C 30 2E 30 30 30 30 30 30 2C 30 2E 30 2C 30 2C 30 2C 30 2E 30 30 2C 30 2E 30 2C 30 2E 30 30
13:18:47.052    ← RX  0x2E 48  hwid=5047 seq=14931
13:18:47.059    GPS → lat=0.000000 lon=0.000000 alt=0.0m baro=0.0m sats=0 fix=False
13:18:57.192    ← RX  [RAW] 22 69 2B 47 50 53 3A 30 2E 30 30 30 30 30 30 2C 30 2E 30 30 30 30 30 30 2C 30 2E 30 2C 30 2C 30 2C 30 2E 30 30 2C 30 2E 30 2C 30 2E 30 30
13:18:57.200    ← RX  0x2E 48  hwid=5047 seq=14931
13:18:57.201    GPS → lat=0.000000 lon=0.000000 alt=0.0m baro=0.0m sats=0 fix=False
13:19:07.368    ← RX  [RAW] 22 69 2B 47 50 53 3A 30 2E 30 30 30 30 30 30 2C 30 2E 30 30 30 30 30 30 2C 30 2E 30 2C 30 2C 30 2C 30 2E 30 30 2C 30 2E 30 2C 30 2E 30 30
13:19:07.369    ← RX  0x2E 48  hwid=5047 seq=14931
13:19:07.386    GPS → lat=0.000000 lon=0.000000 alt=0.0m baro=0.0m sats=0 fix=False
13:19:37.992    ← RX  [RAW] 22 69 2B 47 50 53 3A 30 2E 30 30 30 30 30 30 2C 30 2E 30 30 30 30 30 30 2C 30 2E 30 2C 30 2C 30 2C 30 2E 30 30 2C 30 2E 30 2C 30 2E 30 30
13:19:37.993    ← RX  0x2E 48  hwid=5047 seq=14931
13:19:37.995    GPS → lat=0.000000 lon=0.000000 alt=0.0m baro=0.0m sats=0 fix=False
13:19:48.165    ← RX  [RAW] 22 69 30 47 50 53 3A 33 36 2E 30 35 38 38 36 30 2C 2D 38 37 2E 33 38 34 30 32 30 2C 32 36 31 2E 34 2C 34 2C 31 2C 30 2E 30 30 2C 30 2E 30 2C 30 2E 30 30
13:19:48.171    ← RX  0x36 46  hwid=5047 seq=14931
13:19:48.174    GPS → lat=36.058860 lon=-87.384020 alt=261.4m baro=0.0m sats=4 fix=True
13:19:58.324    ← RX  [RAW] 22 69 30 47 50 53 3A 33 36 2E 30 35 38 39 38 34 2C 2D 38 37 2E 33 38 34 30 34 30 2C 32 37 38 2E 33 2C 35 2C 31 2C 30 2E 30 30 2C 30 2E 30 2C 30 2E 30 30
13:19:58.327    ← RX  0x36 46  hwid=5047 seq=14931
13:19:58.329    GPS → lat=36.058984 lon=-87.384040 alt=278.3m baro=0.0m sats=5 fix=True
13:20:08.499    ← RX  [RAW] 22 69 30 47 50 53 3A 33 36 2E 30 35 38 39 36 30 2C 2D 38 37 2E 33 38 34 30 36 30 2C 32 37 34 2E 37 2C 35 2C 31 2C 30 2E 30 30 2C 30 2E 30 2C 30 2E 30 30
13:20:08.501    ← RX  0x36 46  hwid=5047 seq=14931
13:20:08.503    GPS → lat=36.058960 lon=-87.384060 alt=274.7m baro=0.0m sats=5 fix=True
13:20:18.658    ← RX  [RAW] 22 69 30 47 50 53 3A 33 36 2E 30 35 38 39 33 32 2C 2D 38 37 2E 33 38 34 30 36 30 2C 32 36 38 2E 30 2C 35 2C 31 2C 30 2E 30 30 2C 30 2E 30 2C 30 2E 30 30
13:20:18.660    ← RX  0x36 46  hwid=5047 seq=14931
13:20:18.662    GPS → lat=36.058932 lon=-87.384060 alt=268.0m baro=0.0m sats=5 fix=True
13:20:28.818    ← RX  [RAW] 22 69 30 47 50 53 3A 33 36 2E 30 35 38 38 37 36 2C 2D 38 37 2E 33 38 34 30 34 30 2C 32 35 38 2E 35 2C 35 2C 31 2C 30 2E 30 30 2C 30 2E 30 2C 30 2E 30 30
13:20:28.820    ← RX  0x36 46  hwid=5047 seq=14931
13:20:28.822    GPS → lat=36.058876 lon=-87.384040 alt=258.5m baro=0.0m sats=5 fix=True
13:21:22.461    ← RX  [RAW] 22 69 1E 01 00 00 00 01 11 4F 70 65 6E 4C 53 54 20 42 4C 20 63 33 61 35 32 65 61 2D 64 69 72 74 79
13:21:22.466    ← RX  ascii 79  hwid=0001 seq=0
13:21:23.055    ← RX  [RAW] 22 69 1B 01 00 00 00 01 11 4F 70 65 6E 4C 53 54 20 31 64 33 61 62 65 33 2D 64 69 72 74 79
13:21:23.057    ← RX  ascii 79  hwid=0001 seq=0
13:31:23.122    ← RX  [RAW] 22 69 1E 01 00 00 00 01 11 4F 70 65 6E 4C 53 54 20 42 4C 20 63 33 61 35 32 65 61 2D 64 69 72 74 79
13:31:23.124    ← RX  ascii 79  hwid=0001 seq=0
13:31:23.711    ← RX  [RAW] 22 69 1B 01 00 00 00 01 11 4F 70 65 6E 4C 53 54 20 31 64 33 61 62 65 33 2D 64 69 72 74 79
13:31:23.713    ← RX  ascii 79  hwid=0001 seq=0
13:39:42.886    ← RX  [RAW] 22 69 2B 47 50 53 3A 30 2E 30 30 30 30 30 30 2C 30 2E 30 30 30 30 30 30 2C 30 2E 30 2C 30 2C 30 2C 30 2E 30 30 2C 30 2E 30 2C 30 2E 30 30
13:39:42.888    ← RX  0x2E 48  hwid=5047 seq=14931
13:39:42.891    GPS blind — showing last known position
13:39:42.894    GPS → lat=36.058876 lon=-87.384040 alt=258.5m baro=0.0m sats=0 fix=False
13:39:53.044    ← RX  [RAW] 22 69 2B 47 50 53 3A 30 2E 30 30 30 30 30 30 2C 30 2E 30 30 30 30 30 30 2C 30 2E 30 2C 30 2C 30 2C 30 2E 30 30 2C 30 2E 30 2C 30 2E 30 30
13:39:53.046    ← RX  0x2E 48  hwid=5047 seq=14931
13:39:53.047    GPS blind — showing last known position
13:39:53.049    GPS → lat=36.058876 lon=-87.384040 alt=258.5m baro=0.0m sats=0 fix=False
13:40:03.203    ← RX  [RAW] 22 69 2B 47 50 53 3A 30 2E 30 30 30 30 30 30 2C 30 2E 30 30 30 30 30 30 2C 30 2E 30 2C 30 2C 30 2C 30 2E 30 30 2C 30 2E 30 2C 30 2E 30 30
13:40:03.206    ← RX  0x2E 48  hwid=5047 seq=14931
13:40:03.208    GPS blind — showing last known position
13:40:03.210    GPS → lat=36.058876 lon=-87.384040 alt=258.5m baro=0.0m sats=0 fix=False
13:40:13.379    ← RX  [RAW] 22 69 2B 47 50 53 3A 30 2E 30 30 30 30 30 30 2C 30 2E 30 30 30 30 30 30 2C 30 2E 30 2C 30 2C 30 2C 30 2E 30 30 2C 30 2E 30 2C 30 2E 30 30
13:40:13.381    ← RX  0x2E 48  hwid=5047 seq=14931
13:40:13.382    GPS blind — showing last known position
13:40:13.385    GPS → lat=36.058876 lon=-87.384040 alt=258.5m baro=0.0m sats=0 fix=False
13:40:23.538    ← RX  [RAW] 22 69 2B 47 50 53 3A 30 2E 30 30 30 30 30 30 2C 30 2E 30 30 30 30 30 30 2C 30 2E 30 2C 30 2C 30 2C 30 2E 30 30 2C 30 2E 30 2C 30 2E 30 30
13:40:23.540    ← RX  0x2E 48  hwid=5047 seq=14931
13:40:23.542    GPS blind — showing last known position
13:40:23.545    GPS → lat=36.058876 lon=-87.384040 alt=258.5m baro=0.0m sats=0 fix=False
13:40:33.698    ← RX  [RAW] 22 69 2B 47 50 53 3A 30 2E 30 30 30 30 30 30 2C 30 2E 30 30 30 30 30 30 2C 30 2E 30 2C 30 2C 30 2C 30 2E 30 30 2C 30 2E 30 2C 30 2E 30 30
13:40:33.700    ← RX  0x2E 48  hwid=5047 seq=14931
13:40:33.702    GPS blind — showing last known position
13:40:33.705    GPS → lat=36.058876 lon=-87.384040 alt=258.5m baro=0.0m sats=0 fix=False
13:40:43.873    ← RX  [RAW] 22 69 30 47 50 53 3A 33 36 2E 30 35 39 30 31 30 2C 2D 38 37 2E 33 38 33 35 36 30 2C 31 39 32 2E 36 2C 33 2C 31 2C 30 2E 30 30 2C 30 2E 30 2C 30 2E 30 30
13:40:43.875    ← RX  0x36 46  hwid=5047 seq=14931
13:40:43.877    GPS → lat=36.059010 lon=-87.383560 alt=192.6m baro=0.0m sats=3 fix=True
13:40:54.032    ← RX  [RAW] 22 69 30 47 50 53 3A 33 36 2E 30 35 39 30 31 32 2C 2D 38 37 2E 33 38 33 35 35 30 2C 31 39 31 2E 30 2C 33 2C 31 2C 30 2E 30 30 2C 30 2E 30 2C 30 2E 30 30
13:40:54.035    ← RX  0x36 46  hwid=5047 seq=14931
13:40:54.038    GPS → lat=36.059012 lon=-87.383550 alt=191.0m baro=0.0m sats=3 fix=True
13:41:04.208    ← RX  [RAW] 22 69 30 47 50 53 3A 33 36 2E 30 35 38 38 37 30 2C 2D 38 37 2E 33 38 34 30 30 30 2C 32 32 39 2E 30 2C 34 2C 31 2C 30 2E 30 30 2C 30 2E 30 2C 30 2E 30 30
13:41:04.214    ← RX  0x36 46  hwid=5047 seq=14931
13:41:04.217    GPS → lat=36.058870 lon=-87.384000 alt=229.0m baro=0.0m sats=4 fix=True
13:41:14.367    ← RX  [RAW] 22 69 30 47 50 53 3A 33 36 2E 30 35 38 38 38 34 2C 2D 38 37 2E 33 38 33 39 38 30 2C 32 33 31 2E 32 2C 34 2C 31 2C 30 2E 30 30 2C 30 2E 30 2C 30 2E 30 30
13:41:14.383    ← RX  0x36 46  hwid=5047 seq=14931
13:41:14.386    GPS → lat=36.058884 lon=-87.383980 alt=231.2m baro=0.0m sats=4 fix=True
13:41:23.759    ← RX  [RAW] 22 69 1E 01 00 00 00 01 11 4F 70 65 6E 4C 53 54 20 42 4C 20 63 33 61 35 32 65 61 2D 64 69 72 74 79
13:41:23.761    ← RX  ascii 79  hwid=0001 seq=0
13:41:24.367    ← RX  [RAW] 22 69 1B 01 00 00 00 01 11 4F 70 65 6E 4C 53 54 20 31 64 33 61 62 65 33 2D 64 69 72 74 79
13:41:24.369    ← RX  ascii 79  hwid=0001 seq=0
13:41:24.543    ← RX  [RAW] 22 69 30 47 50 53 3A 33 36 2E 30 35 38 39 30 30 2C 2D 38 37 2E 33 38 33 39 32 30 2C 32 32 37 2E 38 2C 34 2C 31 2C 30 2E 30 30 2C 30 2E 30 2C 30 2E 30 30
13:41:24.545    ← RX  0x36 46  hwid=5047 seq=14931
13:41:24.547    GPS → lat=36.058900 lon=-87.383920 alt=227.8m baro=0.0m sats=4 fix=True
13:41:34.702    ← RX  [RAW] 22 69 30 47 50 53 3A 33 36 2E 30 35 38 38 38 38 2C 2D 38 37 2E 33 38 34 30 30 30 2C 32 33 36 2E 31 2C 35 2C 31 2C 30 2E 30 30 2C 30 2E 30 2C 30 2E 30 30
13:41:34.710    ← RX  0x36 46  hwid=5047 seq=14931
13:41:34.713    GPS → lat=36.058888 lon=-87.384000 alt=236.1m baro=0.0m sats=5 fix=True
13:44:13.650    ← RX  [RAW] 22 69 2B 47 50 53 3A 30 2E 30 30 30 30 30 30 2C 30 2E 30 30 30 30 30 30 2C 30 2E 30 2C 30 2C 30 2C 30 2E 30 30 2C 30 2E 30 2C 30 2E 30 30
13:44:13.655    ← RX  0x2E 48  hwid=5047 seq=14931
13:44:13.658    GPS blind — showing last known position
13:44:13.660    GPS → lat=36.058888 lon=-87.384000 alt=236.1m baro=0.0m sats=0 fix=False
13:51:24.418    ← RX  [RAW] 22 69 1E 01 00 00 00 01 11 4F 70 65 6E 4C 53 54 20 42 4C 20 63 33 61 35 32 65 61 2D 64 69 72 74 79
13:51:24.420    ← RX  ascii 79  hwid=0001 seq=0
13:51:25.010    ← RX  [RAW] 22 69 1B 01 00 00 00 01 11 4F 70 65 6E 4C 53 54 20 31 64 33 61 62 65 33 2D 64 69 72 74 79
13:51:25.017    ← RX  ascii 79  hwid=0001 seq=0
13:52:12.570    ← RX  [RAW] 22 69 30 47 50 53 3A 33 36 2E 30 35 38 35 31 30 2C 2D 38 37 2E 33 38 34 30 31 30 2C 31 39 31 2E 39 2C 33 2C 31 2C 30 2E 30 30 2C 30 2E 30 2C 30 2E 30 30
13:52:12.575    ← RX  0x36 46  hwid=5047 seq=14931
13:52:12.577    GPS → lat=36.058510 lon=-87.384010 alt=191.9m baro=0.0m sats=3 fix=True
13:52:22.750    ← RX  [RAW] 22 69 30 47 50 53 3A 33 36 2E 30 35 38 35 31 30 2C 2D 38 37 2E 33 38 34 30 32 30 2C 31 39 31 2E 30 2C 33 2C 31 2C 30 2E 30 30 2C 30 2E 30 2C 30 2E 30 30
13:52:22.752    ← RX  0x36 46  hwid=5047 seq=14931
13:52:22.754    GPS → lat=36.058510 lon=-87.384020 alt=191.0m baro=0.0m sats=3 fix=True
13:52:32.909    ← RX  [RAW] 22 69 30 47 50 53 3A 33 36 2E 30 35 38 38 30 30 2C 2D 38 37 2E 33 38 34 31 33 32 2C 32 35 39 2E 33 2C 34 2C 31 2C 30 2E 30 30 2C 30 2E 30 2C 30 2E 30 30
13:52:32.912    ← RX  0x36 46  hwid=5047 seq=14931
13:52:32.917    GPS → lat=36.058800 lon=-87.384132 alt=259.3m baro=0.0m sats=4 fix=True
13:52:41.416  Files: select a file first.
13:52:43.085    ← RX  [RAW] 22 69 30 47 50 53 3A 33 36 2E 30 35 38 38 31 36 2C 2D 38 37 2E 33 38 34 31 32 30 2C 32 36 30 2E 38 2C 34 2C 31 2C 30 2E 30 30 2C 30 2E 30 2C 30 2E 30 30
13:52:43.088    ← RX  0x36 46  hwid=5047 seq=14931
13:52:43.091    GPS → lat=36.058816 lon=-87.384120 alt=260.8m baro=0.0m sats=4 fix=True
13:52:48.223  Files: requesting list from Pico...
13:52:48.226    [flush] discarded 36 stale packet(s)
13:52:48.600    ← RX  [RAW] 22 69 64 04 00 18 00 01 10 4C 49 53 54 3A 46 4C 54 2D 30 30 31 2E 73 63 6B 66 6C 69 67 68 74 2C 46 4C 54 2D 30 30 32 2E 73 63 6B 66 6C 69 67 68 74 2C 46 4C 54 2D 30 30 33 2E 73 63 6B 66 6C 69 67 68 74 2C 46 4C 54 2D 30 30 34 2E 73 63 6B 66 6C 69 67 68 74 2C 46 4C 54 2D 30 30 35 2E 73 63 6B 66 6C 69 67 68 74
13:52:48.605    ← RX  ack → "LIST:FLT-001.sckflight,FLT-002.sckflight,FLT-003.sckflight,FLT-004.sckflight,FLT-005.sckflight"  hwid=0004 seq=24
13:52:48.610  Files: 5 file(s) on SD card
13:52:53.797    ← RX  [RAW] 22 69 30 47 50 53 3A 33 36 2E 30 35 38 38 32 34 2C 2D 38 37 2E 33 38 34 31 31 30 2C 32 35 38 2E 30 2C 34 2C 31 2C 30 2E 30 30 2C 30 2E 30 2C 30 2E 30 30
13:52:53.800    ← RX  0x36 46  hwid=5047 seq=14931
13:52:53.803    GPS → lat=36.058824 lon=-87.384110 alt=258.0m baro=0.0m sats=4 fix=True
13:53:03.988    ← RX  [RAW] 22 69 30 47 50 53 3A 33 36 2E 30 35 38 38 33 36 2C 2D 38 37 2E 33 38 34 31 31 30 2C 32 35 34 2E 31 2C 34 2C 31 2C 30 2E 30 30 2C 30 2E 30 2C 30 2E 30 30
13:53:03.992    ← RX  0x36 46  hwid=5047 seq=14931
13:53:03.997    GPS → lat=36.058836 lon=-87.384110 alt=254.1m baro=0.0m sats=4 fix=True
13:53:14.163    ← RX  [RAW] 22 69 30 47 50 53 3A 33 36 2E 30 35 38 38 33 36 2C 2D 38 37 2E 33 38 34 31 30 30 2C 32 35 31 2E 35 2C 34 2C 31 2C 30 2E 30 30 2C 30 2E 30 2C 30 2E 30 30
13:53:14.167    ← RX  0x36 46  hwid=5047 seq=14931
13:53:14.173    GPS → lat=36.058836 lon=-87.384100 alt=251.5m baro=0.0m sats=4 fix=True
13:53:24.323    ← RX  [RAW] 22 69 30 47 50 53 3A 33 36 2E 30 35 38 38 34 30 2C 2D 38 37 2E 33 38 34 31 31 30 2C 32 34 39 2E 33 2C 34 2C 31 2C 30 2E 30 30 2C 30 2E 30 2C 30 2E 30 30
13:53:24.332    ← RX  0x36 46  hwid=5047 seq=14931
13:53:24.335    GPS → lat=36.058840 lon=-87.384110 alt=249.3m baro=0.0m sats=4 fix=True
13:53:34.514    ← RX  [RAW] 22 69 30 47 50 53 3A 33 36 2E 30 35 38 38 35 30 2C 2D 38 37 2E 33 38 34 31 30 30 2C 32 34 39 2E 37 2C 34 2C 31 2C 30 2E 30 30 2C 30 2E 30 2C 30 2E 30 30
13:53:34.517    ← RX  0x36 46  hwid=5047 seq=14931
13:53:34.520    GPS → lat=36.058850 lon=-87.384100 alt=249.7m baro=0.0m sats=4 fix=True
13:53:44.689    ← RX  [RAW] 22 69 30 47 50 53 3A 33 36 2E 30 35 38 38 34 34 2C 2D 38 37 2E 33 38 34 30 39 32 2C 32 35 34 2E 33 2C 34 2C 31 2C 30 2E 30 30 2C 30 2E 30 2C 30 2E 30 30
13:53:44.695    ← RX  0x36 46  hwid=5047 seq=14931
13:53:44.698    GPS → lat=36.058844 lon=-87.384092 alt=254.3m baro=0.0m sats=4 fix=True
13:53:54.896    ← RX  [RAW] 22 69 30 47 50 53 3A 33 36 2E 30 35 38 38 35 32 2C 2D 38 37 2E 33 38 34 30 39 30 2C 32 35 38 2E 33 2C 34 2C 31 2C 30 2E 30 30 2C 30 2E 30 2C 30 2E 30 30
13:53:54.899    ← RX  0x36 46  hwid=5047 seq=14931
13:53:54.902    GPS → lat=36.058852 lon=-87.384090 alt=258.3m baro=0.0m sats=4 fix=True
13:54:05.103    ← RX  [RAW] 22 69 30 47 50 53 3A 33 36 2E 30 35 38 38 35 30 2C 2D 38 37 2E 33 38 34 30 39 30 2C 32 36 32 2E 33 2C 34 2C 31 2C 30 2E 30 30 2C 30 2E 30 2C 30 2E 30 30
13:54:05.107    ← RX  0x36 46  hwid=5047 seq=14931
13:54:05.110    GPS → lat=36.058850 lon=-87.384090 alt=262.3m baro=0.0m sats=4 fix=True
13:54:15.278    ← RX  [RAW] 22 69 30 47 50 53 3A 33 36 2E 30 35 38 38 35 30 2C 2D 38 37 2E 33 38 34 30 38 30 2C 32 36 33 2E 31 2C 34 2C 31 2C 30 2E 30 30 2C 30 2E 30 2C 30 2E 30 30
13:54:15.282    ← RX  0x36 46  hwid=5047 seq=14931
13:54:15.285    GPS → lat=36.058850 lon=-87.384080 alt=263.1m baro=0.0m sats=4 fix=True
13:54:25.454    ← RX  [RAW] 22 69 30 47 50 53 3A 33 36 2E 30 35 38 38 36 30 2C 2D 38 37 2E 33 38 34 30 37 30 2C 32 36 32 2E 33 2C 34 2C 31 2C 30 2E 30 30 2C 30 2E 30 2C 30 2E 30 30
13:54:25.457    ← RX  0x36 46  hwid=5047 seq=14931
13:54:25.460    GPS → lat=36.058860 lon=-87.384070 alt=262.3m baro=0.0m sats=4 fix=True
13:54:35.613    ← RX  [RAW] 22 69 30 47 50 53 3A 33 36 2E 30 35 38 38 37 32 2C 2D 38 37 2E 33 38 34 30 35 36 2C 32 35 39 2E 37 2C 35 2C 31 2C 30 2E 30 30 2C 30 2E 30 2C 30 2E 30 30
13:54:35.616    ← RX  0x36 46  hwid=5047 seq=14931
13:54:35.619    GPS → lat=36.058872 lon=-87.384056 alt=259.7m baro=0.0m sats=5 fix=True
13:54:56.027    ← RX  [RAW] 22 69 30 47 50 53 3A 33 36 2E 30 35 38 38 36 34 2C 2D 38 37 2E 33 38 34 30 35 36 2C 32 36 30 2E 32 2C 35 2C 31 2C 30 2E 30 30 2C 30 2E 30 2C 30 2E 30 30
13:54:56.030    ← RX  0x36 46  hwid=5047 seq=14931
13:54:56.031    GPS → lat=36.058864 lon=-87.384056 alt=260.2m baro=0.0m sats=5 fix=True
13:55:06.186    ← RX  [RAW] 22 69 30 47 50 53 3A 33 36 2E 30 35 38 38 37 36 2C 2D 38 37 2E 33 38 34 30 35 30 2C 32 35 38 2E 32 2C 35 2C 31 2C 30 2E 30 30 2C 30 2E 30 2C 30 2E 30 30
13:55:06.189    ← RX  0x36 46  hwid=5047 seq=14931
13:55:06.191    GPS → lat=36.058876 lon=-87.384050 alt=258.2m baro=0.0m sats=5 fix=True
13:55:16.361    ← RX  [RAW] 22 69 30 47 50 53 3A 33 36 2E 30 35 38 38 36 34 2C 2D 38 37 2E 33 38 34 30 35 36 2C 32 35 39 2E 35 2C 34 2C 31 2C 30 2E 30 30 2C 30 2E 30 2C 30 2E 30 30
13:55:16.364    ← RX  0x36 46  hwid=5047 seq=14931
13:55:16.366    GPS → lat=36.058864 lon=-87.384056 alt=259.5m baro=0.0m sats=4 fix=True
13:55:26.553    ← RX  [RAW] 22 69 30 47 50 53 3A 33 36 2E 30 35 38 38 36 30 2C 2D 38 37 2E 33 38 34 30 35 36 2C 32 36 31 2E 32 2C 34 2C 31 2C 30 2E 30 30 2C 30 2E 30 2C 30 2E 30 30
13:55:26.555    ← RX  0x36 46  hwid=5047 seq=14931
13:55:26.557    GPS → lat=36.058860 lon=-87.384056 alt=261.2m baro=0.0m sats=4 fix=True
13:55:36.776    ← RX  [RAW] 22 69 30 47 50 53 3A 33 36 2E 30 35 38 38 35 36 2C 2D 38 37 2E 33 38 34 30 36 30 2C 32 36 32 2E 39 2C 34 2C 31 2C 30 2E 30 30 2C 30 2E 30 2C 30 2E 30 30
13:55:36.778    ← RX  0x36 46  hwid=5047 seq=14931
13:55:36.780    GPS → lat=36.058856 lon=-87.384060 alt=262.9m baro=0.0m sats=4 fix=True
13:55:46.967    ← RX  [RAW] 22 69 30 47 50 53 3A 33 36 2E 30 35 38 38 36 30 2C 2D 38 37 2E 33 38 34 30 35 36 2C 32 36 32 2E 31 2C 35 2C 31 2C 30 2E 30 30 2C 30 2E 30 2C 30 2E 30 30
13:55:46.969    ← RX  0x36 46  hwid=5047 seq=14931
13:55:46.973    GPS → lat=36.058860 lon=-87.384056 alt=262.1m baro=0.0m sats=5 fix=True
13:55:57.158    ← RX  [RAW] 22 69 30 47 50 53 3A 33 36 2E 30 35 38 38 36 30 2C 2D 38 37 2E 33 38 34 30 35 36 2C 32 36 32 2E 33 2C 35 2C 31 2C 30 2E 30 30 2C 30 2E 30 2C 30 2E 30 30
13:55:57.160    ← RX  0x36 46  hwid=5047 seq=14931
13:55:57.185    GPS → lat=36.058860 lon=-87.384056 alt=262.3m baro=0.0m sats=5 fix=True
13:56:07.333    ← RX  [RAW] 22 69 30 47 50 53 3A 33 36 2E 30 35 38 38 35 36 2C 2D 38 37 2E 33 38 34 30 35 36 2C 32 36 32 2E 30 2C 35 2C 31 2C 30 2E 30 30 2C 30 2E 30 2C 30 2E 30 30
13:56:07.337    ← RX  0x36 46  hwid=5047 seq=14931
13:56:07.339    GPS → lat=36.058856 lon=-87.384056 alt=262.0m baro=0.0m sats=5 fix=True
13:56:17.493    ← RX  [RAW] 22 69 30 47 50 53 3A 33 36 2E 30 35 38 38 35 32 2C 2D 38 37 2E 33 38 34 30 35 36 2C 32 36 31 2E 37 2C 35 2C 31 2C 30 2E 30 30 2C 30 2E 30 2C 30 2E 30 30
13:56:17.495    ← RX  0x36 46  hwid=5047 seq=14931
13:56:17.497    GPS → lat=36.058852 lon=-87.384056 alt=261.7m baro=0.0m sats=5 fix=True
13:56:27.668    ← RX  [RAW] 22 69 30 47 50 53 3A 33 36 2E 30 35 38 38 35 32 2C 2D 38 37 2E 33 38 34 30 35 36 2C 32 36 30 2E 38 2C 35 2C 31 2C 30 2E 30 30 2C 30 2E 30 2C 30 2E 30 30
13:56:27.677    ← RX  0x36 46  hwid=5047 seq=14931
13:56:27.680    GPS → lat=36.058852 lon=-87.384056 alt=260.8m baro=0.0m sats=5 fix=True
13:56:37.859    ← RX  [RAW] 22 69 30 47 50 53 3A 33 36 2E 30 35 38 38 35 32 2C 2D 38 37 2E 33 38 34 30 35 36 2C 32 35 39 2E 36 2C 35 2C 31 2C 30 2E 30 30 2C 30 2E 30 2C 30 2E 30 30
13:56:37.864    ← RX  0x36 46  hwid=5047 seq=14931
13:56:37.868    GPS → lat=36.058852 lon=-87.384056 alt=259.6m baro=0.0m sats=5 fix=True
13:56:48.034    ← RX  [RAW] 22 69 30 47 50 53 3A 33 36 2E 30 35 38 38 35 32 2C 2D 38 37 2E 33 38 34 30 35 30 2C 32 35 39 2E 30 2C 35 2C 31 2C 30 2E 30 30 2C 30 2E 30 2C 30 2E 30 30
13:56:48.039    ← RX  0x36 46  hwid=5047 seq=14931
13:56:48.044    GPS → lat=36.058852 lon=-87.384050 alt=259.0m baro=0.0m sats=5 fix=True
13:56:58.210    ← RX  [RAW] 22 69 30 47 50 53 3A 33 36 2E 30 35 38 38 36 30 2C 2D 38 37 2E 33 38 34 30 33 30 2C 32 35 37 2E 36 2C 36 2C 31 2C 30 2E 30 30 2C 30 2E 30 2C 30 2E 30 30
13:56:58.212    ← RX  0x36 46  hwid=5047 seq=14931
13:56:58.214    GPS → lat=36.058860 lon=-87.384030 alt=257.6m baro=0.0m sats=6 fix=True
13:57:08.385    ← RX  [RAW] 22 69 30 47 50 53 3A 33 36 2E 30 35 38 38 37 30 2C 2D 38 37 2E 33 38 34 30 35 30 2C 32 35 37 2E 30 2C 36 2C 31 2C 30 2E 30 30 2C 30 2E 30 2C 30 2E 30 30
13:57:08.391    ← RX  0x36 46  hwid=5047 seq=14931
13:57:08.395    GPS → lat=36.058870 lon=-87.384050 alt=257.0m baro=0.0m sats=6 fix=True
13:57:18.672    ← RX  [RAW] 22 69 30 47 50 53 3A 33 36 2E 30 35 38 38 37 32 2C 2D 38 37 2E 33 38 34 30 37 30 2C 32 35 37 2E 32 2C 36 2C 31 2C 30 2E 30 30 2C 30 2E 30 2C 30 2E 30 30
13:57:18.674    ← RX  0x36 46  hwid=5047 seq=14931
13:57:18.684    GPS → lat=36.058872 lon=-87.384070 alt=257.2m baro=0.0m sats=6 fix=True
13:57:28.847    ← RX  [RAW] 22 69 30 47 50 53 3A 33 36 2E 30 35 38 38 37 30 2C 2D 38 37 2E 33 38 34 30 39 30 2C 32 35 38 2E 36 2C 36 2C 31 2C 30 2E 30 30 2C 30 2E 30 2C 30 2E 30 30
13:57:28.849    ← RX  0x36 46  hwid=5047 seq=14931
13:57:28.853    GPS → lat=36.058870 lon=-87.384090 alt=258.6m baro=0.0m sats=6 fix=True
13:57:39.023    ← RX  [RAW] 22 69 30 47 50 53 3A 33 36 2E 30 35 38 38 35 36 2C 2D 38 37 2E 33 38 34 30 39 30 2C 32 36 30 2E 35 2C 36 2C 31 2C 30 2E 30 30 2C 30 2E 30 2C 30 2E 30 30
13:57:39.025    ← RX  0x36 46  hwid=5047 seq=14931
13:57:39.027    GPS → lat=36.058856 lon=-87.384090 alt=260.5m baro=0.0m sats=6 fix=True
13:57:49.214    ← RX  [RAW] 22 69 30 47 50 53 3A 33 36 2E 30 35 38 38 35 32 2C 2D 38 37 2E 33 38 34 30 39 30 2C 32 36 32 2E 34 2C 36 2C 31 2C 30 2E 30 30 2C 30 2E 30 2C 30 2E 30 30
13:57:49.216    ← RX  0x36 46  hwid=5047 seq=14931
13:57:49.218    GPS → lat=36.058852 lon=-87.384090 alt=262.4m baro=0.0m sats=6 fix=True
13:57:59.373    ← RX  [RAW] 22 69 30 47 50 53 3A 33 36 2E 30 35 38 38 35 32 2C 2D 38 37 2E 33 38 34 30 39 30 2C 32 36 31 2E 35 2C 35 2C 31 2C 30 2E 30 30 2C 30 2E 30 2C 30 2E 30 30
13:57:59.375    ← RX  0x36 46  hwid=5047 seq=14931
13:57:59.377    GPS → lat=36.058852 lon=-87.384090 alt=261.5m baro=0.0m sats=5 fix=True
13:58:09.548    ← RX  [RAW] 22 69 30 47 50 53 3A 33 36 2E 30 35 38 38 36 30 2C 2D 38 37 2E 33 38 34 30 39 30 2C 32 35 38 2E 30 2C 37 2C 31 2C 30 2E 30 30 2C 30 2E 30 2C 30 2E 30 30
13:58:09.550    ← RX  0x36 46  hwid=5047 seq=14931
13:58:09.552    GPS → lat=36.058860 lon=-87.384090 alt=258.0m baro=0.0m sats=7 fix=True
13:58:19.723    ← RX  [RAW] 22 69 30 47 50 53 3A 33 36 2E 30 35 38 38 37 36 2C 2D 38 37 2E 33 38 34 30 39 30 2C 32 35 33 2E 38 2C 36 2C 31 2C 30 2E 30 30 2C 30 2E 30 2C 30 2E 30 30
13:58:19.726    ← RX  0x36 46  hwid=5047 seq=14931
13:58:19.728    GPS → lat=36.058876 lon=-87.384090 alt=253.8m baro=0.0m sats=6 fix=True
13:58:29.915    ← RX  [RAW] 22 69 30 47 50 53 3A 33 36 2E 30 35 38 38 37 36 2C 2D 38 37 2E 33 38 34 30 39 30 2C 32 35 31 2E 33 2C 37 2C 31 2C 30 2E 30 30 2C 30 2E 30 2C 30 2E 30 30
13:58:29.919    ← RX  0x36 46  hwid=5047 seq=14931
13:58:29.921    GPS → lat=36.058876 lon=-87.384090 alt=251.3m baro=0.0m sats=7 fix=True
13:58:40.074    ← RX  [RAW] 22 69 30 47 50 53 3A 33 36 2E 30 35 38 38 38 30 2C 2D 38 37 2E 33 38 34 30 35 36 2C 32 34 39 2E 35 2C 37 2C 31 2C 30 2E 30 30 2C 30 2E 30 2C 30 2E 30 30
13:58:40.076    ← RX  0x36 46  hwid=5047 seq=14931
13:58:40.084    GPS → lat=36.058880 lon=-87.384056 alt=249.5m baro=0.0m sats=7 fix=True
13:58:50.249    ← RX  [RAW] 22 69 30 47 50 53 3A 33 36 2E 30 35 38 38 38 38 2C 2D 38 37 2E 33 38 34 30 34 30 2C 32 34 36 2E 39 2C 37 2C 31 2C 30 2E 30 30 2C 30 2E 30 2C 30 2E 30 30
13:58:50.253    ← RX  0x36 46  hwid=5047 seq=14931
13:58:50.255    GPS → lat=36.058888 lon=-87.384040 alt=246.9m baro=0.0m sats=7 fix=True
13:59:00.472    ← RX  [RAW] 22 69 30 47 50 53 3A 33 36 2E 30 35 38 38 38 38 2C 2D 38 37 2E 33 38 34 30 32 34 2C 32 34 37 2E 32 2C 37 2C 31 2C 30 2E 30 30 2C 30 2E 30 2C 30 2E 30 30
13:59:00.474    ← RX  0x36 46  hwid=5047 seq=14931
13:59:00.476    GPS → lat=36.058888 lon=-87.384024 alt=247.2m baro=0.0m sats=7 fix=True
13:59:10.679    ← RX  [RAW] 22 69 30 47 50 53 3A 33 36 2E 30 35 38 38 37 32 2C 2D 38 37 2E 33 38 34 30 35 30 2C 32 35 30 2E 36 2C 37 2C 31 2C 30 2E 30 30 2C 30 2E 30 2C 30 2E 30 30
13:59:10.682    ← RX  0x36 46  hwid=5047 seq=14931
13:59:10.684    GPS → lat=36.058872 lon=-87.384050 alt=250.6m baro=0.0m sats=7 fix=True
13:59:20.839    ← RX  [RAW] 22 69 30 47 50 53 3A 33 36 2E 30 35 38 38 36 30 2C 2D 38 37 2E 33 38 34 30 36 30 2C 32 35 32 2E 30 2C 37 2C 31 2C 30 2E 30 30 2C 30 2E 30 2C 30 2E 30 30
13:59:20.845    ← RX  0x36 46  hwid=5047 seq=14931
13:59:20.847    GPS → lat=36.058860 lon=-87.384060 alt=252.0m baro=0.0m sats=7 fix=True
13:59:31.014    ← RX  [RAW] 22 69 30 47 50 53 3A 33 36 2E 30 35 38 38 35 36 2C 2D 38 37 2E 33 38 34 30 37 30 2C 32 35 32 2E 36 2C 37 2C 31 2C 30 2E 30 30 2C 30 2E 30 2C 30 2E 30 30
13:59:31.016    ← RX  0x36 46  hwid=5047 seq=14931
13:59:31.019    GPS → lat=36.058856 lon=-87.384070 alt=252.6m baro=0.0m sats=7 fix=True
13:59:41.189    ← RX  [RAW] 22 69 30 47 50 53 3A 33 36 2E 30 35 38 38 36 34 2C 2D 38 37 2E 33 38 34 30 35 30 2C 32 35 32 2E 33 2C 36 2C 31 2C 30 2E 30 30 2C 30 2E 30 2C 30 2E 30 30
13:59:41.191    ← RX  0x36 46  hwid=5047 seq=14931
13:59:41.193    GPS → lat=36.058864 lon=-87.384050 alt=252.3m baro=0.0m sats=6 fix=True
13:59:51.412    ← RX  [RAW] 22 69 30 47 50 53 3A 33 36 2E 30 35 38 38 36 34 2C 2D 38 37 2E 33 38 34 30 34 30 2C 32 35 30 2E 35 2C 37 2C 31 2C 30 2E 30 30 2C 30 2E 30 2C 30 2E 30 30
13:59:51.415    ← RX  0x36 46  hwid=5047 seq=14931
13:59:51.418    GPS → lat=36.058864 lon=-87.384040 alt=250.5m baro=0.0m sats=7 fix=True
14:00:01.587    ← RX  [RAW] 22 69 30 47 50 53 3A 33 36 2E 30 35 38 38 35 36 2C 2D 38 37 2E 33 38 34 30 33 30 2C 32 35 32 2E 33 2C 37 2C 31 2C 30 2E 30 30 2C 30 2E 30 2C 30 2E 30 30
14:00:01.590    ← RX  0x36 46  hwid=5047 seq=14931
14:00:01.598    GPS → lat=36.058856 lon=-87.384030 alt=252.3m baro=0.0m sats=7 fix=True
14:00:11.762    ← RX  [RAW] 22 69 30 47 50 53 3A 33 36 2E 30 35 38 38 33 36 2C 2D 38 37 2E 33 38 34 30 33 30 2C 32 35 35 2E 30 2C 37 2C 31 2C 30 2E 30 30 2C 30 2E 30 2C 30 2E 30 30
14:00:11.765    ← RX  0x36 46  hwid=5047 seq=14931
14:00:11.768    GPS → lat=36.058836 lon=-87.384030 alt=255.0m baro=0.0m sats=7 fix=True
14:00:21.938    ← RX  [RAW] 22 69 30 47 50 53 3A 33 36 2E 30 35 38 38 33 30 2C 2D 38 37 2E 33 38 34 30 32 34 2C 32 35 37 2E 33 2C 37 2C 31 2C 30 2E 30 30 2C 30 2E 30 2C 30 2E 30 30
14:00:21.940    ← RX  0x36 46  hwid=5047 seq=14931
14:00:21.942    GPS → lat=36.058830 lon=-87.384024 alt=257.3m baro=0.0m sats=7 fix=True
14:00:32.129    ← RX  [RAW] 22 69 30 47 50 53 3A 33 36 2E 30 35 38 38 31 36 2C 2D 38 37 2E 33 38 34 30 32 34 2C 32 36 31 2E 37 2C 38 2C 31 2C 30 2E 30 30 2C 30 2E 30 2C 30 2E 30 30
14:00:32.133    ← RX  0x36 46  hwid=5047 seq=14931
14:00:32.136    GPS → lat=36.058816 lon=-87.384024 alt=261.7m baro=0.0m sats=8 fix=True
14:00:42.352    ← RX  [RAW] 22 69 30 47 50 53 3A 33 36 2E 30 35 38 37 39 36 2C 2D 38 37 2E 33 38 34 30 35 30 2C 32 36 33 2E 36 2C 38 2C 31 2C 30 2E 30 30 2C 30 2E 30 2C 30 2E 30 30
14:00:42.354    ← RX  0x36 46  hwid=5047 seq=14931
14:00:42.357    GPS → lat=36.058796 lon=-87.384050 alt=263.6m baro=0.0m sats=8 fix=True
14:00:52.543    ← RX  [RAW] 22 69 30 47 50 53 3A 33 36 2E 30 35 38 38 30 30 2C 2D 38 37 2E 33 38 34 30 35 30 2C 32 36 32 2E 35 2C 38 2C 31 2C 30 2E 30 30 2C 30 2E 30 2C 30 2E 30 30
14:00:52.545    ← RX  0x36 46  hwid=5047 seq=14931
14:00:52.547    GPS → lat=36.058800 lon=-87.384050 alt=262.5m baro=0.0m sats=8 fix=True
14:01:02.718    ← RX  [RAW] 22 69 30 47 50 53 3A 33 36 2E 30 35 38 38 32 34 2C 2D 38 37 2E 33 38 34 30 34 30 2C 32 35 37 2E 39 2C 38 2C 31 2C 30 2E 30 30 2C 30 2E 30 2C 30 2E 30 30
14:01:02.721    ← RX  0x36 46  hwid=5047 seq=14931
14:01:02.725    GPS → lat=36.058824 lon=-87.384040 alt=257.9m baro=0.0m sats=8 fix=True
14:01:12.893    ← RX  [RAW] 22 69 30 47 50 53 3A 33 36 2E 30 35 38 38 34 30 2C 2D 38 37 2E 33 38 34 30 33 30 2C 32 35 36 2E 33 2C 38 2C 31 2C 30 2E 30 30 2C 30 2E 30 2C 30 2E 30 30
14:01:12.896    ← RX  0x36 46  hwid=5047 seq=14931
14:01:12.897    GPS → lat=36.058840 lon=-87.384030 alt=256.3m baro=0.0m sats=8 fix=True
14:01:23.069    ← RX  [RAW] 22 69 30 47 50 53 3A 33 36 2E 30 35 38 38 32 38 2C 2D 38 37 2E 33 38 34 30 34 30 2C 32 35 39 2E 36 2C 38 2C 31 2C 30 2E 30 30 2C 30 2E 30 2C 30 2E 30 30
14:01:23.071    ← RX  0x36 46  hwid=5047 seq=14931
14:01:23.080    GPS → lat=36.058828 lon=-87.384040 alt=259.6m baro=0.0m sats=8 fix=True
14:01:25.068    ← RX  [RAW] 22 69 1E 01 00 00 00 01 11 4F 70 65 6E 4C 53 54 20 42 4C 20 63 33 61 35 32 65 61 2D 64 69 72 74 79
14:01:25.070    ← RX  ascii 79  hwid=0001 seq=0
14:01:25.676    ← RX  [RAW] 22 69 1B 01 00 00 00 01 11 4F 70 65 6E 4C 53 54 20 31 64 33 61 62 65 33 2D 64 69 72 74 79
14:01:25.679    ← RX  ascii 79  hwid=0001 seq=0
14:01:33.228    ← RX  [RAW] 22 69 30 47 50 53 3A 33 36 2E 30 35 38 38 32 30 2C 2D 38 37 2E 33 38 34 30 34 30 2C 32 36 32 2E 32 2C 38 2C 31 2C 30 2E 30 30 2C 30 2E 30 2C 30 2E 30 30
14:01:33.230    ← RX  0x36 46  hwid=5047 seq=14931
14:01:33.232    GPS → lat=36.058820 lon=-87.384040 alt=262.2m baro=0.0m sats=8 fix=True
14:01:43.419    ← RX  [RAW] 22 69 30 47 50 53 3A 33 36 2E 30 35 38 38 30 38 2C 2D 38 37 2E 33 38 34 30 34 30 2C 32 36 33 2E 37 2C 37 2C 31 2C 30 2E 30 30 2C 30 2E 30 2C 30 2E 30 30
14:01:43.427    ← RX  0x36 46  hwid=5047 seq=14931
14:01:43.430    GPS → lat=36.058808 lon=-87.384040 alt=263.7m baro=0.0m sats=7 fix=True
14:01:53.594    ← RX  [RAW] 22 69 30 47 50 53 3A 33 36 2E 30 35 38 37 38 34 2C 2D 38 37 2E 33 38 34 30 32 34 2C 32 36 35 2E 32 2C 38 2C 31 2C 30 2E 30 30 2C 30 2E 30 2C 30 2E 30 30
14:01:53.597    ← RX  0x36 46  hwid=5047 seq=14931
14:01:53.599    GPS → lat=36.058784 lon=-87.384024 alt=265.2m baro=0.0m sats=8 fix=True
14:02:03.770    ← RX  [RAW] 22 69 30 47 50 53 3A 33 36 2E 30 35 38 37 39 36 2C 2D 38 37 2E 33 38 34 30 32 34 2C 32 36 34 2E 32 2C 38 2C 31 2C 30 2E 30 30 2C 30 2E 30 2C 30 2E 30 30
14:02:03.774    ← RX  0x36 46  hwid=5047 seq=14931
14:02:03.778    GPS → lat=36.058796 lon=-87.384024 alt=264.2m baro=0.0m sats=8 fix=True
14:02:13.993    ← RX  [RAW] 22 69 30 47 50 53 3A 33 36 2E 30 35 38 38 32 34 2C 2D 38 37 2E 33 38 34 30 34 30 2C 32 36 32 2E 30 2C 38 2C 31 2C 30 2E 30 30 2C 30 2E 30 2C 30 2E 30 30
14:02:13.996    ← RX  0x36 46  hwid=5047 seq=14931
14:02:13.999    GPS → lat=36.058824 lon=-87.384040 alt=262.0m baro=0.0m sats=8 fix=True
14:02:24.217    ← RX  [RAW] 22 69 30 47 50 53 3A 33 36 2E 30 35 38 38 33 36 2C 2D 38 37 2E 33 38 34 30 36 30 2C 32 36 32 2E 36 2C 38 2C 31 2C 30 2E 30 30 2C 30 2E 30 2C 30 2E 30 30
14:02:24.220    ← RX  0x36 46  hwid=5047 seq=14931
14:02:24.248    GPS → lat=36.058836 lon=-87.384060 alt=262.6m baro=0.0m sats=8 fix=True
14:02:34.408    ← RX  [RAW] 22 69 30 47 50 53 3A 33 36 2E 30 35 38 38 32 34 2C 2D 38 37 2E 33 38 34 30 36 30 2C 32 36 35 2E 31 2C 38 2C 31 2C 30 2E 30 30 2C 30 2E 30 2C 30 2E 30 30
14:02:34.430    ← RX  0x36 46  hwid=5047 seq=14931
14:02:34.433    GPS → lat=36.058824 lon=-87.384060 alt=265.1m baro=0.0m sats=8 fix=True
14:02:44.583    ← RX  [RAW] 22 69 30 47 50 53 3A 33 36 2E 30 35 38 38 32 34 2C 2D 38 37 2E 33 38 34 30 35 30 2C 32 36 35 2E 32 2C 38 2C 31 2C 30 2E 30 30 2C 30 2E 30 2C 30 2E 30 30
14:02:44.586    ← RX  0x36 46  hwid=5047 seq=14931
14:02:44.588    GPS → lat=36.058824 lon=-87.384050 alt=265.2m baro=0.0m sats=8 fix=True
14:02:54.758    ← RX  [RAW] 22 69 30 47 50 53 3A 33 36 2E 30 35 38 38 32 38 2C 2D 38 37 2E 33 38 34 30 35 30 2C 32 36 34 2E 33 2C 38 2C 31 2C 30 2E 30 30 2C 30 2E 30 2C 30 2E 30 30
14:02:54.767    ← RX  0x36 46  hwid=5047 seq=14931
14:02:54.769    GPS → lat=36.058828 lon=-87.384050 alt=264.3m baro=0.0m sats=8 fix=True
14:03:04.933    ← RX  [RAW] 22 69 30 47 50 53 3A 33 36 2E 30 35 38 38 31 30 2C 2D 38 37 2E 33 38 34 30 36 30 2C 32 36 35 2E 39 2C 38 2C 31 2C 30 2E 30 30 2C 30 2E 30 2C 30 2E 30 30
14:03:04.936    ← RX  0x36 46  hwid=5047 seq=14931
14:03:04.938    GPS → lat=36.058810 lon=-87.384060 alt=265.9m baro=0.0m sats=8 fix=True
14:03:15.109    ← RX  [RAW] 22 69 30 47 50 53 3A 33 36 2E 30 35 38 38 30 34 2C 2D 38 37 2E 33 38 34 30 38 30 2C 32 37 30 2E 37 2C 38 2C 31 2C 30 2E 30 30 2C 30 2E 30 2C 30 2E 30 30
14:03:15.111    ← RX  0x36 46  hwid=5047 seq=14931
14:03:15.114    GPS → lat=36.058804 lon=-87.384080 alt=270.7m baro=0.0m sats=8 fix=True
14:03:25.284    ← RX  [RAW] 22 69 30 47 50 53 3A 33 36 2E 30 35 38 37 39 36 2C 2D 38 37 2E 33 38 34 30 39 30 2C 32 37 33 2E 38 2C 38 2C 31 2C 30 2E 30 30 2C 30 2E 30 2C 30 2E 30 30
14:03:25.286    ← RX  0x36 46  hwid=5047 seq=14931
14:03:25.289    GPS → lat=36.058796 lon=-87.384090 alt=273.8m baro=0.0m sats=8 fix=True
14:03:35.459    ← RX  [RAW] 22 69 30 47 50 53 3A 33 36 2E 30 35 38 37 39 32 2C 2D 38 37 2E 33 38 34 30 39 30 2C 32 37 34 2E 32 2C 38 2C 31 2C 30 2E 30 30 2C 30 2E 30 2C 30 2E 30 30
14:03:35.463    ← RX  0x36 46  hwid=5047 seq=14931
14:03:35.466    GPS → lat=36.058792 lon=-87.384090 alt=274.2m baro=0.0m sats=8 fix=True
14:03:45.634    ← RX  [RAW] 22 69 30 47 50 53 3A 33 36 2E 30 35 38 37 39 36 2C 2D 38 37 2E 33 38 34 30 38 30 2C 32 36 37 2E 38 2C 38 2C 31 2C 30 2E 30 30 2C 30 2E 30 2C 30 2E 30 30
14:03:45.637    ← RX  0x36 46  hwid=5047 seq=14931
14:03:45.639    GPS → lat=36.058796 lon=-87.384080 alt=267.8m baro=0.0m sats=8 fix=True
14:03:55.810    ← RX  [RAW] 22 69 30 47 50 53 3A 33 36 2E 30 35 38 38 31 30 2C 2D 38 37 2E 33 38 34 30 38 30 2C 32 36 36 2E 39 2C 38 2C 31 2C 30 2E 30 30 2C 30 2E 30 2C 30 2E 30 30
14:03:55.813    ← RX  0x36 46  hwid=5047 seq=14931
14:03:55.815    GPS → lat=36.058810 lon=-87.384080 alt=266.9m baro=0.0m sats=8 fix=True
14:04:06.017    ← RX  [RAW] 22 69 30 47 50 53 3A 33 36 2E 30 35 38 38 30 34 2C 2D 38 37 2E 33 38 34 30 39 32 2C 32 37 30 2E 38 2C 38 2C 31 2C 30 2E 30 30 2C 30 2E 30 2C 30 2E 30 30
14:04:06.025    ← RX  0x36 46  hwid=5047 seq=14931
14:04:06.028    GPS → lat=36.058804 lon=-87.384092 alt=270.8m baro=0.0m sats=8 fix=True
14:04:16.224    ← RX  [RAW] 22 69 30 47 50 53 3A 33 36 2E 30 35 38 38 30 34 2C 2D 38 37 2E 33 38 34 31 30 30 2C 32 36 39 2E 38 2C 38 2C 31 2C 30 2E 30 30 2C 30 2E 30 2C 30 2E 30 30
14:04:16.228    ← RX  0x36 46  hwid=5047 seq=14931
14:04:16.232    GPS → lat=36.058804 lon=-87.384100 alt=269.8m baro=0.0m sats=8 fix=True
14:04:26.399    ← RX  [RAW] 22 69 30 47 50 53 3A 33 36 2E 30 35 38 38 31 36 2C 2D 38 37 2E 33 38 34 30 39 32 2C 32 36 32 2E 38 2C 38 2C 31 2C 30 2E 30 30 2C 30 2E 30 2C 30 2E 30 30
14:04:26.403    ← RX  0x36 46  hwid=5047 seq=14931
14:04:26.406    GPS → lat=36.058816 lon=-87.384092 alt=262.8m baro=0.0m sats=8 fix=True
14:04:36.575    ← RX  [RAW] 22 69 30 47 50 53 3A 33 36 2E 30 35 38 38 31 30 2C 2D 38 37 2E 33 38 34 30 39 32 2C 32 36 31 2E 30 2C 38 2C 31 2C 30 2E 30 30 2C 30 2E 30 2C 30 2E 30 30
14:04:36.577    ← RX  0x36 46  hwid=5047 seq=14931
14:04:36.579    GPS → lat=36.058810 lon=-87.384092 alt=261.0m baro=0.0m sats=8 fix=True
14:04:46.798    ← RX  [RAW] 22 69 30 47 50 53 3A 33 36 2E 30 35 38 38 32 34 2C 2D 38 37 2E 33 38 34 30 38 30 2C 32 35 39 2E 32 2C 38 2C 31 2C 30 2E 30 30 2C 30 2E 30 2C 30 2E 30 30
14:04:46.807    ← RX  0x36 46  hwid=5047 seq=14931
14:04:46.810    GPS → lat=36.058824 lon=-87.384080 alt=259.2m baro=0.0m sats=8 fix=True
14:04:56.973    ← RX  [RAW] 22 69 30 47 50 53 3A 33 36 2E 30 35 38 38 32 34 2C 2D 38 37 2E 33 38 34 30 38 30 2C 32 35 39 2E 33 2C 38 2C 31 2C 30 2E 30 30 2C 30 2E 30 2C 30 2E 30 30
14:04:56.975    ← RX  0x36 46  hwid=5047 seq=14931
14:04:56.978    GPS → lat=36.058824 lon=-87.384080 alt=259.3m baro=0.0m sats=8 fix=True
14:05:07.131    ← RX  [RAW] 22 69 30 47 50 53 3A 33 36 2E 30 35 38 38 32 34 2C 2D 38 37 2E 33 38 34 30 37 30 2C 32 35 39 2E 36 2C 38 2C 31 2C 30 2E 30 30 2C 30 2E 30 2C 30 2E 30 30
14:05:07.134    ← RX  0x36 46  hwid=5047 seq=14931
14:05:07.136    GPS → lat=36.058824 lon=-87.384070 alt=259.6m baro=0.0m sats=8 fix=True
14:05:17.307    ← RX  [RAW] 22 69 30 47 50 53 3A 33 36 2E 30 35 38 38 33 36 2C 2D 38 37 2E 33 38 34 30 34 30 2C 32 35 38 2E 36 2C 38 2C 31 2C 30 2E 30 30 2C 30 2E 30 2C 30 2E 30 30
14:05:17.310    ← RX  0x36 46  hwid=5047 seq=14931
14:05:17.312    GPS → lat=36.058836 lon=-87.384040 alt=258.6m baro=0.0m sats=8 fix=True
14:05:27.498    ← RX  [RAW] 22 69 30 47 50 53 3A 33 36 2E 30 35 38 38 33 30 2C 2D 38 37 2E 33 38 34 30 34 30 2C 32 35 39 2E 34 2C 38 2C 31 2C 30 2E 30 30 2C 30 2E 30 2C 30 2E 30 30
14:05:27.501    ← RX  0x36 46  hwid=5047 seq=14931
14:05:27.503    GPS → lat=36.058830 lon=-87.384040 alt=259.4m baro=0.0m sats=8 fix=True
14:05:37.673    ← RX  [RAW] 22 69 30 47 50 53 3A 33 36 2E 30 35 38 38 34 30 2C 2D 38 37 2E 33 38 34 30 32 34 2C 32 35 37 2E 35 2C 38 2C 31 2C 30 2E 30 30 2C 30 2E 30 2C 30 2E 30 30
14:05:37.676    ← RX  0x36 46  hwid=5047 seq=14931
14:05:37.678    GPS → lat=36.058840 lon=-87.384024 alt=257.5m baro=0.0m sats=8 fix=True
14:05:47.897    ← RX  [RAW] 22 69 30 47 50 53 3A 33 36 2E 30 35 38 38 34 30 2C 2D 38 37 2E 33 38 34 30 33 30 2C 32 35 38 2E 31 2C 38 2C 31 2C 30 2E 30 30 2C 30 2E 30 2C 30 2E 30 30
14:05:47.899    ← RX  0x36 46  hwid=5047 seq=14931
14:05:47.901    GPS → lat=36.058840 lon=-87.384030 alt=258.1m baro=0.0m sats=8 fix=True
14:05:58.088    ← RX  [RAW] 22 69 30 47 50 53 3A 33 36 2E 30 35 38 38 33 36 2C 2D 38 37 2E 33 38 34 30 35 30 2C 32 35 37 2E 34 2C 38 2C 31 2C 30 2E 30 30 2C 30 2E 30 2C 30 2E 30 30
14:05:58.096    ← RX  0x36 46  hwid=5047 seq=14931
14:05:58.099    GPS → lat=36.058836 lon=-87.384050 alt=257.4m baro=0.0m sats=8 fix=True
14:06:08.279    ← RX  [RAW] 22 69 30 47 50 53 3A 33 36 2E 30 35 38 38 33 30 2C 2D 38 37 2E 33 38 34 30 36 30 2C 32 35 38 2E 38 2C 38 2C 31 2C 30 2E 30 30 2C 30 2E 30 2C 30 2E 30 30
14:06:08.281    ← RX  0x36 46  hwid=5047 seq=14931
14:06:08.283    GPS → lat=36.058830 lon=-87.384060 alt=258.8m baro=0.0m sats=8 fix=True
14:06:18.438    ← RX  [RAW] 22 69 30 47 50 53 3A 33 36 2E 30 35 38 38 32 30 2C 2D 38 37 2E 33 38 34 30 39 30 2C 32 36 31 2E 36 2C 38 2C 31 2C 30 2E 30 30 2C 30 2E 30 2C 30 2E 30 30
14:06:18.444    ← RX  0x36 46  hwid=5047 seq=14931
14:06:18.448    GPS → lat=36.058820 lon=-87.384090 alt=261.6m baro=0.0m sats=8 fix=True
14:06:28.629    ← RX  [RAW] 22 69 30 47 50 53 3A 33 36 2E 30 35 38 38 32 30 2C 2D 38 37 2E 33 38 34 30 38 30 2C 32 36 32 2E 37 2C 38 2C 31 2C 30 2E 30 30 2C 30 2E 30 2C 30 2E 30 30
14:06:28.636    ← RX  0x36 46  hwid=5047 seq=14931
14:06:28.638    GPS → lat=36.058820 lon=-87.384080 alt=262.7m baro=0.0m sats=8 fix=True
14:06:38.805    ← RX  [RAW] 22 69 30 47 50 53 3A 33 36 2E 30 35 38 38 32 30 2C 2D 38 37 2E 33 38 34 30 39 30 2C 32 36 34 2E 35 2C 38 2C 31 2C 30 2E 30 30 2C 30 2E 30 2C 30 2E 30 30
14:06:38.807    ← RX  0x36 46  hwid=5047 seq=14931
14:06:38.810    GPS → lat=36.058820 lon=-87.384090 alt=264.5m baro=0.0m sats=8 fix=True
14:06:48.980    ← RX  [RAW] 22 69 30 47 50 53 3A 33 36 2E 30 35 38 38 32 38 2C 2D 38 37 2E 33 38 34 31 31 30 2C 32 36 35 2E 32 2C 38 2C 31 2C 30 2E 30 30 2C 30 2E 30 2C 30 2E 30 30
14:06:48.982    ← RX  0x36 46  hwid=5047 seq=14931
14:06:48.984    GPS → lat=36.058828 lon=-87.384110 alt=265.2m baro=0.0m sats=8 fix=True
14:06:59.156    ← RX  [RAW] 22 69 30 47 50 53 3A 33 36 2E 30 35 38 38 33 36 2C 2D 38 37 2E 33 38 34 31 33 32 2C 32 36 37 2E 34 2C 38 2C 31 2C 30 2E 30 30 2C 30 2E 30 2C 30 2E 30 30
14:06:59.159    ← RX  0x36 46  hwid=5047 seq=14931
14:06:59.162    GPS → lat=36.058836 lon=-87.384132 alt=267.4m baro=0.0m sats=8 fix=True
14:07:09.331    ← RX  [RAW] 22 69 30 47 50 53 3A 33 36 2E 30 35 38 38 31 36 2C 2D 38 37 2E 33 38 34 31 35 32 2C 32 37 38 2E 30 2C 38 2C 31 2C 30 2E 30 30 2C 30 2E 30 2C 30 2E 30 30
14:07:09.335    ← RX  0x36 46  hwid=5047 seq=14931
14:07:09.338    GPS → lat=36.058816 lon=-87.384152 alt=278.0m baro=0.0m sats=8 fix=True
14:07:19.553    ← RX  [RAW] 22 69 30 47 50 53 3A 33 36 2E 30 35 38 37 39 30 2C 2D 38 37 2E 33 38 34 31 35 32 2C 32 38 34 2E 36 2C 38 2C 31 2C 30 2E 30 30 2C 30 2E 30 2C 30 2E 30 30
14:07:19.558    ← RX  0x36 46  hwid=5047 seq=14931
14:07:19.562    GPS → lat=36.058790 lon=-87.384152 alt=284.6m baro=0.0m sats=8 fix=True
14:07:29.777    ← RX  [RAW] 22 69 30 47 50 53 3A 33 36 2E 30 35 38 37 37 36 2C 2D 38 37 2E 33 38 34 31 35 32 2C 32 38 33 2E 36 2C 38 2C 31 2C 30 2E 30 30 2C 30 2E 30 2C 30 2E 30 30
14:07:29.786    ← RX  0x36 46  hwid=5047 seq=14931
14:07:29.788    GPS → lat=36.058776 lon=-87.384152 alt=283.6m baro=0.0m sats=8 fix=True
14:07:39.984    ← RX  [RAW] 22 69 30 47 50 53 3A 33 36 2E 30 35 38 37 34 38 2C 2D 38 37 2E 33 38 34 31 33 32 2C 32 38 38 2E 37 2C 36 2C 31 2C 30 2E 30 30 2C 30 2E 30 2C 30 2E 30 30
14:07:39.988    ← RX  0x36 46  hwid=5047 seq=14931
14:07:39.990    GPS → lat=36.058748 lon=-87.384132 alt=288.7m baro=0.0m sats=6 fix=True
14:07:50.143    ← RX  [RAW] 22 69 30 47 50 53 3A 33 36 2E 30 35 38 37 33 36 2C 2D 38 37 2E 33 38 34 31 35 30 2C 32 39 31 2E 30 2C 37 2C 31 2C 30 2E 30 30 2C 30 2E 30 2C 30 2E 30 30
14:07:50.146    ← RX  0x36 46  hwid=5047 seq=14931
14:07:50.148    GPS → lat=36.058736 lon=-87.384150 alt=291.0m baro=0.0m sats=7 fix=True
14:08:00.335    ← RX  [RAW] 22 69 30 47 50 53 3A 33 36 2E 30 35 38 37 34 34 2C 2D 38 37 2E 33 38 34 31 37 30 2C 32 39 31 2E 32 2C 37 2C 31 2C 30 2E 30 30 2C 30 2E 30 2C 30 2E 30 30
14:08:00.342    ← RX  0x36 46  hwid=5047 seq=14931
14:08:00.345    GPS → lat=36.058744 lon=-87.384170 alt=291.2m baro=0.0m sats=7 fix=True
14:08:10.510    ← RX  [RAW] 22 69 30 47 50 53 3A 33 36 2E 30 35 38 37 35 36 2C 2D 38 37 2E 33 38 34 32 30 30 2C 32 39 30 2E 31 2C 36 2C 31 2C 30 2E 30 30 2C 30 2E 30 2C 30 2E 30 30
14:08:10.527    ← RX  0x36 46  hwid=5047 seq=14931
14:08:10.529    GPS → lat=36.058756 lon=-87.384200 alt=290.1m baro=0.0m sats=6 fix=True
14:08:20.684    ← RX  [RAW] 22 69 30 47 50 53 3A 33 36 2E 30 35 38 37 32 38 2C 2D 38 37 2E 33 38 34 31 35 32 2C 32 39 32 2E 34 2C 38 2C 31 2C 30 2E 30 30 2C 30 2E 30 2C 30 2E 30 30
14:08:20.689    ← RX  0x36 46  hwid=5047 seq=14931
14:08:20.693    GPS → lat=36.058728 lon=-87.384152 alt=292.4m baro=0.0m sats=8 fix=True
14:08:30.844    ← RX  [RAW] 22 69 30 47 50 53 3A 33 36 2E 30 35 38 37 30 30 2C 2D 38 37 2E 33 38 34 31 35 32 2C 32 39 38 2E 30 2C 38 2C 31 2C 30 2E 30 30 2C 30 2E 30 2C 30 2E 30 30
14:08:30.861    ← RX  0x36 46  hwid=5047 seq=14931
14:08:30.866    GPS → lat=36.058700 lon=-87.384152 alt=298.0m baro=0.0m sats=8 fix=True
14:08:41.035    ← RX  [RAW] 22 69 30 47 50 53 3A 33 36 2E 30 35 38 37 31 30 2C 2D 38 37 2E 33 38 34 31 38 30 2C 32 39 38 2E 36 2C 37 2C 31 2C 30 2E 30 30 2C 30 2E 30 2C 30 2E 30 30
14:08:41.038    ← RX  0x36 46  hwid=5047 seq=14931
14:08:41.040    GPS → lat=36.058710 lon=-87.384180 alt=298.6m baro=0.0m sats=7 fix=True
14:08:51.210    ← RX  [RAW] 22 69 30 47 50 53 3A 33 36 2E 30 35 38 37 32 30 2C 2D 38 37 2E 33 38 34 31 38 30 2C 32 39 36 2E 37 2C 38 2C 31 2C 30 2E 30 30 2C 30 2E 30 2C 30 2E 30 30
14:08:51.227    ← RX  0x36 46  hwid=5047 seq=14931
14:08:51.229    GPS → lat=36.058720 lon=-87.384180 alt=296.7m baro=0.0m sats=8 fix=True
14:09:01.385    ← RX  [RAW] 22 69 30 47 50 53 3A 33 36 2E 30 35 38 37 32 38 2C 2D 38 37 2E 33 38 34 31 37 30 2C 32 39 32 2E 37 2C 37 2C 31 2C 30 2E 30 30 2C 30 2E 30 2C 30 2E 30 30
14:09:01.388    ← RX  0x36 46  hwid=5047 seq=14931
14:09:01.391    GPS → lat=36.058728 lon=-87.384170 alt=292.7m baro=0.0m sats=7 fix=True
14:09:11.608    ← RX  [RAW] 22 69 30 47 50 53 3A 33 36 2E 30 35 38 37 32 30 2C 2D 38 37 2E 33 38 34 31 36 30 2C 32 39 32 2E 36 2C 38 2C 31 2C 30 2E 30 30 2C 30 2E 30 2C 30 2E 30 30
14:09:11.627    ← RX  0x36 46  hwid=5047 seq=14931
14:09:11.630    GPS → lat=36.058720 lon=-87.384160 alt=292.6m baro=0.0m sats=8 fix=True
14:09:21.799    ← RX  [RAW] 22 69 30 47 50 53 3A 33 36 2E 30 35 38 37 30 34 2C 2D 38 37 2E 33 38 34 31 33 30 2C 32 39 32 2E 35 2C 38 2C 31 2C 30 2E 30 30 2C 30 2E 30 2C 30 2E 30 30
14:09:21.802    ← RX  0x36 46  hwid=5047 seq=14931
14:09:21.804    GPS → lat=36.058704 lon=-87.384130 alt=292.5m baro=0.0m sats=8 fix=True
14:09:31.958    ← RX  [RAW] 22 69 30 47 50 53 3A 33 36 2E 30 35 38 36 39 36 2C 2D 38 37 2E 33 38 34 31 31 30 2C 32 39 31 2E 37 2C 37 2C 31 2C 30 2E 30 30 2C 30 2E 30 2C 30 2E 30 30
14:09:31.973    ← RX  0x36 46  hwid=5047 seq=14931
14:09:31.975    GPS → lat=36.058696 lon=-87.384110 alt=291.7m baro=0.0m sats=7 fix=True
14:09:42.134    ← RX  [RAW] 22 69 30 47 50 53 3A 33 36 2E 30 35 38 36 38 34 2C 2D 38 37 2E 33 38 34 30 37 30 2C 32 39 33 2E 36 2C 38 2C 31 2C 30 2E 30 30 2C 30 2E 30 2C 30 2E 30 30
14:09:42.137    ← RX  0x36 46  hwid=5047 seq=14931
14:09:42.139    GPS → lat=36.058684 lon=-87.384070 alt=293.6m baro=0.0m sats=8 fix=True
14:09:52.373    ← RX  [RAW] 22 69 30 47 50 53 3A 33 36 2E 30 35 38 36 39 36 2C 2D 38 37 2E 33 38 34 30 33 30 2C 32 39 35 2E 32 2C 38 2C 31 2C 30 2E 30 30 2C 30 2E 30 2C 30 2E 30 30
14:09:52.391    ← RX  0x36 46  hwid=5047 seq=14931
14:09:52.395    GPS → lat=36.058696 lon=-87.384030 alt=295.2m baro=0.0m sats=8 fix=True
14:10:02.543    ← RX  [RAW] 22 69 30 47 50 53 3A 33 36 2E 30 35 38 36 36 38 2C 2D 38 37 2E 33 38 34 30 32 30 2C 32 39 34 2E 32 2C 37 2C 31 2C 30 2E 30 30 2C 30 2E 30 2C 30 2E 30 30
14:10:02.548    ← RX  0x36 46  hwid=5047 seq=14931
14:10:02.551    GPS → lat=36.058668 lon=-87.384020 alt=294.2m baro=0.0m sats=7 fix=True
14:10:12.707    ← RX  [RAW] 22 69 30 47 50 53 3A 33 36 2E 30 35 38 36 37 32 2C 2D 38 37 2E 33 38 34 30 32 30 2C 32 39 31 2E 39 2C 36 2C 31 2C 30 2E 30 30 2C 30 2E 30 2C 30 2E 30 30
14:10:12.725    ← RX  0x36 46  hwid=5047 seq=14931
14:10:12.728    GPS → lat=36.058672 lon=-87.384020 alt=291.9m baro=0.0m sats=6 fix=True
14:10:22.882    ← RX  [RAW] 22 69 30 47 50 53 3A 33 36 2E 30 35 38 37 31 30 2C 2D 38 37 2E 33 38 34 30 33 30 2C 32 38 38 2E 39 2C 37 2C 31 2C 30 2E 30 30 2C 30 2E 30 2C 30 2E 30 30
14:10:22.885    ← RX  0x36 46  hwid=5047 seq=14931
14:10:22.888    GPS → lat=36.058710 lon=-87.384030 alt=288.9m baro=0.0m sats=7 fix=True
14:10:33.058    ← RX  [RAW] 22 69 30 47 50 53 3A 33 36 2E 30 35 38 37 32 30 2C 2D 38 37 2E 33 38 34 30 35 36 2C 32 38 33 2E 33 2C 37 2C 31 2C 30 2E 30 30 2C 30 2E 30 2C 30 2E 30 30
14:10:33.077    ← RX  0x36 46  hwid=5047 seq=14931
14:10:33.079    GPS → lat=36.058720 lon=-87.384056 alt=283.3m baro=0.0m sats=7 fix=True
14:10:43.233    ← RX  [RAW] 22 69 30 47 50 53 3A 33 36 2E 30 35 38 37 35 30 2C 2D 38 37 2E 33 38 34 30 35 36 2C 32 37 38 2E 39 2C 38 2C 31 2C 30 2E 30 30 2C 30 2E 30 2C 30 2E 30 30
14:10:43.235    ← RX  0x36 46  hwid=5047 seq=14931
14:10:43.238    GPS → lat=36.058750 lon=-87.384056 alt=278.9m baro=0.0m sats=8 fix=True
14:10:53.456    ← RX  [RAW] 22 69 30 47 50 53 3A 33 36 2E 30 35 38 37 35 36 2C 2D 38 37 2E 33 38 34 30 36 30 2C 32 37 35 2E 37 2C 38 2C 31 2C 30 2E 30 30 2C 30 2E 30 2C 30 2E 30 30
14:10:53.475    ← RX  0x36 46  hwid=5047 seq=14931
14:10:53.478    GPS → lat=36.058756 lon=-87.384060 alt=275.7m baro=0.0m sats=8 fix=True
14:11:03.664    ← RX  [RAW] 22 69 30 47 50 53 3A 33 36 2E 30 35 38 37 38 34 2C 2D 38 37 2E 33 38 34 30 38 30 2C 32 37 33 2E 39 2C 38 2C 31 2C 30 2E 30 30 2C 30 2E 30 2C 30 2E 30 30
14:11:03.666    ← RX  0x36 46  hwid=5047 seq=14931
14:11:03.669    GPS → lat=36.058784 lon=-87.384080 alt=273.9m baro=0.0m sats=8 fix=True
14:11:13.839    ← RX  [RAW] 22 69 30 47 50 53 3A 33 36 2E 30 35 38 37 38 34 2C 2D 38 37 2E 33 38 34 30 39 32 2C 32 37 34 2E 31 2C 38 2C 31 2C 30 2E 30 30 2C 30 2E 30 2C 30 2E 30 30
14:11:13.858    ← RX  0x36 46  hwid=5047 seq=14931
14:11:13.861    GPS → lat=36.058784 lon=-87.384092 alt=274.1m baro=0.0m sats=8 fix=True
14:11:24.014    ← RX  [RAW] 22 69 30 47 50 53 3A 33 36 2E 30 35 38 37 37 36 2C 2D 38 37 2E 33 38 34 30 38 30 2C 32 37 34 2E 39 2C 37 2C 31 2C 30 2E 30 30 2C 30 2E 30 2C 30 2E 30 30
14:11:24.017    ← RX  0x36 46  hwid=5047 seq=14931
14:11:24.020    GPS → lat=36.058776 lon=-87.384080 alt=274.9m baro=0.0m sats=7 fix=True
14:11:25.709    ← RX  [RAW] 22 69 1E 01 00 00 00 01 11 4F 70 65 6E 4C 53 54 20 42 4C 20 63 33 61 35 32 65 61 2D 64 69 72 74 79
14:11:25.731    ← RX  ascii 79  hwid=0001 seq=0
14:11:26.334    ← RX  [RAW] 22 69 1B 01 00 00 00 01 11 4F 70 65 6E 4C 53 54 20 31 64 33 61 62 65 33 2D 64 69 72 74 79
14:11:26.336    ← RX  ascii 79  hwid=0001 seq=0
14:11:34.173    ← RX  [RAW] 22 69 30 47 50 53 3A 33 36 2E 30 35 38 37 36 30 2C 2D 38 37 2E 33 38 34 30 37 30 2C 32 37 35 2E 39 2C 37 2C 31 2C 30 2E 30 30 2C 30 2E 30 2C 30 2E 30 30
14:11:34.176    ← RX  0x36 46  hwid=5047 seq=14931
14:11:34.179    GPS → lat=36.058760 lon=-87.384070 alt=275.9m baro=0.0m sats=7 fix=True
14:11:44.364    ← RX  [RAW] 22 69 30 47 50 53 3A 33 36 2E 30 35 38 37 35 30 2C 2D 38 37 2E 33 38 34 30 36 30 2C 32 37 35 2E 33 2C 38 2C 31 2C 30 2E 30 30 2C 30 2E 30 2C 30 2E 30 30
14:11:44.367    ← RX  0x36 46  hwid=5047 seq=14931
14:11:44.370    GPS → lat=36.058750 lon=-87.384060 alt=275.3m baro=0.0m sats=8 fix=True
14:11:54.539    ← RX  [RAW] 22 69 30 47 50 53 3A 33 36 2E 30 35 38 37 35 30 2C 2D 38 37 2E 33 38 34 30 36 30 2C 32 37 33 2E 36 2C 38 2C 31 2C 30 2E 30 30 2C 30 2E 30 2C 30 2E 30 30
14:11:54.543    ← RX  0x36 46  hwid=5047 seq=14931
14:11:54.547    GPS → lat=36.058750 lon=-87.384060 alt=273.6m baro=0.0m sats=8 fix=True
14:12:04.699    ← RX  [RAW] 22 69 30 47 50 53 3A 33 36 2E 30 35 38 37 35 36 2C 2D 38 37 2E 33 38 34 30 37 30 2C 32 37 31 2E 36 2C 38 2C 31 2C 30 2E 30 30 2C 30 2E 30 2C 30 2E 30 30
14:12:04.702    ← RX  0x36 46  hwid=5047 seq=14931
14:12:04.704    GPS → lat=36.058756 lon=-87.384070 alt=271.6m baro=0.0m sats=8 fix=True
14:12:14.874    ← RX  [RAW] 22 69 30 47 50 53 3A 33 36 2E 30 35 38 37 37 36 2C 2D 38 37 2E 33 38 34 30 36 30 2C 32 36 39 2E 32 2C 38 2C 31 2C 30 2E 30 30 2C 30 2E 30 2C 30 2E 30 30
14:12:14.884    ← RX  0x36 46  hwid=5047 seq=14931
14:12:14.887    GPS → lat=36.058776 lon=-87.384060 alt=269.2m baro=0.0m sats=8 fix=True
14:12:25.097    ← RX  [RAW] 22 69 30 47 50 53 3A 33 36 2E 30 35 38 37 38 34 2C 2D 38 37 2E 33 38 34 30 36 30 2C 32 36 37 2E 31 2C 38 2C 31 2C 30 2E 30 30 2C 30 2E 30 2C 30 2E 30 30
14:12:25.100    ← RX  0x36 46  hwid=5047 seq=14931
14:12:25.102    GPS → lat=36.058784 lon=-87.384060 alt=267.1m baro=0.0m sats=8 fix=True
14:12:35.337    ← RX  [RAW] 22 69 30 47 50 53 3A 33 36 2E 30 35 38 38 30 34 2C 2D 38 37 2E 33 38 34 30 36 30 2C 32 36 34 2E 30 2C 39 2C 31 2C 30 2E 30 30 2C 30 2E 30 2C 30 2E 30 30
14:12:35.341    ← RX  0x36 46  hwid=5047 seq=14931
14:12:35.344    GPS → lat=36.058804 lon=-87.384060 alt=264.0m baro=0.0m sats=9 fix=True
14:12:45.527    ← RX  [RAW] 22 69 30 47 50 53 3A 33 36 2E 30 35 38 38 30 30 2C 2D 38 37 2E 33 38 34 30 35 36 2C 32 36 31 2E 30 2C 39 2C 31 2C 30 2E 30 30 2C 30 2E 30 2C 30 2E 30 30
14:12:45.530    ← RX  0x36 46  hwid=5047 seq=14931
14:12:45.532    GPS → lat=36.058800 lon=-87.384056 alt=261.0m baro=0.0m sats=9 fix=True
14:12:55.703    ← RX  [RAW] 22 69 30 47 50 53 3A 33 36 2E 30 35 38 38 30 38 2C 2D 38 37 2E 33 38 34 30 35 30 2C 32 35 39 2E 34 2C 39 2C 31 2C 30 2E 30 30 2C 30 2E 30 2C 30 2E 30 30
14:12:55.706    ← RX  0x36 46  hwid=5047 seq=14931
14:12:55.723    GPS → lat=36.058808 lon=-87.384050 alt=259.4m baro=0.0m sats=9 fix=True
14:13:05.878    ← RX  [RAW] 22 69 30 47 50 53 3A 33 36 2E 30 35 38 38 30 38 2C 2D 38 37 2E 33 38 34 30 35 36 2C 32 36 31 2E 33 2C 39 2C 31 2C 30 2E 30 30 2C 30 2E 30 2C 30 2E 30 30
14:13:05.886    ← RX  0x36 46  hwid=5047 seq=14931
14:13:05.891    GPS → lat=36.058808 lon=-87.384056 alt=261.3m baro=0.0m sats=9 fix=True
14:13:16.053    ← RX  [RAW] 22 69 30 47 50 53 3A 33 36 2E 30 35 38 38 31 36 2C 2D 38 37 2E 33 38 34 30 35 30 2C 32 36 30 2E 31 2C 39 2C 31 2C 30 2E 30 30 2C 30 2E 30 2C 30 2E 30 30
14:13:16.057    ← RX  0x36 46  hwid=5047 seq=14931
14:13:16.073    GPS → lat=36.058816 lon=-87.384050 alt=260.1m baro=0.0m sats=9 fix=True
14:13:26.228    ← RX  [RAW] 22 69 30 47 50 53 3A 33 36 2E 30 35 38 38 32 30 2C 2D 38 37 2E 33 38 34 30 35 30 2C 32 35 37 2E 38 2C 39 2C 31 2C 30 2E 30 30 2C 30 2E 30 2C 30 2E 30 30
14:13:26.231    ← RX  0x36 46  hwid=5047 seq=14931
14:13:26.234    GPS → lat=36.058820 lon=-87.384050 alt=257.8m baro=0.0m sats=9 fix=True
14:13:36.403    ← RX  [RAW] 22 69 30 47 50 53 3A 33 36 2E 30 35 38 38 31 36 2C 2D 38 37 2E 33 38 34 30 35 30 2C 32 35 37 2E 33 2C 39 2C 31 2C 30 2E 30 30 2C 30 2E 30 2C 30 2E 30 30
14:13:36.407    ← RX  0x36 46  hwid=5047 seq=14931
14:13:36.433    GPS → lat=36.058816 lon=-87.384050 alt=257.3m baro=0.0m sats=9 fix=True
14:13:46.579    ← RX  [RAW] 22 69 30 47 50 53 3A 33 36 2E 30 35 38 38 32 30 2C 2D 38 37 2E 33 38 34 30 35 30 2C 32 35 37 2E 39 2C 39 2C 31 2C 30 2E 30 30 2C 30 2E 30 2C 30 2E 30 30
14:13:46.581    ← RX  0x36 46  hwid=5047 seq=14931
14:13:46.584    GPS → lat=36.058820 lon=-87.384050 alt=257.9m baro=0.0m sats=9 fix=True
14:13:56.737    ← RX  [RAW] 22 69 30 47 50 53 3A 33 36 2E 30 35 38 38 32 38 2C 2D 38 37 2E 33 38 34 30 34 30 2C 32 35 36 2E 33 2C 39 2C 31 2C 30 2E 30 30 2C 30 2E 30 2C 30 2E 30 30
14:13:56.754    ← RX  0x36 46  hwid=5047 seq=14931
14:13:56.757    GPS → lat=36.058828 lon=-87.384040 alt=256.3m baro=0.0m sats=9 fix=True
14:14:06.913    ← RX  [RAW] 22 69 30 47 50 53 3A 33 36 2E 30 35 38 38 32 34 2C 2D 38 37 2E 33 38 34 30 32 34 2C 32 35 36 2E 30 2C 39 2C 31 2C 30 2E 30 30 2C 30 2E 30 2C 30 2E 30 30
14:14:06.921    ← RX  0x36 46  hwid=5047 seq=14931
14:14:06.924    GPS → lat=36.058824 lon=-87.384024 alt=256.0m baro=0.0m sats=9 fix=True
14:14:17.152    ← RX  [RAW] 22 69 30 47 50 53 3A 33 36 2E 30 35 38 38 32 30 2C 2D 38 37 2E 33 38 34 30 32 30 2C 32 35 36 2E 32 2C 39 2C 31 2C 30 2E 30 30 2C 30 2E 30 2C 30 2E 30 30
14:14:17.155    ← RX  0x36 46  hwid=5047 seq=14931
14:14:17.158    GPS → lat=36.058820 lon=-87.384020 alt=256.2m baro=0.0m sats=9 fix=True
14:14:27.343    ← RX  [RAW] 22 69 30 47 50 53 3A 33 36 2E 30 35 38 38 31 30 2C 2D 38 37 2E 33 38 34 30 32 30 2C 32 35 36 2E 36 2C 39 2C 31 2C 30 2E 30 30 2C 30 2E 30 2C 30 2E 30 30
14:14:27.346    ← RX  0x36 46  hwid=5047 seq=14931
14:14:27.349    GPS → lat=36.058810 lon=-87.384020 alt=256.6m baro=0.0m sats=9 fix=True
14:14:37.503    ← RX  [RAW] 22 69 30 47 50 53 3A 33 36 2E 30 35 38 38 30 30 2C 2D 38 37 2E 33 38 34 30 32 34 2C 32 35 39 2E 34 2C 39 2C 31 2C 30 2E 30 30 2C 30 2E 30 2C 30 2E 30 30
14:14:37.506    ← RX  0x36 46  hwid=5047 seq=14931
14:14:37.509    GPS → lat=36.058800 lon=-87.384024 alt=259.4m baro=0.0m sats=9 fix=True
14:14:47.726    ← RX  [RAW] 22 69 30 47 50 53 3A 33 36 2E 30 35 38 38 30 30 2C 2D 38 37 2E 33 38 34 30 33 30 2C 32 36 30 2E 36 2C 39 2C 31 2C 30 2E 30 30 2C 30 2E 30 2C 30 2E 30 30
14:14:47.730    ← RX  0x36 46  hwid=5047 seq=14931
14:14:47.754    GPS → lat=36.058800 lon=-87.384030 alt=260.6m baro=0.0m sats=9 fix=True
14:14:57.901    ← RX  [RAW] 22 69 30 47 50 53 3A 33 36 2E 30 35 38 38 31 30 2C 2D 38 37 2E 33 38 34 30 33 30 2C 32 36 30 2E 38 2C 39 2C 31 2C 30 2E 30 30 2C 30 2E 30 2C 30 2E 30 30
14:14:57.905    ← RX  0x36 46  hwid=5047 seq=14931
14:14:57.908    GPS → lat=36.058810 lon=-87.384030 alt=260.8m baro=0.0m sats=9 fix=True
14:15:08.076    ← RX  [RAW] 22 69 30 47 50 53 3A 33 36 2E 30 35 38 38 32 34 2C 2D 38 37 2E 33 38 34 30 34 30 2C 32 36 32 2E 31 2C 39 2C 31 2C 30 2E 30 30 2C 30 2E 30 2C 30 2E 30 30
14:15:08.079    ← RX  0x36 46  hwid=5047 seq=14931
14:15:08.086    GPS → lat=36.058824 lon=-87.384040 alt=262.1m baro=0.0m sats=9 fix=True
14:15:18.251    ← RX  [RAW] 22 69 30 47 50 53 3A 33 36 2E 30 35 38 38 33 36 2C 2D 38 37 2E 33 38 34 30 35 30 2C 32 36 30 2E 38 2C 39 2C 31 2C 30 2E 30 30 2C 30 2E 30 2C 30 2E 30 30
14:15:18.256    ← RX  0x36 46  hwid=5047 seq=14931
14:15:18.258    GPS → lat=36.058836 lon=-87.384050 alt=260.8m baro=0.0m sats=9 fix=True
14:15:28.426    ← RX  [RAW] 22 69 30 47 50 53 3A 33 36 2E 30 35 38 38 34 30 2C 2D 38 37 2E 33 38 34 30 34 30 2C 32 36 30 2E 34 2C 39 2C 31 2C 30 2E 30 30 2C 30 2E 30 2C 30 2E 30 30
14:15:28.437    ← RX  0x36 46  hwid=5047 seq=14931
14:15:28.440    GPS → lat=36.058840 lon=-87.384040 alt=260.4m baro=0.0m sats=9 fix=True
14:15:38.602    ← RX  [RAW] 22 69 30 47 50 53 3A 33 36 2E 30 35 38 38 33 30 2C 2D 38 37 2E 33 38 34 30 34 30 2C 32 36 30 2E 37 2C 39 2C 31 2C 30 2E 30 30 2C 30 2E 30 2C 30 2E 30 30
14:15:38.607    ← RX  0x36 46  hwid=5047 seq=14931
14:15:38.612    GPS → lat=36.058830 lon=-87.384040 alt=260.7m baro=0.0m sats=9 fix=True
14:15:48.761    ← RX  [RAW] 22 69 30 47 50 53 3A 33 36 2E 30 35 38 38 32 38 2C 2D 38 37 2E 33 38 34 30 35 36 2C 32 36 30 2E 35 2C 39 2C 31 2C 30 2E 30 30 2C 30 2E 30 2C 30 2E 30 30
14:15:48.787    ← RX  0x36 46  hwid=5047 seq=14931
14:15:48.789    GPS → lat=36.058828 lon=-87.384056 alt=260.5m baro=0.0m sats=9 fix=True
14:15:59.000    ← RX  [RAW] 22 69 30 47 50 53 3A 33 36 2E 30 35 38 38 32 34 2C 2D 38 37 2E 33 38 34 30 35 36 2C 32 35 39 2E 35 2C 39 2C 31 2C 30 2E 30 30 2C 30 2E 30 2C 30 2E 30 30
14:15:59.004    ← RX  0x36 46  hwid=5047 seq=14931
14:15:59.007    GPS → lat=36.058824 lon=-87.384056 alt=259.5m baro=0.0m sats=9 fix=True
14:16:09.207    ← RX  [RAW] 22 69 30 47 50 53 3A 33 36 2E 30 35 38 38 32 38 2C 2D 38 37 2E 33 38 34 30 34 30 2C 32 35 38 2E 36 2C 39 2C 31 2C 30 2E 30 30 2C 30 2E 30 2C 30 2E 30 30
14:16:09.216    ← RX  0x36 46  hwid=5047 seq=14931
14:16:09.218    GPS → lat=36.058828 lon=-87.384040 alt=258.6m baro=0.0m sats=9 fix=True
14:16:19.367    ← RX  [RAW] 22 69 30 47 50 53 3A 33 36 2E 30 35 38 38 34 30 2C 2D 38 37 2E 33 38 34 30 33 30 2C 32 35 34 2E 36 2C 39 2C 31 2C 30 2E 30 30 2C 30 2E 30 2C 30 2E 30 30
14:16:19.370    ← RX  0x36 46  hwid=5047 seq=14931
14:16:19.374    GPS → lat=36.058840 lon=-87.384030 alt=254.6m baro=0.0m sats=9 fix=True
14:16:29.542    ← RX  [RAW] 22 69 30 47 50 53 3A 33 36 2E 30 35 38 38 35 30 2C 2D 38 37 2E 33 38 34 30 34 30 2C 32 35 33 2E 37 2C 39 2C 31 2C 30 2E 30 30 2C 30 2E 30 2C 30 2E 30 30
14:16:29.545    ← RX  0x36 46  hwid=5047 seq=14931
14:16:29.547    GPS → lat=36.058850 lon=-87.384040 alt=253.7m baro=0.0m sats=9 fix=True
14:16:39.733    ← RX  [RAW] 22 69 30 47 50 53 3A 33 36 2E 30 35 38 38 35 30 2C 2D 38 37 2E 33 38 34 30 35 36 2C 32 35 34 2E 34 2C 39 2C 31 2C 30 2E 30 30 2C 30 2E 30 2C 30 2E 30 30
14:16:39.736    ← RX  0x36 46  hwid=5047 seq=14931
14:16:39.751    GPS → lat=36.058850 lon=-87.384056 alt=254.4m baro=0.0m sats=9 fix=True
14:16:49.908    ← RX  [RAW] 22 69 30 47 50 53 3A 33 36 2E 30 35 38 38 35 32 2C 2D 38 37 2E 33 38 34 30 35 36 2C 32 35 35 2E 35 2C 39 2C 31 2C 30 2E 30 30 2C 30 2E 30 2C 30 2E 30 30
14:16:49.911    ← RX  0x36 46  hwid=5047 seq=14931
14:16:49.914    GPS → lat=36.058852 lon=-87.384056 alt=255.5m baro=0.0m sats=9 fix=True
14:17:00.068    ← RX  [RAW] 22 69 30 47 50 53 3A 33 36 2E 30 35 38 38 34 34 2C 2D 38 37 2E 33 38 34 30 36 30 2C 32 35 37 2E 38 2C 39 2C 31 2C 30 2E 30 30 2C 30 2E 30 2C 30 2E 30 30
14:17:00.084    ← RX  0x36 46  hwid=5047 seq=14931
14:17:00.087    GPS → lat=36.058844 lon=-87.384060 alt=257.8m baro=0.0m sats=9 fix=True
14:17:10.243    ← RX  [RAW] 22 69 30 47 50 53 3A 33 36 2E 30 35 38 38 35 30 2C 2D 38 37 2E 33 38 34 30 36 30 2C 32 35 38 2E 34 2C 39 2C 31 2C 30 2E 30 30 2C 30 2E 30 2C 30 2E 30 30
14:17:10.247    ← RX  0x36 46  hwid=5047 seq=14931
14:17:10.251    GPS → lat=36.058850 lon=-87.384060 alt=258.4m baro=0.0m sats=9 fix=True
14:17:20.466    ← RX  [RAW] 22 69 30 47 50 53 3A 33 36 2E 30 35 38 38 34 34 2C 2D 38 37 2E 33 38 34 30 36 30 2C 32 35 39 2E 31 2C 39 2C 31 2C 30 2E 30 30 2C 30 2E 30 2C 30 2E 30 30
14:17:20.469    ← RX  0x36 46  hwid=5047 seq=14931
14:17:20.472    GPS → lat=36.058844 lon=-87.384060 alt=259.1m baro=0.0m sats=9 fix=True
14:17:30.642    ← RX  [RAW] 22 69 30 47 50 53 3A 33 36 2E 30 35 38 38 34 34 2C 2D 38 37 2E 33 38 34 30 37 30 2C 32 35 38 2E 39 2C 39 2C 31 2C 30 2E 30 30 2C 30 2E 30 2C 30 2E 30 30
14:17:30.649    ← RX  0x36 46  hwid=5047 seq=14931
14:17:30.653    GPS → lat=36.058844 lon=-87.384070 alt=258.9m baro=0.0m sats=9 fix=True
14:17:40.865    ← RX  [RAW] 22 69 30 47 50 53 3A 33 36 2E 30 35 38 38 32 38 2C 2D 38 37 2E 33 38 34 30 38 30 2C 32 36 32 2E 32 2C 39 2C 31 2C 30 2E 30 30 2C 30 2E 30 2C 30 2E 30 30
14:17:40.867    ← RX  0x36 46  hwid=5047 seq=14931
14:17:40.870    GPS → lat=36.058828 lon=-87.384080 alt=262.2m baro=0.0m sats=9 fix=True
14:17:51.056    ← RX  [RAW] 22 69 30 47 50 53 3A 33 36 2E 30 35 38 38 32 30 2C 2D 38 37 2E 33 38 34 30 36 30 2C 32 36 31 2E 36 2C 39 2C 31 2C 30 2E 30 30 2C 30 2E 30 2C 30 2E 30 30
14:17:51.060    ← RX  0x36 46  hwid=5047 seq=14931
14:17:51.066    GPS → lat=36.058820 lon=-87.384060 alt=261.6m baro=0.0m sats=9 fix=True
14:18:01.231    ← RX  [RAW] 22 69 30 47 50 53 3A 33 36 2E 30 35 38 38 30 30 2C 2D 38 37 2E 33 38 34 30 37 30 2C 32 36 35 2E 34 2C 39 2C 31 2C 30 2E 30 30 2C 30 2E 30 2C 30 2E 30 30
14:18:01.235    ← RX  0x36 46  hwid=5047 seq=14931
14:18:01.238    GPS → lat=36.058800 lon=-87.384070 alt=265.4m baro=0.0m sats=9 fix=True
14:18:11.406    ← RX  [RAW] 22 69 30 47 50 53 3A 33 36 2E 30 35 38 38 30 34 2C 2D 38 37 2E 33 38 34 30 38 30 2C 32 36 36 2E 34 2C 39 2C 31 2C 30 2E 30 30 2C 30 2E 30 2C 30 2E 30 30
14:18:11.409    ← RX  0x36 46  hwid=5047 seq=14931
14:18:11.412    GPS → lat=36.058804 lon=-87.384080 alt=266.4m baro=0.0m sats=9 fix=True
14:18:21.581    ← RX  [RAW] 22 69 30 47 50 53 3A 33 36 2E 30 35 38 38 30 34 2C 2D 38 37 2E 33 38 34 30 39 30 2C 32 36 37 2E 39 2C 39 2C 31 2C 30 2E 30 30 2C 30 2E 30 2C 30 2E 30 30
14:18:21.585    ← RX  0x36 46  hwid=5047 seq=14931
14:18:21.589    GPS → lat=36.058804 lon=-87.384090 alt=267.9m baro=0.0m sats=9 fix=True
14:18:31.757    ← RX  [RAW] 22 69 30 47 50 53 3A 33 36 2E 30 35 38 38 33 30 2C 2D 38 37 2E 33 38 34 30 36 30 2C 32 36 31 2E 39 2C 39 2C 31 2C 30 2E 30 30 2C 30 2E 30 2C 30 2E 30 30
14:18:31.759    ← RX  0x36 46  hwid=5047 seq=14931
14:18:31.762    GPS → lat=36.058830 lon=-87.384060 alt=261.9m baro=0.0m sats=9 fix=True
14:18:41.932    ← RX  [RAW] 22 69 30 47 50 53 3A 33 36 2E 30 35 38 38 35 36 2C 2D 38 37 2E 33 38 34 30 33 30 2C 32 35 34 2E 38 2C 39 2C 31 2C 30 2E 30 30 2C 30 2E 30 2C 30 2E 30 30
14:18:41.942    ← RX  0x36 46  hwid=5047 seq=14931
14:18:41.966    GPS → lat=36.058856 lon=-87.384030 alt=254.8m baro=0.0m sats=9 fix=True
14:18:52.107    ← RX  [RAW] 22 69 30 47 50 53 3A 33 36 2E 30 35 38 38 35 36 2C 2D 38 37 2E 33 38 34 30 34 30 2C 32 35 36 2E 39 2C 39 2C 31 2C 30 2E 30 30 2C 30 2E 30 2C 30 2E 30 30
14:18:52.111    ← RX  0x36 46  hwid=5047 seq=14931
14:18:52.115    GPS → lat=36.058856 lon=-87.384040 alt=256.9m baro=0.0m sats=9 fix=True
14:19:02.282    ← RX  [RAW] 22 69 30 47 50 53 3A 33 36 2E 30 35 38 38 35 30 2C 2D 38 37 2E 33 38 34 30 36 30 2C 32 36 30 2E 32 2C 39 2C 31 2C 30 2E 30 30 2C 30 2E 30 2C 30 2E 30 30
14:19:02.285    ← RX  0x36 46  hwid=5047 seq=14931
14:19:02.288    GPS → lat=36.058850 lon=-87.384060 alt=260.2m baro=0.0m sats=9 fix=True
14:19:12.473    ← RX  [RAW] 22 69 30 47 50 53 3A 33 36 2E 30 35 38 38 36 30 2C 2D 38 37 2E 33 38 34 30 36 30 2C 32 35 38 2E 31 2C 39 2C 31 2C 30 2E 30 30 2C 30 2E 30 2C 30 2E 30 30
14:19:12.476    ← RX  0x36 46  hwid=5047 seq=14931
14:19:12.480    GPS → lat=36.058860 lon=-87.384060 alt=258.1m baro=0.0m sats=9 fix=True
14:19:22.680    ← RX  [RAW] 22 69 30 47 50 53 3A 33 36 2E 30 35 38 38 35 32 2C 2D 38 37 2E 33 38 34 30 38 30 2C 32 35 38 2E 36 2C 39 2C 31 2C 30 2E 30 30 2C 30 2E 30 2C 30 2E 30 30
14:19:22.683    ← RX  0x36 46  hwid=5047 seq=14931
14:19:22.686    GPS → lat=36.058852 lon=-87.384080 alt=258.6m baro=0.0m sats=9 fix=True
14:19:32.872    ← RX  [RAW] 22 69 30 47 50 53 3A 33 36 2E 30 35 38 38 35 36 2C 2D 38 37 2E 33 38 34 30 37 30 2C 32 35 36 2E 36 2C 38 2C 31 2C 30 2E 30 30 2C 30 2E 30 2C 30 2E 30 30
14:19:32.881    ← RX  0x36 46  hwid=5047 seq=14931
14:19:32.906    GPS → lat=36.058856 lon=-87.384070 alt=256.6m baro=0.0m sats=8 fix=True
14:19:43.047    ← RX  [RAW] 22 69 30 47 50 53 3A 33 36 2E 30 35 38 38 36 30 2C 2D 38 37 2E 33 38 34 30 35 36 2C 32 35 34 2E 32 2C 39 2C 31 2C 30 2E 30 30 2C 30 2E 30 2C 30 2E 30 30
14:19:43.050    ← RX  0x36 46  hwid=5047 seq=14931
14:19:43.052    GPS → lat=36.058860 lon=-87.384056 alt=254.2m baro=0.0m sats=9 fix=True
14:19:53.270    ← RX  [RAW] 22 69 30 47 50 53 3A 33 36 2E 30 35 38 38 36 34 2C 2D 38 37 2E 33 38 34 30 36 30 2C 32 35 34 2E 33 2C 39 2C 31 2C 30 2E 30 30 2C 30 2E 30 2C 30 2E 30 30
14:19:53.278    ← RX  0x36 46  hwid=5047 seq=14931
14:19:53.281    GPS → lat=36.058864 lon=-87.384060 alt=254.3m baro=0.0m sats=9 fix=True
14:20:03.445    ← RX  [RAW] 22 69 30 47 50 53 3A 33 36 2E 30 35 38 38 36 30 2C 2D 38 37 2E 33 38 34 30 36 30 2C 32 35 34 2E 37 2C 39 2C 31 2C 30 2E 30 30 2C 30 2E 30 2C 30 2E 30 30
14:20:03.448    ← RX  0x36 46  hwid=5047 seq=14931
14:20:03.466    GPS → lat=36.058860 lon=-87.384060 alt=254.7m baro=0.0m sats=9 fix=True
14:20:13.604    ← RX  [RAW] 22 69 30 47 50 53 3A 33 36 2E 30 35 38 38 36 30 2C 2D 38 37 2E 33 38 34 30 36 30 2C 32 35 34 2E 34 2C 39 2C 31 2C 30 2E 30 30 2C 30 2E 30 2C 30 2E 30 30
14:20:13.608    ← RX  0x36 46  hwid=5047 seq=14931
14:20:13.612    GPS → lat=36.058860 lon=-87.384060 alt=254.4m baro=0.0m sats=9 fix=True
14:20:23.780    ← RX  [RAW] 22 69 30 47 50 53 3A 33 36 2E 30 35 38 38 35 32 2C 2D 38 37 2E 33 38 34 30 35 30 2C 32 35 33 2E 33 2C 39 2C 31 2C 30 2E 30 30 2C 30 2E 30 2C 30 2E 30 30
14:20:23.798    ← RX  0x36 46  hwid=5047 seq=14931
14:20:23.801    GPS → lat=36.058852 lon=-87.384050 alt=253.3m baro=0.0m sats=9 fix=True
14:20:33.955    ← RX  [RAW] 22 69 30 47 50 53 3A 33 36 2E 30 35 38 38 35 36 2C 2D 38 37 2E 33 38 34 30 33 30 2C 32 35 33 2E 30 2C 39 2C 31 2C 30 2E 30 30 2C 30 2E 30 2C 30 2E 30 30
14:20:33.958    ← RX  0x36 46  hwid=5047 seq=14931
14:20:33.982    GPS → lat=36.058856 lon=-87.384030 alt=253.0m baro=0.0m sats=9 fix=True
14:20:44.130    ← RX  [RAW] 22 69 30 47 50 53 3A 33 36 2E 30 35 38 38 33 36 2C 2D 38 37 2E 33 38 34 30 35 36 2C 32 35 38 2E 35 2C 39 2C 31 2C 30 2E 30 30 2C 30 2E 30 2C 30 2E 30 30
14:20:44.137    ← RX  0x36 46  hwid=5047 seq=14931
14:20:44.149    GPS → lat=36.058836 lon=-87.384056 alt=258.5m baro=0.0m sats=9 fix=True
14:20:54.305    ← RX  [RAW] 22 69 30 47 50 53 3A 33 36 2E 30 35 38 38 33 36 2C 2D 38 37 2E 33 38 34 30 38 30 2C 32 36 30 2E 32 2C 39 2C 31 2C 30 2E 30 30 2C 30 2E 30 2C 30 2E 30 30
14:20:54.309    ← RX  0x36 46  hwid=5047 seq=14931
14:20:54.313    GPS → lat=36.058836 lon=-87.384080 alt=260.2m baro=0.0m sats=9 fix=True
14:21:04.545    ← RX  [RAW] 22 69 30 47 50 53 3A 33 36 2E 30 35 38 38 33 36 2C 2D 38 37 2E 33 38 34 30 39 30 2C 32 35 39 2E 38 2C 39 2C 31 2C 30 2E 30 30 2C 30 2E 30 2C 30 2E 30 30
14:21:04.548    ← RX  0x36 46  hwid=5047 seq=14931
14:21:04.552    GPS → lat=36.058836 lon=-87.384090 alt=259.8m baro=0.0m sats=9 fix=True
14:21:14.736    ← RX  [RAW] 22 69 30 47 50 53 3A 33 36 2E 30 35 38 38 33 36 2C 2D 38 37 2E 33 38 34 30 39 30 2C 32 35 39 2E 35 2C 39 2C 31 2C 30 2E 30 30 2C 30 2E 30 2C 30 2E 30 30
14:21:14.739    ← RX  0x36 46  hwid=5047 seq=14931
14:21:14.741    GPS → lat=36.058836 lon=-87.384090 alt=259.5m baro=0.0m sats=9 fix=True
14:21:24.911    ← RX  [RAW] 22 69 30 47 50 53 3A 33 36 2E 30 35 38 38 33 30 2C 2D 38 37 2E 33 38 34 30 38 30 2C 32 35 38 2E 35 2C 38 2C 31 2C 30 2E 30 30 2C 30 2E 30 2C 30 2E 30 30
14:21:24.930    ← RX  0x36 46  hwid=5047 seq=14931
14:21:24.933    GPS → lat=36.058830 lon=-87.384080 alt=258.5m baro=0.0m sats=8 fix=True
14:21:26.366    ← RX  [RAW] 22 69 1E 01 00 00 00 01 11 4F 70 65 6E 4C 53 54 20 42 4C 20 63 33 61 35 32 65 61 2D 64 69 72 74 79
14:21:26.379    ← RX  ascii 79  hwid=0001 seq=0
14:21:26.974    ← RX  [RAW] 22 69 1B 01 00 00 00 01 11 4F 70 65 6E 4C 53 54 20 31 64 33 61 62 65 33 2D 64 69 72 74 79
14:21:26.977    ← RX  ascii 79  hwid=0001 seq=0
14:21:35.085    ← RX  [RAW] 22 69 30 47 50 53 3A 33 36 2E 30 35 38 38 33 30 2C 2D 38 37 2E 33 38 34 30 39 30 2C 32 35 39 2E 33 2C 38 2C 31 2C 30 2E 30 30 2C 30 2E 30 2C 30 2E 30 30
14:21:35.097    ← RX  0x36 46  hwid=5047 seq=14931
14:21:35.100    GPS → lat=36.058830 lon=-87.384090 alt=259.3m baro=0.0m sats=8 fix=True
14:21:45.261    ← RX  [RAW] 22 69 30 47 50 53 3A 33 36 2E 30 35 38 38 33 30 2C 2D 38 37 2E 33 38 34 30 37 30 2C 32 35 38 2E 38 2C 39 2C 31 2C 30 2E 30 30 2C 30 2E 30 2C 30 2E 30 30
14:21:45.298    ← RX  0x36 46  hwid=5047 seq=14931
14:21:45.301    GPS → lat=36.058830 lon=-87.384070 alt=258.8m baro=0.0m sats=9 fix=True
14:21:55.436    ← RX  [RAW] 22 69 30 47 50 53 3A 33 36 2E 30 35 38 38 32 38 2C 2D 38 37 2E 33 38 34 30 38 30 2C 32 35 39 2E 38 2C 39 2C 31 2C 30 2E 30 30 2C 30 2E 30 2C 30 2E 30 30
14:21:55.439    ← RX  0x36 46  hwid=5047 seq=14931
14:21:55.465    GPS → lat=36.058828 lon=-87.384080 alt=259.8m baro=0.0m sats=9 fix=True
14:22:05.611    ← RX  [RAW] 22 69 30 47 50 53 3A 33 36 2E 30 35 38 38 32 38 2C 2D 38 37 2E 33 38 34 30 37 30 2C 32 35 38 2E 34 2C 39 2C 31 2C 30 2E 30 30 2C 30 2E 30 2C 30 2E 30 30
14:22:05.614    ← RX  0x36 46  hwid=5047 seq=14931
14:22:05.631    GPS → lat=36.058828 lon=-87.384070 alt=258.4m baro=0.0m sats=9 fix=True
14:22:15.770    ← RX  [RAW] 22 69 30 47 50 53 3A 33 36 2E 30 35 38 38 33 36 2C 2D 38 37 2E 33 38 34 30 35 36 2C 32 35 35 2E 39 2C 39 2C 31 2C 30 2E 30 30 2C 30 2E 30 2C 30 2E 30 30
14:22:15.773    ← RX  0x36 46  hwid=5047 seq=14931
14:22:15.776    GPS → lat=36.058836 lon=-87.384056 alt=255.9m baro=0.0m sats=9 fix=True
14:22:26.009    ← RX  [RAW] 22 69 30 47 50 53 3A 33 36 2E 30 35 38 38 34 30 2C 2D 38 37 2E 33 38 34 30 35 30 2C 32 35 35 2E 33 2C 39 2C 31 2C 30 2E 30 30 2C 30 2E 30 2C 30 2E 30 30
14:22:26.013    ← RX  0x36 46  hwid=5047 seq=14931
14:22:26.015    GPS → lat=36.058840 lon=-87.384050 alt=255.3m baro=0.0m sats=9 fix=True
14:22:36.184    ← RX  [RAW] 22 69 30 47 50 53 3A 33 36 2E 30 35 38 38 34 34 2C 2D 38 37 2E 33 38 34 30 35 30 2C 32 35 36 2E 35 2C 39 2C 31 2C 30 2E 30 30 2C 30 2E 30 2C 30 2E 30 30
14:22:36.187    ← RX  0x36 46  hwid=5047 seq=14931
14:22:36.190    GPS → lat=36.058844 lon=-87.384050 alt=256.5m baro=0.0m sats=9 fix=True
14:22:46.407    ← RX  [RAW] 22 69 30 47 50 53 3A 33 36 2E 30 35 38 38 35 32 2C 2D 38 37 2E 33 38 34 30 33 30 2C 32 35 34 2E 33 2C 39 2C 31 2C 30 2E 30 30 2C 30 2E 30 2C 30 2E 30 30
14:22:46.428    ← RX  0x36 46  hwid=5047 seq=14931
14:22:46.432    GPS → lat=36.058852 lon=-87.384030 alt=254.3m baro=0.0m sats=9 fix=True
14:22:56.615    ← RX  [RAW] 22 69 30 47 50 53 3A 33 36 2E 30 35 38 38 35 32 2C 2D 38 37 2E 33 38 34 30 34 30 2C 32 35 34 2E 34 2C 39 2C 31 2C 30 2E 30 30 2C 30 2E 30 2C 30 2E 30 30
14:22:56.627    ← RX  0x36 46  hwid=5047 seq=14931
14:22:56.630    GPS → lat=36.058852 lon=-87.384040 alt=254.4m baro=0.0m sats=9 fix=True
14:23:06.790    ← RX  [RAW] 22 69 30 47 50 53 3A 33 36 2E 30 35 38 38 35 32 2C 2D 38 37 2E 33 38 34 30 35 30 2C 32 35 34 2E 30 2C 39 2C 31 2C 30 2E 30 30 2C 30 2E 30 2C 30 2E 30 30
14:23:06.794    ← RX  0x36 46  hwid=5047 seq=14931
14:23:06.812    GPS → lat=36.058852 lon=-87.384050 alt=254.0m baro=0.0m sats=9 fix=True
14:23:16.949    ← RX  [RAW] 22 69 30 47 50 53 3A 33 36 2E 30 35 38 38 36 30 2C 2D 38 37 2E 33 38 34 30 35 30 2C 32 35 33 2E 34 2C 39 2C 31 2C 30 2E 30 30 2C 30 2E 30 2C 30 2E 30 30
14:23:16.952    ← RX  0x36 46  hwid=5047 seq=14931
14:23:16.978    GPS → lat=36.058860 lon=-87.384050 alt=253.4m baro=0.0m sats=9 fix=True
14:23:27.124    ← RX  [RAW] 22 69 30 47 50 53 3A 33 36 2E 30 35 38 38 36 34 2C 2D 38 37 2E 33 38 34 30 35 30 2C 32 35 32 2E 38 2C 39 2C 31 2C 30 2E 30 30 2C 30 2E 30 2C 30 2E 30 30
14:23:27.129    ← RX  0x36 46  hwid=5047 seq=14931
14:23:27.145    GPS → lat=36.058864 lon=-87.384050 alt=252.8m baro=0.0m sats=9 fix=True
14:23:37.316    ← RX  [RAW] 22 69 30 47 50 53 3A 33 36 2E 30 35 38 38 36 34 2C 2D 38 37 2E 33 38 34 30 35 36 2C 32 35 34 2E 31 2C 39 2C 31 2C 30 2E 30 30 2C 30 2E 30 2C 30 2E 30 30
14:23:37.318    ← RX  0x36 46  hwid=5047 seq=14931
14:23:37.321    GPS → lat=36.058864 lon=-87.384056 alt=254.1m baro=0.0m sats=9 fix=True
14:23:47.491    ← RX  [RAW] 22 69 30 47 50 53 3A 33 36 2E 30 35 38 38 36 34 2C 2D 38 37 2E 33 38 34 30 35 30 2C 32 35 34 2E 35 2C 39 2C 31 2C 30 2E 30 30 2C 30 2E 30 2C 30 2E 30 30
14:23:47.493    ← RX  0x36 46  hwid=5047 seq=14931
14:23:47.497    GPS → lat=36.058864 lon=-87.384050 alt=254.5m baro=0.0m sats=9 fix=True
14:23:57.649    ← RX  [RAW] 22 69 30 47 50 53 3A 33 36 2E 30 35 38 38 38 38 2C 2D 38 37 2E 33 38 34 30 34 30 2C 32 35 34 2E 35 2C 39 2C 31 2C 30 2E 30 30 2C 30 2E 30 2C 30 2E 30 30
14:23:57.652    ← RX  0x36 46  hwid=5047 seq=14931
14:23:57.655    GPS → lat=36.058888 lon=-87.384040 alt=254.5m baro=0.0m sats=9 fix=True
14:24:07.825    ← RX  [RAW] 22 69 30 47 50 53 3A 33 36 2E 30 35 38 39 32 30 2C 2D 38 37 2E 33 38 34 30 33 30 2C 32 35 33 2E 34 2C 39 2C 31 2C 30 2E 30 30 2C 30 2E 30 2C 30 2E 30 30
14:24:07.859    ← RX  0x36 46  hwid=5047 seq=14931
14:24:07.863    GPS → lat=36.058920 lon=-87.384030 alt=253.4m baro=0.0m sats=9 fix=True
14:24:18.016    ← RX  [RAW] 22 69 30 47 50 53 3A 33 36 2E 30 35 38 39 33 30 2C 2D 38 37 2E 33 38 34 30 33 30 2C 32 35 32 2E 35 2C 39 2C 31 2C 30 2E 30 30 2C 30 2E 30 2C 30 2E 30 30
14:24:18.021    ← RX  0x36 46  hwid=5047 seq=14931
14:24:18.027    GPS → lat=36.058930 lon=-87.384030 alt=252.5m baro=0.0m sats=9 fix=True
14:24:28.223    ← RX  [RAW] 22 69 30 47 50 53 3A 33 36 2E 30 35 38 38 39 36 2C 2D 38 37 2E 33 38 34 30 35 30 2C 32 35 33 2E 33 2C 39 2C 31 2C 30 2E 30 30 2C 30 2E 30 2C 30 2E 30 30
14:24:28.226    ← RX  0x36 46  hwid=5047 seq=14931
14:24:28.246    GPS → lat=36.058896 lon=-87.384050 alt=253.3m baro=0.0m sats=9 fix=True
14:24:38.414    ← RX  [RAW] 22 69 30 47 50 53 3A 33 36 2E 30 35 38 38 39 30 2C 2D 38 37 2E 33 38 34 30 35 30 2C 32 35 33 2E 30 2C 39 2C 31 2C 30 2E 30 30 2C 30 2E 30 2C 30 2E 30 30
14:24:38.417    ← RX  0x36 46  hwid=5047 seq=14931
14:24:38.427    GPS → lat=36.058890 lon=-87.384050 alt=253.0m baro=0.0m sats=9 fix=True
14:24:48.637    ← RX  [RAW] 22 69 30 47 50 53 3A 33 36 2E 30 35 38 38 34 34 2C 2D 38 37 2E 33 38 34 30 37 30 2C 32 35 32 2E 38 2C 38 2C 31 2C 30 2E 30 30 2C 30 2E 30 2C 30 2E 30 30
14:24:48.640    ← RX  0x36 46  hwid=5047 seq=14931
14:24:48.643    GPS → lat=36.058844 lon=-87.384070 alt=252.8m baro=0.0m sats=8 fix=True
14:24:58.813    ← RX  [RAW] 22 69 30 47 50 53 3A 33 36 2E 30 35 38 38 33 30 2C 2D 38 37 2E 33 38 34 30 38 30 2C 32 35 33 2E 38 2C 39 2C 31 2C 30 2E 30 30 2C 30 2E 30 2C 30 2E 30 30
14:24:58.816    ← RX  0x36 46  hwid=5047 seq=14931
14:24:58.818    GPS → lat=36.058830 lon=-87.384080 alt=253.8m baro=0.0m sats=9 fix=True
14:25:08.988    ← RX  [RAW] 22 69 30 47 50 53 3A 33 36 2E 30 35 38 38 33 36 2C 2D 38 37 2E 33 38 34 30 39 30 2C 32 35 34 2E 39 2C 39 2C 31 2C 30 2E 30 30 2C 30 2E 30 2C 30 2E 30 30
14:25:08.992    ← RX  0x36 46  hwid=5047 seq=14931
14:25:08.996    GPS → lat=36.058836 lon=-87.384090 alt=254.9m baro=0.0m sats=9 fix=True
14:25:19.147    ← RX  [RAW] 22 69 30 47 50 53 3A 33 36 2E 30 35 38 38 33 36 2C 2D 38 37 2E 33 38 34 30 39 30 2C 32 35 34 2E 34 2C 39 2C 31 2C 30 2E 30 30 2C 30 2E 30 2C 30 2E 30 30
14:25:19.159    ← RX  0x36 46  hwid=5047 seq=14931
14:25:19.163    GPS → lat=36.058836 lon=-87.384090 alt=254.4m baro=0.0m sats=9 fix=True
14:25:29.339    ← RX  [RAW] 22 69 30 47 50 53 3A 33 36 2E 30 35 38 38 33 36 2C 2D 38 37 2E 33 38 34 30 38 30 2C 32 35 33 2E 34 2C 39 2C 31 2C 30 2E 30 30 2C 30 2E 30 2C 30 2E 30 30
14:25:29.343    ← RX  0x36 46  hwid=5047 seq=14931
14:25:29.361    GPS → lat=36.058836 lon=-87.384080 alt=253.4m baro=0.0m sats=9 fix=True
14:25:39.513    ← RX  [RAW] 22 69 30 47 50 53 3A 33 36 2E 30 35 38 38 36 30 2C 2D 38 37 2E 33 38 34 30 38 30 2C 32 35 34 2E 39 2C 39 2C 31 2C 30 2E 30 30 2C 30 2E 30 2C 30 2E 30 30
14:25:39.517    ← RX  0x36 46  hwid=5047 seq=14931
14:25:39.544    GPS → lat=36.058860 lon=-87.384080 alt=254.9m baro=0.0m sats=9 fix=True
14:25:49.673    ← RX  [RAW] 22 69 30 47 50 53 3A 33 36 2E 30 35 38 38 34 34 2C 2D 38 37 2E 33 38 34 30 39 32 2C 32 35 36 2E 32 2C 39 2C 31 2C 30 2E 30 30 2C 30 2E 30 2C 30 2E 30 30
14:25:49.676    ← RX  0x36 46  hwid=5047 seq=14931
14:25:49.681    GPS → lat=36.058844 lon=-87.384092 alt=256.2m baro=0.0m sats=9 fix=True
14:25:59.848    ← RX  [RAW] 22 69 30 47 50 53 3A 33 36 2E 30 35 38 38 33 36 2C 2D 38 37 2E 33 38 34 31 30 30 2C 32 35 37 2E 33 2C 39 2C 31 2C 30 2E 30 30 2C 30 2E 30 2C 30 2E 30 30
14:25:59.851    ← RX  0x36 46  hwid=5047 seq=14931
14:25:59.854    GPS → lat=36.058836 lon=-87.384100 alt=257.3m baro=0.0m sats=9 fix=True
14:26:10.103    ← RX  [RAW] 22 69 30 47 50 53 3A 33 36 2E 30 35 38 38 33 30 2C 2D 38 37 2E 33 38 34 31 32 30 2C 32 35 38 2E 33 2C 39 2C 31 2C 30 2E 30 30 2C 30 2E 30 2C 30 2E 30 30
14:26:10.111    ← RX  0x36 46  hwid=5047 seq=14931
14:26:10.114    GPS → lat=36.058830 lon=-87.384120 alt=258.3m baro=0.0m sats=9 fix=True
14:26:20.294    ← RX  [RAW] 22 69 30 47 50 53 3A 33 36 2E 30 35 38 38 32 38 2C 2D 38 37 2E 33 38 34 31 33 32 2C 32 35 36 2E 36 2C 39 2C 31 2C 30 2E 30 30 2C 30 2E 30 2C 30 2E 30 30
14:26:20.298    ← RX  0x36 46  hwid=5047 seq=14931
14:26:20.302    GPS → lat=36.058828 lon=-87.384132 alt=256.6m baro=0.0m sats=9 fix=True
14:26:30.470    ← RX  [RAW] 22 69 30 47 50 53 3A 33 36 2E 30 35 38 38 31 36 2C 2D 38 37 2E 33 38 34 31 33 32 2C 32 35 37 2E 30 2C 39 2C 31 2C 30 2E 30 30 2C 30 2E 30 2C 30 2E 30 30
14:26:30.493    ← RX  0x36 46  hwid=5047 seq=14931
14:26:30.496    GPS → lat=36.058816 lon=-87.384132 alt=257.0m baro=0.0m sats=9 fix=True
14:26:40.644    ← RX  [RAW] 22 69 30 47 50 53 3A 33 36 2E 30 35 38 38 31 30 2C 2D 38 37 2E 33 38 34 31 30 30 2C 32 35 35 2E 36 2C 39 2C 31 2C 30 2E 30 30 2C 30 2E 30 2C 30 2E 30 30
14:26:40.651    ← RX  0x36 46  hwid=5047 seq=14931
14:26:40.660    GPS → lat=36.058810 lon=-87.384100 alt=255.6m baro=0.0m sats=9 fix=True
14:26:50.820    ← RX  [RAW] 22 69 30 47 50 53 3A 33 36 2E 30 35 38 38 31 30 2C 2D 38 37 2E 33 38 34 30 39 32 2C 32 35 37 2E 30 2C 39 2C 31 2C 30 2E 30 30 2C 30 2E 30 2C 30 2E 30 30
14:26:50.823    ← RX  0x36 46  hwid=5047 seq=14931
14:26:50.843    GPS → lat=36.058810 lon=-87.384092 alt=257.0m baro=0.0m sats=9 fix=True
14:27:00.995    ← RX  [RAW] 22 69 30 47 50 53 3A 33 36 2E 30 35 38 38 31 36 2C 2D 38 37 2E 33 38 34 30 37 30 2C 32 35 36 2E 38 2C 39 2C 31 2C 30 2E 30 30 2C 30 2E 30 2C 30 2E 30 30
14:27:00.999    ← RX  0x36 46  hwid=5047 seq=14931
14:27:01.010    GPS → lat=36.058816 lon=-87.384070 alt=256.8m baro=0.0m sats=9 fix=True
14:27:11.154    ← RX  [RAW] 22 69 30 47 50 53 3A 33 36 2E 30 35 38 38 31 30 2C 2D 38 37 2E 33 38 34 30 37 30 2C 32 35 37 2E 37 2C 39 2C 31 2C 30 2E 30 30 2C 30 2E 30 2C 30 2E 30 30
14:27:11.157    ← RX  0x36 46  hwid=5047 seq=14931
14:27:11.177    GPS → lat=36.058810 lon=-87.384070 alt=257.7m baro=0.0m sats=9 fix=True
14:27:21.393    ← RX  [RAW] 22 69 30 47 50 53 3A 33 36 2E 30 35 38 38 31 36 2C 2D 38 37 2E 33 38 34 30 36 30 2C 32 35 37 2E 36 2C 39 2C 31 2C 30 2E 30 30 2C 30 2E 30 2C 30 2E 30 30
14:27:21.396    ← RX  0x36 46  hwid=5047 seq=14931
14:27:21.400    GPS → lat=36.058816 lon=-87.384060 alt=257.6m baro=0.0m sats=9 fix=True
14:27:31.553    ← RX  [RAW] 22 69 30 47 50 53 3A 33 36 2E 30 35 38 38 32 30 2C 2D 38 37 2E 33 38 34 30 36 30 2C 32 35 37 2E 37 2C 39 2C 31 2C 30 2E 30 30 2C 30 2E 30 2C 30 2E 30 30
14:27:31.556    ← RX  0x36 46  hwid=5047 seq=14931
14:27:31.559    GPS → lat=36.058820 lon=-87.384060 alt=257.7m baro=0.0m sats=9 fix=True
14:27:41.728    ← RX  [RAW] 22 69 30 47 50 53 3A 33 36 2E 30 35 38 38 31 36 2C 2D 38 37 2E 33 38 34 30 38 30 2C 32 35 38 2E 33 2C 39 2C 31 2C 30 2E 30 30 2C 30 2E 30 2C 30 2E 30 30
14:27:41.731    ← RX  0x36 46  hwid=5047 seq=14931
14:27:41.734    GPS → lat=36.058816 lon=-87.384080 alt=258.3m baro=0.0m sats=9 fix=True
14:27:51.967    ← RX  [RAW] 22 69 30 47 50 53 3A 33 36 2E 30 35 38 38 32 34 2C 2D 38 37 2E 33 38 34 30 38 30 2C 32 35 38 2E 32 2C 39 2C 31 2C 30 2E 30 30 2C 30 2E 30 2C 30 2E 30 30
14:27:51.970    ← RX  0x36 46  hwid=5047 seq=14931
14:27:51.973    GPS → lat=36.058824 lon=-87.384080 alt=258.2m baro=0.0m sats=9 fix=True
14:28:02.158    ← RX  [RAW] 22 69 30 47 50 53 3A 33 36 2E 30 35 38 38 32 30 2C 2D 38 37 2E 33 38 34 30 39 32 2C 32 36 30 2E 31 2C 38 2C 31 2C 30 2E 30 30 2C 30 2E 30 2C 30 2E 30 30
14:28:02.161    ← RX  0x36 46  hwid=5047 seq=14931
14:28:02.164    GPS → lat=36.058820 lon=-87.384092 alt=260.1m baro=0.0m sats=8 fix=True
14:28:12.333    ← RX  [RAW] 22 69 30 47 50 53 3A 33 36 2E 30 35 38 38 32 34 2C 2D 38 37 2E 33 38 34 31 30 30 2C 32 36 30 2E 33 2C 39 2C 31 2C 30 2E 30 30 2C 30 2E 30 2C 30 2E 30 30
14:28:12.337    ← RX  0x36 46  hwid=5047 seq=14931
14:28:12.340    GPS → lat=36.058824 lon=-87.384100 alt=260.3m baro=0.0m sats=9 fix=True
14:28:22.509    ← RX  [RAW] 22 69 30 47 50 53 3A 33 36 2E 30 35 38 38 32 34 2C 2D 38 37 2E 33 38 34 30 39 32 2C 32 35 38 2E 36 2C 38 2C 31 2C 30 2E 30 30 2C 30 2E 30 2C 30 2E 30 30
14:28:22.525    ← RX  0x36 46  hwid=5047 seq=14931
14:28:22.527    GPS → lat=36.058824 lon=-87.384092 alt=258.6m baro=0.0m sats=8 fix=True
14:28:32.684    ← RX  [RAW] 22 69 30 47 50 53 3A 33 36 2E 30 35 38 38 33 30 2C 2D 38 37 2E 33 38 34 30 37 30 2C 32 35 38 2E 39 2C 39 2C 31 2C 30 2E 30 30 2C 30 2E 30 2C 30 2E 30 30
14:28:32.708    ← RX  0x36 46  hwid=5047 seq=14931
14:28:32.713    GPS → lat=36.058830 lon=-87.384070 alt=258.9m baro=0.0m sats=9 fix=True
14:28:42.859    ← RX  [RAW] 22 69 30 47 50 53 3A 33 36 2E 30 35 38 38 32 34 2C 2D 38 37 2E 33 38 34 30 37 30 2C 32 36 30 2E 39 2C 39 2C 31 2C 30 2E 30 30 2C 30 2E 30 2C 30 2E 30 30
14:28:42.875    ← RX  0x36 46  hwid=5047 seq=14931
14:28:42.880    GPS → lat=36.058824 lon=-87.384070 alt=260.9m baro=0.0m sats=9 fix=True
14:28:53.034    ← RX  [RAW] 22 69 30 47 50 53 3A 33 36 2E 30 35 38 38 33 30 2C 2D 38 37 2E 33 38 34 30 37 30 2C 32 36 31 2E 35 2C 39 2C 31 2C 30 2E 30 30 2C 30 2E 30 2C 30 2E 30 30
14:28:53.041    ← RX  0x36 46  hwid=5047 seq=14931
14:28:53.057    GPS → lat=36.058830 lon=-87.384070 alt=261.5m baro=0.0m sats=9 fix=True
14:29:03.209    ← RX  [RAW] 22 69 30 47 50 53 3A 33 36 2E 30 35 38 38 32 38 2C 2D 38 37 2E 33 38 34 30 37 30 2C 32 36 31 2E 39 2C 39 2C 31 2C 30 2E 30 30 2C 30 2E 30 2C 30 2E 30 30
14:29:03.218    ← RX  0x36 46  hwid=5047 seq=14931
14:29:03.240    GPS → lat=36.058828 lon=-87.384070 alt=261.9m baro=0.0m sats=9 fix=True
14:29:13.384    ← RX  [RAW] 22 69 30 47 50 53 3A 33 36 2E 30 35 38 38 32 30 2C 2D 38 37 2E 33 38 34 30 38 30 2C 32 36 33 2E 34 2C 39 2C 31 2C 30 2E 30 30 2C 30 2E 30 2C 30 2E 30 30
14:29:13.387    ← RX  0x36 46  hwid=5047 seq=14931
14:29:13.409    GPS → lat=36.058820 lon=-87.384080 alt=263.4m baro=0.0m sats=9 fix=True
14:29:23.559    ← RX  [RAW] 22 69 30 47 50 53 3A 33 36 2E 30 35 38 38 30 38 2C 2D 38 37 2E 33 38 34 30 39 30 2C 32 36 33 2E 36 2C 39 2C 31 2C 30 2E 30 30 2C 30 2E 30 2C 30 2E 30 30
14:29:23.562    ← RX  0x36 46  hwid=5047 seq=14931
14:29:23.573    GPS → lat=36.058808 lon=-87.384090 alt=263.6m baro=0.0m sats=9 fix=True
14:29:33.766    ← RX  [RAW] 22 69 30 47 50 53 3A 33 36 2E 30 35 38 38 30 34 2C 2D 38 37 2E 33 38 34 30 39 32 2C 32 36 31 2E 37 2C 39 2C 31 2C 30 2E 30 30 2C 30 2E 30 2C 30 2E 30 30
14:29:33.770    ← RX  0x36 46  hwid=5047 seq=14931
14:29:33.776    GPS → lat=36.058804 lon=-87.384092 alt=261.7m baro=0.0m sats=9 fix=True
14:29:43.958    ← RX  [RAW] 22 69 30 47 50 53 3A 33 36 2E 30 35 38 38 31 30 2C 2D 38 37 2E 33 38 34 30 38 30 2C 32 35 37 2E 33 2C 39 2C 31 2C 30 2E 30 30 2C 30 2E 30 2C 30 2E 30 30
14:29:43.965    ← RX  0x36 46  hwid=5047 seq=14931
14:29:43.968    GPS → lat=36.058810 lon=-87.384080 alt=257.3m baro=0.0m sats=9 fix=True
14:29:54.197    ← RX  [RAW] 22 69 30 47 50 53 3A 33 36 2E 30 35 38 38 31 36 2C 2D 38 37 2E 33 38 34 30 37 30 2C 32 35 38 2E 36 2C 38 2C 31 2C 30 2E 30 30 2C 30 2E 30 2C 30 2E 30 30
14:29:54.200    ← RX  0x36 46  hwid=5047 seq=14931
14:29:54.203    GPS → lat=36.058816 lon=-87.384070 alt=258.6m baro=0.0m sats=8 fix=True
14:30:04.356    ← RX  [RAW] 22 69 30 47 50 53 3A 33 36 2E 30 35 38 38 31 30 2C 2D 38 37 2E 33 38 34 30 37 30 2C 32 36 31 2E 33 2C 39 2C 31 2C 30 2E 30 30 2C 30 2E 30 2C 30 2E 30 30
14:30:04.359    ← RX  0x36 46  hwid=5047 seq=14931
14:30:04.361    GPS → lat=36.058810 lon=-87.384070 alt=261.3m baro=0.0m sats=9 fix=True
14:30:14.531    ← RX  [RAW] 22 69 30 47 50 53 3A 33 36 2E 30 35 38 38 31 36 2C 2D 38 37 2E 33 38 34 30 37 30 2C 32 36 30 2E 37 2C 39 2C 31 2C 30 2E 30 30 2C 30 2E 30 2C 30 2E 30 30
14:30:14.534    ← RX  0x36 46  hwid=5047 seq=14931
14:30:14.537    GPS → lat=36.058816 lon=-87.384070 alt=260.7m baro=0.0m sats=9 fix=True
14:30:24.723    ← RX  [RAW] 22 69 30 47 50 53 3A 33 36 2E 30 35 38 38 31 36 2C 2D 38 37 2E 33 38 34 30 37 30 2C 32 36 34 2E 36 2C 39 2C 31 2C 30 2E 30 30 2C 30 2E 30 2C 30 2E 30 30
14:30:24.725    ← RX  0x36 46  hwid=5047 seq=14931
14:30:24.728    GPS → lat=36.058816 lon=-87.384070 alt=264.6m baro=0.0m sats=9 fix=True
14:30:34.882    ← RX  [RAW] 22 69 30 47 50 53 3A 33 36 2E 30 35 38 38 32 34 2C 2D 38 37 2E 33 38 34 30 38 30 2C 32 36 34 2E 39 2C 39 2C 31 2C 30 2E 30 30 2C 30 2E 30 2C 30 2E 30 30
14:30:34.889    ← RX  0x36 46  hwid=5047 seq=14931
14:30:34.893    GPS → lat=36.058824 lon=-87.384080 alt=264.9m baro=0.0m sats=9 fix=True
14:30:45.057    ← RX  [RAW] 22 69 30 47 50 53 3A 33 36 2E 30 35 38 38 32 38 2C 2D 38 37 2E 33 38 34 30 38 30 2C 32 36 32 2E 34 2C 39 2C 31 2C 30 2E 30 30 2C 30 2E 30 2C 30 2E 30 30
14:30:45.073    ← RX  0x36 46  hwid=5047 seq=14931
14:30:45.076    GPS → lat=36.058828 lon=-87.384080 alt=262.4m baro=0.0m sats=9 fix=True
14:30:55.232    ← RX  [RAW] 22 69 30 47 50 53 3A 33 36 2E 30 35 38 38 33 36 2C 2D 38 37 2E 33 38 34 30 38 30 2C 32 35 38 2E 31 2C 39 2C 31 2C 30 2E 30 30 2C 30 2E 30 2C 30 2E 30 30
14:30:55.255    ← RX  0x36 46  hwid=5047 seq=14931
14:30:55.259    GPS → lat=36.058836 lon=-87.384080 alt=258.1m baro=0.0m sats=9 fix=True
14:31:05.423    ← RX  [RAW] 22 69 30 47 50 53 3A 33 36 2E 30 35 38 38 33 36 2C 2D 38 37 2E 33 38 34 30 37 30 2C 32 35 37 2E 32 2C 39 2C 31 2C 30 2E 30 30 2C 30 2E 30 2C 30 2E 30 30
14:31:05.427    ← RX  0x36 46  hwid=5047 seq=14931
14:31:05.438    GPS → lat=36.058836 lon=-87.384070 alt=257.2m baro=0.0m sats=9 fix=True
14:31:15.646    ← RX  [RAW] 22 69 30 47 50 53 3A 33 36 2E 30 35 38 38 33 36 2C 2D 38 37 2E 33 38 34 30 36 30 2C 32 35 35 2E 38 2C 39 2C 31 2C 30 2E 30 30 2C 30 2E 30 2C 30 2E 30 30
14:31:15.649    ← RX  0x36 46  hwid=5047 seq=14931
14:31:15.656    GPS → lat=36.058836 lon=-87.384060 alt=255.8m baro=0.0m sats=9 fix=True
14:31:25.837    ← RX  [RAW] 22 69 30 47 50 53 3A 33 36 2E 30 35 38 38 35 30 2C 2D 38 37 2E 33 38 34 30 36 30 2C 32 35 33 2E 30 2C 39 2C 31 2C 30 2E 30 30 2C 30 2E 30 2C 30 2E 30 30
14:31:25.841    ← RX  0x36 46  hwid=5047 seq=14931
14:31:25.855    GPS → lat=36.058850 lon=-87.384060 alt=253.0m baro=0.0m sats=9 fix=True
14:31:27.021    ← RX  [RAW] 22 69 1E 01 00 00 00 01 11 4F 70 65 6E 4C 53 54 20 42 4C 20 63 33 61 35 32 65 61 2D 64 69 72 74 79
14:31:27.026    ← RX  ascii 79  hwid=0001 seq=0
14:31:27.645    ← RX  [RAW] 22 69 1B 01 00 00 00 01 11 4F 70 65 6E 4C 53 54 20 31 64 33 61 62 65 33 2D 64 69 72 74 79
14:31:27.650    ← RX  ascii 79  hwid=0001 seq=0
14:31:36.012    ← RX  [RAW] 22 69 30 47 50 53 3A 33 36 2E 30 35 38 38 35 36 2C 2D 38 37 2E 33 38 34 30 35 36 2C 32 35 34 2E 31 2C 39 2C 31 2C 30 2E 30 30 2C 30 2E 30 2C 30 2E 30 30
14:31:36.023    ← RX  0x36 46  hwid=5047 seq=14931
14:31:36.026    GPS → lat=36.058856 lon=-87.384056 alt=254.1m baro=0.0m sats=9 fix=True
14:31:46.188    ← RX  [RAW] 22 69 30 47 50 53 3A 33 36 2E 30 35 38 38 36 30 2C 2D 38 37 2E 33 38 34 30 34 30 2C 32 35 34 2E 35 2C 39 2C 31 2C 30 2E 30 30 2C 30 2E 30 2C 30 2E 30 30
14:31:46.205    ← RX  0x36 46  hwid=5047 seq=14931
14:31:46.207    GPS → lat=36.058860 lon=-87.384040 alt=254.5m baro=0.0m sats=9 fix=True
14:31:56.363    ← RX  [RAW] 22 69 30 47 50 53 3A 33 36 2E 30 35 38 38 35 36 2C 2D 38 37 2E 33 38 34 30 32 34 2C 32 35 34 2E 33 2C 39 2C 31 2C 30 2E 30 30 2C 30 2E 30 2C 30 2E 30 30
14:31:56.387    ← RX  0x36 46  hwid=5047 seq=14931
14:31:56.390    GPS → lat=36.058856 lon=-87.384024 alt=254.3m baro=0.0m sats=9 fix=True
14:32:06.538    ← RX  [RAW] 22 69 30 47 50 53 3A 33 36 2E 30 35 38 38 35 32 2C 2D 38 37 2E 33 38 34 30 32 34 2C 32 35 35 2E 33 2C 39 2C 31 2C 30 2E 30 30 2C 30 2E 30 2C 30 2E 30 30
14:32:06.554    ← RX  0x36 46  hwid=5047 seq=14931
14:32:06.557    GPS → lat=36.058852 lon=-87.384024 alt=255.3m baro=0.0m sats=9 fix=True
14:32:16.713    ← RX  [RAW] 22 69 30 47 50 53 3A 33 36 2E 30 35 38 38 35 32 2C 2D 38 37 2E 33 38 34 30 34 30 2C 32 35 34 2E 38 2C 39 2C 31 2C 30 2E 30 30 2C 30 2E 30 2C 30 2E 30 30
14:32:16.721    ← RX  0x36 46  hwid=5047 seq=14931
14:32:16.724    GPS → lat=36.058852 lon=-87.384040 alt=254.8m baro=0.0m sats=9 fix=True
14:32:26.936    ← RX  [RAW] 22 69 30 47 50 53 3A 33 36 2E 30 35 38 38 34 34 2C 2D 38 37 2E 33 38 34 30 35 30 2C 32 35 36 2E 37 2C 39 2C 31 2C 30 2E 30 30 2C 30 2E 30 2C 30 2E 30 30
14:32:26.962    ← RX  0x36 46  hwid=5047 seq=14931
14:32:26.965    GPS → lat=36.058844 lon=-87.384050 alt=256.7m baro=0.0m sats=9 fix=True
14:32:37.112    ← RX  [RAW] 22 69 30 47 50 53 3A 33 36 2E 30 35 38 38 33 36 2C 2D 38 37 2E 33 38 34 30 35 36 2C 32 35 39 2E 33 2C 39 2C 31 2C 30 2E 30 30 2C 30 2E 30 2C 30 2E 30 30
14:32:37.138    ← RX  0x36 46  hwid=5047 seq=14931
14:32:37.142    GPS → lat=36.058836 lon=-87.384056 alt=259.3m baro=0.0m sats=9 fix=True
14:32:47.287    ← RX  [RAW] 22 69 30 47 50 53 3A 33 36 2E 30 35 38 38 32 38 2C 2D 38 37 2E 33 38 34 30 36 30 2C 32 35 39 2E 31 2C 38 2C 31 2C 30 2E 30 30 2C 30 2E 30 2C 30 2E 30 30
14:32:47.313    ← RX  0x36 46  hwid=5047 seq=14931
14:32:47.315    GPS → lat=36.058828 lon=-87.384060 alt=259.1m baro=0.0m sats=8 fix=True
14:32:57.526    ← RX  [RAW] 22 69 30 47 50 53 3A 33 36 2E 30 35 38 38 33 30 2C 2D 38 37 2E 33 38 34 30 36 30 2C 32 35 37 2E 37 2C 38 2C 31 2C 30 2E 30 30 2C 30 2E 30 2C 30 2E 30 30
14:32:57.546    ← RX  0x36 46  hwid=5047 seq=14931
14:32:57.549    GPS → lat=36.058830 lon=-87.384060 alt=257.7m baro=0.0m sats=8 fix=True
14:33:07.717    ← RX  [RAW] 22 69 30 47 50 53 3A 33 36 2E 30 35 38 38 33 36 2C 2D 38 37 2E 33 38 34 30 35 36 2C 32 35 35 2E 39 2C 39 2C 31 2C 30 2E 30 30 2C 30 2E 30 2C 30 2E 30 30
14:33:07.740    ← RX  0x36 46  hwid=5047 seq=14931
14:33:07.742    GPS → lat=36.058836 lon=-87.384056 alt=255.9m baro=0.0m sats=9 fix=True
14:33:17.892    ← RX  [RAW] 22 69 30 47 50 53 3A 33 36 2E 30 35 38 38 33 36 2C 2D 38 37 2E 33 38 34 30 35 36 2C 32 35 34 2E 38 2C 39 2C 31 2C 30 2E 30 30 2C 30 2E 30 2C 30 2E 30 30
14:33:17.920    ← RX  0x36 46  hwid=5047 seq=14931
14:33:17.924    GPS → lat=36.058836 lon=-87.384056 alt=254.8m baro=0.0m sats=9 fix=True
14:33:28.052    ← RX  [RAW] 22 69 30 47 50 53 3A 33 36 2E 30 35 38 38 35 30 2C 2D 38 37 2E 33 38 34 30 35 30 2C 32 35 33 2E 31 2C 38 2C 31 2C 30 2E 30 30 2C 30 2E 30 2C 30 2E 30 30
14:33:28.072    ← RX  0x36 46  hwid=5047 seq=14931
14:33:28.075    GPS → lat=36.058850 lon=-87.384050 alt=253.1m baro=0.0m sats=8 fix=True
14:33:38.242    ← RX  [RAW] 22 69 30 47 50 53 3A 33 36 2E 30 35 38 38 35 32 2C 2D 38 37 2E 33 38 34 30 34 30 2C 32 35 31 2E 30 2C 38 2C 31 2C 30 2E 30 30 2C 30 2E 30 2C 30 2E 30 30
14:33:38.252    ← RX  0x36 46  hwid=5047 seq=14931
14:33:38.255    GPS → lat=36.058852 lon=-87.384040 alt=251.0m baro=0.0m sats=8 fix=True
14:33:48.418    ← RX  [RAW] 22 69 30 47 50 53 3A 33 36 2E 30 35 38 38 36 30 2C 2D 38 37 2E 33 38 34 30 32 30 2C 32 34 38 2E 30 2C 39 2C 31 2C 30 2E 30 30 2C 30 2E 30 2C 30 2E 30 30
14:33:48.436    ← RX  0x36 46  hwid=5047 seq=14931
14:33:48.439    GPS → lat=36.058860 lon=-87.384020 alt=248.0m baro=0.0m sats=9 fix=True
14:33:58.577    ← RX  [RAW] 22 69 30 47 50 53 3A 33 36 2E 30 35 38 38 36 30 2C 2D 38 37 2E 33 38 34 30 31 30 2C 32 34 36 2E 33 2C 37 2C 31 2C 30 2E 30 30 2C 30 2E 30 2C 30 2E 30 30
14:33:58.584    ← RX  0x36 46  hwid=5047 seq=14931
14:33:58.590    GPS → lat=36.058860 lon=-87.384010 alt=246.3m baro=0.0m sats=7 fix=True
14:34:08.752    ← RX  [RAW] 22 69 30 47 50 53 3A 33 36 2E 30 35 38 38 37 30 2C 2D 38 37 2E 33 38 33 39 39 32 2C 32 34 35 2E 32 2C 39 2C 31 2C 30 2E 30 30 2C 30 2E 30 2C 30 2E 30 30
14:34:08.770    ← RX  0x36 46  hwid=5047 seq=14931
14:34:08.776    GPS → lat=36.058870 lon=-87.383992 alt=245.2m baro=0.0m sats=9 fix=True
14:34:18.927    ← RX  [RAW] 22 69 30 47 50 53 3A 33 36 2E 30 35 38 38 37 30 2C 2D 38 37 2E 33 38 33 39 38 30 2C 32 34 34 2E 31 2C 38 2C 31 2C 30 2E 30 30 2C 30 2E 30 2C 30 2E 30 30
14:34:18.955    ← RX  0x36 46  hwid=5047 seq=14931
14:34:18.961    GPS → lat=36.058870 lon=-87.383980 alt=244.1m baro=0.0m sats=8 fix=True
14:34:29.102    ← RX  [RAW] 22 69 30 47 50 53 3A 33 36 2E 30 35 38 38 36 30 2C 2D 38 37 2E 33 38 33 39 39 30 2C 32 34 34 2E 34 2C 38 2C 31 2C 30 2E 30 30 2C 30 2E 30 2C 30 2E 30 30
14:34:29.121    ← RX  0x36 46  hwid=5047 seq=14931
14:34:29.125    GPS → lat=36.058860 lon=-87.383990 alt=244.4m baro=0.0m sats=8 fix=True
14:34:39.325    ← RX  [RAW] 22 69 30 47 50 53 3A 33 36 2E 30 35 38 38 35 32 2C 2D 38 37 2E 33 38 34 30 32 30 2C 32 34 37 2E 38 2C 39 2C 31 2C 30 2E 30 30 2C 30 2E 30 2C 30 2E 30 30
14:34:39.353    ← RX  0x36 46  hwid=5047 seq=14931
14:34:39.360    GPS → lat=36.058852 lon=-87.384020 alt=247.8m baro=0.0m sats=9 fix=True
14:34:49.565    ← RX  [RAW] 22 69 30 47 50 53 3A 33 36 2E 30 35 38 38 35 32 2C 2D 38 37 2E 33 38 34 30 32 34 2C 32 34 39 2E 30 2C 39 2C 31 2C 30 2E 30 30 2C 30 2E 30 2C 30 2E 30 30
14:34:49.586    ← RX  0x36 46  hwid=5047 seq=14931
14:34:49.589    GPS → lat=36.058852 lon=-87.384024 alt=249.0m baro=0.0m sats=9 fix=True
14:34:59.740    ← RX  [RAW] 22 69 30 47 50 53 3A 33 36 2E 30 35 38 38 35 36 2C 2D 38 37 2E 33 38 34 30 33 30 2C 32 35 30 2E 30 2C 38 2C 31 2C 30 2E 30 30 2C 30 2E 30 2C 30 2E 30 30
14:34:59.754    ← RX  0x36 46  hwid=5047 seq=14931
14:34:59.758    GPS → lat=36.058856 lon=-87.384030 alt=250.0m baro=0.0m sats=8 fix=True
14:35:09.915    ← RX  [RAW] 22 69 30 47 50 53 3A 33 36 2E 30 35 38 38 37 30 2C 2D 38 37 2E 33 38 34 30 32 34 2C 32 34 37 2E 39 2C 38 2C 31 2C 30 2E 30 30 2C 30 2E 30 2C 30 2E 30 30
14:35:09.934    ← RX  0x36 46  hwid=5047 seq=14931
14:35:09.938    GPS → lat=36.058870 lon=-87.384024 alt=247.9m baro=0.0m sats=8 fix=True
14:35:20.075    ← RX  [RAW] 22 69 30 47 50 53 3A 33 36 2E 30 35 38 38 38 30 2C 2D 38 37 2E 33 38 34 30 32 30 2C 32 34 36 2E 34 2C 39 2C 31 2C 30 2E 30 30 2C 30 2E 30 2C 30 2E 30 30
14:35:20.104    ← RX  0x36 46  hwid=5047 seq=14931
14:35:20.107    GPS → lat=36.058880 lon=-87.384020 alt=246.4m baro=0.0m sats=9 fix=True
14:35:30.266    ← RX  [RAW] 22 69 30 47 50 53 3A 33 36 2E 30 35 38 38 38 34 2C 2D 38 37 2E 33 38 34 30 32 30 2C 32 34 36 2E 30 2C 39 2C 31 2C 30 2E 30 30 2C 30 2E 30 2C 30 2E 30 30
14:35:30.286    ← RX  0x36 46  hwid=5047 seq=14931
14:35:30.289    GPS → lat=36.058884 lon=-87.384020 alt=246.0m baro=0.0m sats=9 fix=True
14:35:40.424    ← RX  [RAW] 22 69 30 47 50 53 3A 33 36 2E 30 35 38 38 37 36 2C 2D 38 37 2E 33 38 34 30 32 30 2C 32 34 35 2E 35 2C 38 2C 31 2C 30 2E 30 30 2C 30 2E 30 2C 30 2E 30 30
14:35:40.453    ← RX  0x36 46  hwid=5047 seq=14931
14:35:40.456    GPS → lat=36.058876 lon=-87.384020 alt=245.5m baro=0.0m sats=8 fix=True
14:35:50.600    ← RX  [RAW] 22 69 30 47 50 53 3A 33 36 2E 30 35 38 38 37 32 2C 2D 38 37 2E 33 38 34 30 32 34 2C 32 34 34 2E 33 2C 39 2C 31 2C 30 2E 30 30 2C 30 2E 30 2C 30 2E 30 30
14:35:50.623    ← RX  0x36 46  hwid=5047 seq=14931
14:35:50.626    GPS → lat=36.058872 lon=-87.384024 alt=244.3m baro=0.0m sats=9 fix=True
14:36:00.775    ← RX  [RAW] 22 69 30 47 50 53 3A 33 36 2E 30 35 38 38 36 34 2C 2D 38 37 2E 33 38 34 30 32 34 2C 32 34 35 2E 30 2C 39 2C 31 2C 30 2E 30 30 2C 30 2E 30 2C 30 2E 30 30
14:36:00.786    ← RX  0x36 46  hwid=5047 seq=14931
14:36:00.789    GPS → lat=36.058864 lon=-87.384024 alt=245.0m baro=0.0m sats=9 fix=True
14:36:10.966    ← RX  [RAW] 22 69 30 47 50 53 3A 33 36 2E 30 35 38 38 36 34 2C 2D 38 37 2E 33 38 34 30 33 30 2C 32 34 36 2E 38 2C 39 2C 31 2C 30 2E 30 30 2C 30 2E 30 2C 30 2E 30 30
14:36:10.985    ← RX  0x36 46  hwid=5047 seq=14931
14:36:10.988    GPS → lat=36.058864 lon=-87.384030 alt=246.8m baro=0.0m sats=9 fix=True
14:36:21.189    ← RX  [RAW] 22 69 30 47 50 53 3A 33 36 2E 30 35 38 38 37 30 2C 2D 38 37 2E 33 38 34 30 33 30 2C 32 34 38 2E 39 2C 39 2C 31 2C 30 2E 30 30 2C 30 2E 30 2C 30 2E 30 30
14:36:21.203    ← RX  0x36 46  hwid=5047 seq=14931
14:36:21.206    GPS → lat=36.058870 lon=-87.384030 alt=248.9m baro=0.0m sats=9 fix=True
14:36:31.380    ← RX  [RAW] 22 69 30 47 50 53 3A 33 36 2E 30 35 38 38 36 34 2C 2D 38 37 2E 33 38 34 30 33 30 2C 32 35 30 2E 34 2C 39 2C 31 2C 30 2E 30 30 2C 30 2E 30 2C 30 2E 30 30
14:36:31.403    ← RX  0x36 46  hwid=5047 seq=14931
14:36:31.406    GPS → lat=36.058864 lon=-87.384030 alt=250.4m baro=0.0m sats=9 fix=True
14:36:41.571    ← RX  [RAW] 22 69 30 47 50 53 3A 33 36 2E 30 35 38 38 36 30 2C 2D 38 37 2E 33 38 34 30 35 30 2C 32 35 32 2E 32 2C 39 2C 31 2C 30 2E 30 30 2C 30 2E 30 2C 30 2E 30 30
14:36:41.603    ← RX  0x36 46  hwid=5047 seq=14931
14:36:41.607    GPS → lat=36.058860 lon=-87.384050 alt=252.2m baro=0.0m sats=9 fix=True
14:36:51.747    ← RX  [RAW] 22 69 30 47 50 53 3A 33 36 2E 30 35 38 38 35 36 2C 2D 38 37 2E 33 38 34 30 36 30 2C 32 35 34 2E 33 2C 39 2C 31 2C 30 2E 30 30 2C 30 2E 30 2C 30 2E 30 30
14:36:51.768    ← RX  0x36 46  hwid=5047 seq=14931
14:36:51.771    GPS → lat=36.058856 lon=-87.384060 alt=254.3m baro=0.0m sats=9 fix=True
14:37:01.906    ← RX  [RAW] 22 69 30 47 50 53 3A 33 36 2E 30 35 38 38 35 30 2C 2D 38 37 2E 33 38 34 30 39 30 2C 32 35 37 2E 32 2C 39 2C 31 2C 30 2E 30 30 2C 30 2E 30 2C 30 2E 30 30
14:37:01.910    ← RX  0x36 46  hwid=5047 seq=14931
14:37:01.913    GPS → lat=36.058850 lon=-87.384090 alt=257.2m baro=0.0m sats=9 fix=True
14:37:12.082    ← RX  [RAW] 22 69 30 47 50 53 3A 33 36 2E 30 35 38 38 34 34 2C 2D 38 37 2E 33 38 34 30 39 32 2C 32 35 39 2E 31 2C 39 2C 31 2C 30 2E 30 30 2C 30 2E 30 2C 30 2E 30 30
14:37:12.086    ← RX  0x36 46  hwid=5047 seq=14931
14:37:12.090    GPS → lat=36.058844 lon=-87.384092 alt=259.1m baro=0.0m sats=9 fix=True
14:37:22.305    ← RX  [RAW] 22 69 30 47 50 53 3A 33 36 2E 30 35 38 38 33 30 2C 2D 38 37 2E 33 38 34 31 31 30 2C 32 36 32 2E 32 2C 39 2C 31 2C 30 2E 30 30 2C 30 2E 30 2C 30 2E 30 30
14:37:22.309    ← RX  0x36 46  hwid=5047 seq=14931
14:37:22.312    GPS → lat=36.058830 lon=-87.384110 alt=262.2m baro=0.0m sats=9 fix=True
14:37:32.480    ← RX  [RAW] 22 69 30 47 50 53 3A 33 36 2E 30 35 38 38 32 38 2C 2D 38 37 2E 33 38 34 31 31 30 2C 32 36 31 2E 39 2C 39 2C 31 2C 30 2E 30 30 2C 30 2E 30 2C 30 2E 30 30
14:37:32.483    ← RX  0x36 46  hwid=5047 seq=14931
14:37:32.486    GPS → lat=36.058828 lon=-87.384110 alt=261.9m baro=0.0m sats=9 fix=True
14:37:42.655    ← RX  [RAW] 22 69 30 47 50 53 3A 33 36 2E 30 35 38 38 33 36 2C 2D 38 37 2E 33 38 34 31 32 30 2C 32 36 33 2E 35 2C 39 2C 31 2C 30 2E 30 30 2C 30 2E 30 2C 30 2E 30 30
14:37:42.664    ← RX  0x36 46  hwid=5047 seq=14931
14:37:42.667    GPS → lat=36.058836 lon=-87.384120 alt=263.5m baro=0.0m sats=9 fix=True
14:37:52.814    ← RX  [RAW] 22 69 30 47 50 53 3A 33 36 2E 30 35 38 38 33 30 2C 2D 38 37 2E 33 38 34 31 35 30 2C 32 36 37 2E 39 2C 39 2C 31 2C 30 2E 30 30 2C 30 2E 30 2C 30 2E 30 30
14:37:52.819    ← RX  0x36 46  hwid=5047 seq=14931
14:37:52.823    GPS → lat=36.058830 lon=-87.384150 alt=267.9m baro=0.0m sats=9 fix=True
14:38:03.069    ← RX  [RAW] 22 69 30 47 50 53 3A 33 36 2E 30 35 38 38 33 30 2C 2D 38 37 2E 33 38 34 31 35 30 2C 32 36 37 2E 38 2C 39 2C 31 2C 30 2E 30 30 2C 30 2E 30 2C 30 2E 30 30
14:38:03.078    ← RX  0x36 46  hwid=5047 seq=14931
14:38:03.081    GPS → lat=36.058830 lon=-87.384150 alt=267.8m baro=0.0m sats=9 fix=True
14:38:13.244    ← RX  [RAW] 22 69 30 47 50 53 3A 33 36 2E 30 35 38 38 32 30 2C 2D 38 37 2E 33 38 34 31 35 30 2C 32 37 30 2E 36 2C 39 2C 31 2C 30 2E 30 30 2C 30 2E 30 2C 30 2E 30 30
14:38:13.248    ← RX  0x36 46  hwid=5047 seq=14931
14:38:13.252    GPS → lat=36.058820 lon=-87.384150 alt=270.6m baro=0.0m sats=9 fix=True
14:38:23.420    ← RX  [RAW] 22 69 30 47 50 53 3A 33 36 2E 30 35 38 38 32 30 2C 2D 38 37 2E 33 38 34 31 35 30 2C 32 37 30 2E 37 2C 39 2C 31 2C 30 2E 30 30 2C 30 2E 30 2C 30 2E 30 30
14:38:23.429    ← RX  0x36 46  hwid=5047 seq=14931
14:38:23.432    GPS → lat=36.058820 lon=-87.384150 alt=270.7m baro=0.0m sats=9 fix=True
14:38:33.595    ← RX  [RAW] 22 69 30 47 50 53 3A 33 36 2E 30 35 38 38 32 30 2C 2D 38 37 2E 33 38 34 31 33 30 2C 32 37 30 2E 35 2C 39 2C 31 2C 30 2E 30 30 2C 30 2E 30 2C 30 2E 30 30
14:38:33.598    ← RX  0x36 46  hwid=5047 seq=14931
14:38:33.601    GPS → lat=36.058820 lon=-87.384130 alt=270.5m baro=0.0m sats=9 fix=True
14:38:43.770    ← RX  [RAW] 22 69 30 47 50 53 3A 33 36 2E 30 35 38 38 32 30 2C 2D 38 37 2E 33 38 34 31 32 30 2C 32 36 39 2E 39 2C 39 2C 31 2C 30 2E 30 30 2C 30 2E 30 2C 30 2E 30 30
14:38:43.780    ← RX  0x36 46  hwid=5047 seq=14931
14:38:43.783    GPS → lat=36.058820 lon=-87.384120 alt=269.9m baro=0.0m sats=9 fix=True
14:38:53.945    ← RX  [RAW] 22 69 30 47 50 53 3A 33 36 2E 30 35 38 38 32 30 2C 2D 38 37 2E 33 38 34 31 33 30 2C 32 37 31 2E 33 2C 39 2C 31 2C 30 2E 30 30 2C 30 2E 30 2C 30 2E 30 30
14:38:53.950    ← RX  0x36 46  hwid=5047 seq=14931
14:38:53.953    GPS → lat=36.058820 lon=-87.384130 alt=271.3m baro=0.0m sats=9 fix=True
14:39:04.104    ← RX  [RAW] 22 69 30 47 50 53 3A 33 36 2E 30 35 38 38 33 36 2C 2D 38 37 2E 33 38 34 31 33 32 2C 32 36 36 2E 35 2C 39 2C 31 2C 30 2E 30 30 2C 30 2E 30 2C 30 2E 30 30
14:39:04.107    ← RX  0x36 46  hwid=5047 seq=14931
14:39:04.110    GPS → lat=36.058836 lon=-87.384132 alt=266.5m baro=0.0m sats=9 fix=True
14:39:14.295    ← RX  [RAW] 22 69 30 47 50 53 3A 33 36 2E 30 35 38 38 33 36 2C 2D 38 37 2E 33 38 34 31 31 30 2C 32 36 30 2E 32 2C 39 2C 31 2C 30 2E 30 30 2C 30 2E 30 2C 30 2E 30 30
14:39:14.298    ← RX  0x36 46  hwid=5047 seq=14931
14:39:14.301    GPS → lat=36.058836 lon=-87.384110 alt=260.2m baro=0.0m sats=9 fix=True
14:39:24.470    ← RX  [RAW] 22 69 30 47 50 53 3A 33 36 2E 30 35 38 38 33 30 2C 2D 38 37 2E 33 38 34 31 32 30 2C 32 36 30 2E 32 2C 39 2C 31 2C 30 2E 30 30 2C 30 2E 30 2C 30 2E 30 30
14:39:24.474    ← RX  0x36 46  hwid=5047 seq=14931
14:39:24.477    GPS → lat=36.058830 lon=-87.384120 alt=260.2m baro=0.0m sats=9 fix=True
14:39:34.629    ← RX  [RAW] 22 69 30 47 50 53 3A 33 36 2E 30 35 38 38 33 36 2C 2D 38 37 2E 33 38 34 31 31 30 2C 32 35 38 2E 36 2C 39 2C 31 2C 30 2E 30 30 2C 30 2E 30 2C 30 2E 30 30
14:39:34.635    ← RX  0x36 46  hwid=5047 seq=14931
14:39:34.638    GPS → lat=36.058836 lon=-87.384110 alt=258.6m baro=0.0m sats=9 fix=True
14:39:44.859    ← RX  [RAW] 22 69 30 47 50 53 3A 33 36 2E 30 35 38 38 33 36 2C 2D 38 37 2E 33 38 34 30 39 32 2C 32 35 35 2E 33 2C 39 2C 31 2C 30 2E 30 30 2C 30 2E 30 2C 30 2E 30 30
14:39:44.863    ← RX  0x36 46  hwid=5047 seq=14931
14:39:44.866    GPS → lat=36.058836 lon=-87.384092 alt=255.3m baro=0.0m sats=9 fix=True
14:39:55.092    ← RX  [RAW] 22 69 30 47 50 53 3A 33 36 2E 30 35 38 38 33 36 2C 2D 38 37 2E 33 38 34 30 39 30 2C 32 35 34 2E 31 2C 39 2C 31 2C 30 2E 30 30 2C 30 2E 30 2C 30 2E 30 30
14:39:55.095    ← RX  0x36 46  hwid=5047 seq=14931
14:39:55.099    GPS → lat=36.058836 lon=-87.384090 alt=254.1m baro=0.0m sats=9 fix=True
14:40:05.267    ← RX  [RAW] 22 69 30 47 50 53 3A 33 36 2E 30 35 38 38 33 36 2C 2D 38 37 2E 33 38 34 31 30 30 2C 32 35 35 2E 36 2C 39 2C 31 2C 30 2E 30 30 2C 30 2E 30 2C 30 2E 30 30
14:40:05.275    ← RX  0x36 46  hwid=5047 seq=14931
14:40:05.278    GPS → lat=36.058836 lon=-87.384100 alt=255.6m baro=0.0m sats=9 fix=True
14:40:15.442    ← RX  [RAW] 22 69 30 47 50 53 3A 33 36 2E 30 35 38 38 34 34 2C 2D 38 37 2E 33 38 34 31 30 30 2C 32 35 35 2E 30 2C 39 2C 31 2C 30 2E 30 30 2C 30 2E 30 2C 30 2E 30 30
14:40:15.446    ← RX  0x36 46  hwid=5047 seq=14931
14:40:15.449    GPS → lat=36.058844 lon=-87.384100 alt=255.0m baro=0.0m sats=9 fix=True
14:40:25.617    ← RX  [RAW] 22 69 30 47 50 53 3A 33 36 2E 30 35 38 38 35 32 2C 2D 38 37 2E 33 38 34 31 31 30 2C 32 35 35 2E 33 2C 39 2C 31 2C 30 2E 30 30 2C 30 2E 30 2C 30 2E 30 30
14:40:25.621    ← RX  0x36 46  hwid=5047 seq=14931
14:40:25.624    GPS → lat=36.058852 lon=-87.384110 alt=255.3m baro=0.0m sats=9 fix=True
14:40:35.793    ← RX  [RAW] 22 69 30 47 50 53 3A 33 36 2E 30 35 38 38 36 30 2C 2D 38 37 2E 33 38 34 31 31 30 2C 32 35 36 2E 34 2C 39 2C 31 2C 30 2E 30 30 2C 30 2E 30 2C 30 2E 30 30
14:40:35.796    ← RX  0x36 46  hwid=5047 seq=14931
14:40:35.800    GPS → lat=36.058860 lon=-87.384110 alt=256.4m baro=0.0m sats=9 fix=True
14:40:45.968    ← RX  [RAW] 22 69 30 47 50 53 3A 33 36 2E 30 35 38 38 35 32 2C 2D 38 37 2E 33 38 34 31 32 30 2C 32 35 35 2E 37 2C 39 2C 31 2C 30 2E 30 30 2C 30 2E 30 2C 30 2E 30 30
14:40:45.971    ← RX  0x36 46  hwid=5047 seq=14931
14:40:45.974    GPS → lat=36.058852 lon=-87.384120 alt=255.7m baro=0.0m sats=9 fix=True
14:40:56.143    ← RX  [RAW] 22 69 30 47 50 53 3A 33 36 2E 30 35 38 38 35 32 2C 2D 38 37 2E 33 38 34 31 32 30 2C 32 35 34 2E 35 2C 39 2C 31 2C 30 2E 30 30 2C 30 2E 30 2C 30 2E 30 30
14:40:56.147    ← RX  0x36 46  hwid=5047 seq=14931
14:40:56.150    GPS → lat=36.058852 lon=-87.384120 alt=254.5m baro=0.0m sats=9 fix=True
14:41:06.318    ← RX  [RAW] 22 69 30 47 50 53 3A 33 36 2E 30 35 38 38 35 36 2C 2D 38 37 2E 33 38 34 31 33 32 2C 32 35 36 2E 33 2C 39 2C 31 2C 30 2E 30 30 2C 30 2E 30 2C 30 2E 30 30
14:41:06.323    ← RX  0x36 46  hwid=5047 seq=14931
14:41:06.327    GPS → lat=36.058856 lon=-87.384132 alt=256.3m baro=0.0m sats=9 fix=True
14:41:16.493    ← RX  [RAW] 22 69 30 47 50 53 3A 33 36 2E 30 35 38 38 35 30 2C 2D 38 37 2E 33 38 34 31 32 30 2C 32 35 37 2E 36 2C 38 2C 31 2C 30 2E 30 30 2C 30 2E 30 2C 30 2E 30 30
14:41:16.498    ← RX  0x36 46  hwid=5047 seq=14931
14:41:16.501    GPS → lat=36.058850 lon=-87.384120 alt=257.6m baro=0.0m sats=8 fix=True
14:41:26.716    ← RX  [RAW] 22 69 30 47 50 53 3A 33 36 2E 30 35 38 38 33 36 2C 2D 38 37 2E 33 38 34 31 31 30 2C 32 35 37 2E 31 2C 38 2C 31 2C 30 2E 30 30 2C 30 2E 30 2C 30 2E 30 30
14:41:26.726    ← RX  0x36 46  hwid=5047 seq=14931
14:41:26.731    GPS → lat=36.058836 lon=-87.384110 alt=257.1m baro=0.0m sats=8 fix=True
14:41:27.676    ← RX  [RAW] 22 69 1E 01 00 00 00 01 11 4F 70 65 6E 4C 53 54 20 42 4C 20 63 33 61 35 32 65 61 2D 64 69 72 74 79
14:41:27.683    ← RX  ascii 79  hwid=0001 seq=0
14:41:28.284    ← RX  [RAW] 22 69 1B 01 00 00 00 01 11 4F 70 65 6E 4C 53 54 20 31 64 33 61 62 65 33 2D 64 69 72 74 79
14:41:28.312    ← RX  ascii 79  hwid=0001 seq=0
14:41:36.908    ← RX  [RAW] 22 69 30 47 50 53 3A 33 36 2E 30 35 38 38 32 38 2C 2D 38 37 2E 33 38 34 31 32 30 2C 32 35 36 2E 37 2C 38 2C 31 2C 30 2E 30 30 2C 30 2E 30 2C 30 2E 30 30
14:41:36.912    ← RX  0x36 46  hwid=5047 seq=14931
14:41:36.931    GPS → lat=36.058828 lon=-87.384120 alt=256.7m baro=0.0m sats=8 fix=True
14:41:47.099    ← RX  [RAW] 22 69 30 47 50 53 3A 33 36 2E 30 35 38 38 31 36 2C 2D 38 37 2E 33 38 34 31 32 30 2C 32 35 34 2E 37 2C 38 2C 31 2C 30 2E 30 30 2C 30 2E 30 2C 30 2E 30 30
14:41:47.103    ← RX  0x36 46  hwid=5047 seq=14931
14:41:47.114    GPS → lat=36.058816 lon=-87.384120 alt=254.7m baro=0.0m sats=8 fix=True
14:41:57.274    ← RX  [RAW] 22 69 30 47 50 53 3A 33 36 2E 30 35 38 38 30 34 2C 2D 38 37 2E 33 38 34 31 33 32 2C 32 35 35 2E 33 2C 38 2C 31 2C 30 2E 30 30 2C 30 2E 30 2C 30 2E 30 30
14:41:57.283    ← RX  0x36 46  hwid=5047 seq=14931
14:41:57.297    GPS → lat=36.058804 lon=-87.384132 alt=255.3m baro=0.0m sats=8 fix=True
14:42:07.434    ← RX  [RAW] 22 69 30 47 50 53 3A 33 36 2E 30 35 38 37 39 32 2C 2D 38 37 2E 33 38 34 31 33 32 2C 32 35 37 2E 34 2C 38 2C 31 2C 30 2E 30 30 2C 30 2E 30 2C 30 2E 30 30
14:42:07.439    ← RX  0x36 46  hwid=5047 seq=14931
14:42:07.464    GPS → lat=36.058792 lon=-87.384132 alt=257.4m baro=0.0m sats=8 fix=True
14:42:17.673    ← RX  [RAW] 22 69 30 47 50 53 3A 33 36 2E 30 35 38 37 39 30 2C 2D 38 37 2E 33 38 34 31 32 30 2C 32 35 36 2E 38 2C 37 2C 31 2C 30 2E 30 30 2C 30 2E 30 2C 30 2E 30 30
14:42:17.677    ← RX  0x36 46  hwid=5047 seq=14931
14:42:17.695    GPS → lat=36.058790 lon=-87.384120 alt=256.8m baro=0.0m sats=7 fix=True
14:42:27.832    ← RX  [RAW] 22 69 30 47 50 53 3A 33 36 2E 30 35 38 37 37 30 2C 2D 38 37 2E 33 38 34 31 35 30 2C 32 35 39 2E 36 2C 38 2C 31 2C 30 2E 30 30 2C 30 2E 30 2C 30 2E 30 30
14:42:27.837    ← RX  0x36 46  hwid=5047 seq=14931
14:42:27.858    GPS → lat=36.058770 lon=-87.384150 alt=259.6m baro=0.0m sats=8 fix=True
14:42:38.007    ← RX  [RAW] 22 69 30 47 50 53 3A 33 36 2E 30 35 38 37 37 30 2C 2D 38 37 2E 33 38 34 31 35 30 2C 32 35 39 2E 33 2C 38 2C 31 2C 30 2E 30 30 2C 30 2E 30 2C 30 2E 30 30
14:42:38.011    ← RX  0x36 46  hwid=5047 seq=14931
14:42:38.031    GPS → lat=36.058770 lon=-87.384150 alt=259.3m baro=0.0m sats=8 fix=True
14:42:48.182    ← RX  [RAW] 22 69 30 47 50 53 3A 33 36 2E 30 35 38 37 36 34 2C 2D 38 37 2E 33 38 34 31 35 32 2C 32 36 30 2E 33 2C 38 2C 31 2C 30 2E 30 30 2C 30 2E 30 2C 30 2E 30 30
14:42:48.186    ← RX  0x36 46  hwid=5047 seq=14931
14:42:48.195    GPS → lat=36.058764 lon=-87.384152 alt=260.3m baro=0.0m sats=8 fix=True
14:42:58.373    ← RX  [RAW] 22 69 30 47 50 53 3A 33 36 2E 30 35 38 37 37 30 2C 2D 38 37 2E 33 38 34 31 35 30 2C 32 36 31 2E 33 2C 38 2C 31 2C 30 2E 30 30 2C 30 2E 30 2C 30 2E 30 30
14:42:58.378    ← RX  0x36 46  hwid=5047 seq=14931
14:42:58.395    GPS → lat=36.058770 lon=-87.384150 alt=261.3m baro=0.0m sats=8 fix=True
14:43:08.596    ← RX  [RAW] 22 69 30 47 50 53 3A 33 36 2E 30 35 38 37 39 30 2C 2D 38 37 2E 33 38 34 31 32 30 2C 32 35 39 2E 32 2C 38 2C 31 2C 30 2E 30 30 2C 30 2E 30 2C 30 2E 30 30
14:43:08.601    ← RX  0x36 46  hwid=5047 seq=14931
14:43:08.612    GPS → lat=36.058790 lon=-87.384120 alt=259.2m baro=0.0m sats=8 fix=True
14:43:18.787    ← RX  [RAW] 22 69 30 47 50 53 3A 33 36 2E 30 35 38 38 30 34 2C 2D 38 37 2E 33 38 34 30 39 32 2C 32 35 36 2E 37 2C 38 2C 31 2C 30 2E 30 30 2C 30 2E 30 2C 30 2E 30 30
14:43:18.791    ← RX  0x36 46  hwid=5047 seq=14931
14:43:18.805    GPS → lat=36.058804 lon=-87.384092 alt=256.7m baro=0.0m sats=8 fix=True
14:43:28.962    ← RX  [RAW] 22 69 30 47 50 53 3A 33 36 2E 30 35 38 38 32 30 2C 2D 38 37 2E 33 38 34 30 35 36 2C 32 35 37 2E 38 2C 38 2C 31 2C 30 2E 30 30 2C 30 2E 30 2C 30 2E 30 30
14:43:28.971    ← RX  0x36 46  hwid=5047 seq=14931
14:43:28.996    GPS → lat=36.058820 lon=-87.384056 alt=257.8m baro=0.0m sats=8 fix=True
14:43:39.138    ← RX  [RAW] 22 69 30 47 50 53 3A 33 36 2E 30 35 38 38 32 30 2C 2D 38 37 2E 33 38 34 30 33 30 2C 32 35 38 2E 36 2C 38 2C 31 2C 30 2E 30 30 2C 30 2E 30 2C 30 2E 30 30
14:43:39.142    ← RX  0x36 46  hwid=5047 seq=14931
14:43:39.163    GPS → lat=36.058820 lon=-87.384030 alt=258.6m baro=0.0m sats=8 fix=True
14:43:49.313    ← RX  [RAW] 22 69 30 47 50 53 3A 33 36 2E 30 35 38 38 33 36 2C 2D 38 37 2E 33 38 34 30 31 30 2C 32 35 39 2E 34 2C 38 2C 31 2C 30 2E 30 30 2C 30 2E 30 2C 30 2E 30 30
14:43:49.322    ← RX  0x36 46  hwid=5047 seq=14931
14:43:49.347    GPS → lat=36.058836 lon=-87.384010 alt=259.4m baro=0.0m sats=8 fix=True
14:43:59.488    ← RX  [RAW] 22 69 30 47 50 53 3A 33 36 2E 30 35 38 38 34 34 2C 2D 38 37 2E 33 38 34 30 30 30 2C 32 35 39 2E 31 2C 38 2C 31 2C 30 2E 30 30 2C 30 2E 30 2C 30 2E 30 30
14:43:59.493    ← RX  0x36 46  hwid=5047 seq=14931
14:43:59.509    GPS → lat=36.058844 lon=-87.384000 alt=259.1m baro=0.0m sats=8 fix=True
14:44:09.647    ← RX  [RAW] 22 69 30 47 50 53 3A 33 36 2E 30 35 38 38 34 30 2C 2D 38 37 2E 33 38 34 30 31 30 2C 32 36 30 2E 36 2C 37 2C 31 2C 30 2E 30 30 2C 30 2E 30 2C 30 2E 30 30
14:44:09.651    ← RX  0x36 46  hwid=5047 seq=14931
14:44:09.661    GPS → lat=36.058840 lon=-87.384010 alt=260.6m baro=0.0m sats=7 fix=True
14:44:19.839    ← RX  [RAW] 22 69 30 47 50 53 3A 33 36 2E 30 35 38 38 33 36 2C 2D 38 37 2E 33 38 34 30 35 30 2C 32 35 33 2E 39 2C 38 2C 31 2C 30 2E 30 30 2C 30 2E 30 2C 30 2E 30 30
14:44:19.842    ← RX  0x36 46  hwid=5047 seq=14931
14:44:19.862    GPS → lat=36.058836 lon=-87.384050 alt=253.9m baro=0.0m sats=8 fix=True
14:44:30.013    ← RX  [RAW] 22 69 30 47 50 53 3A 33 36 2E 30 35 38 38 34 30 2C 2D 38 37 2E 33 38 34 30 36 30 2C 32 34 36 2E 33 2C 38 2C 31 2C 30 2E 30 30 2C 30 2E 30 2C 30 2E 30 30
14:44:30.020    ← RX  0x36 46  hwid=5047 seq=14931
14:44:30.040    GPS → lat=36.058840 lon=-87.384060 alt=246.3m baro=0.0m sats=8 fix=True
14:44:40.189    ← RX  [RAW] 22 69 30 47 50 53 3A 33 36 2E 30 35 38 38 34 34 2C 2D 38 37 2E 33 38 34 30 39 30 2C 32 34 35 2E 39 2C 38 2C 31 2C 30 2E 30 30 2C 30 2E 30 2C 30 2E 30 30
14:44:40.193    ← RX  0x36 46  hwid=5047 seq=14931
14:44:40.206    GPS → lat=36.058844 lon=-87.384090 alt=245.9m baro=0.0m sats=8 fix=True
14:44:50.476    ← RX  [RAW] 22 69 30 47 50 53 3A 33 36 2E 30 35 38 38 35 30 2C 2D 38 37 2E 33 38 34 31 32 30 2C 32 34 35 2E 39 2C 38 2C 31 2C 30 2E 30 30 2C 30 2E 30 2C 30 2E 30 30
14:44:50.480    ← RX  0x36 46  hwid=5047 seq=14931
14:44:50.495    GPS → lat=36.058850 lon=-87.384120 alt=245.9m baro=0.0m sats=8 fix=True
14:45:00.667    ← RX  [RAW] 22 69 30 47 50 53 3A 33 36 2E 30 35 38 38 34 34 2C 2D 38 37 2E 33 38 34 31 31 30 2C 32 34 38 2E 32 2C 38 2C 31 2C 30 2E 30 30 2C 30 2E 30 2C 30 2E 30 30
14:45:00.671    ← RX  0x36 46  hwid=5047 seq=14931
14:45:00.694    GPS → lat=36.058844 lon=-87.384110 alt=248.2m baro=0.0m sats=8 fix=True
14:45:10.827    ← RX  [RAW] 22 69 30 47 50 53 3A 33 36 2E 30 35 38 38 34 34 2C 2D 38 37 2E 33 38 34 31 30 30 2C 32 34 39 2E 30 2C 38 2C 31 2C 30 2E 30 30 2C 30 2E 30 2C 30 2E 30 30
14:45:10.832    ← RX  0x36 46  hwid=5047 seq=14931
14:45:10.845    GPS → lat=36.058844 lon=-87.384100 alt=249.0m baro=0.0m sats=8 fix=True
14:45:21.002    ← RX  [RAW] 22 69 30 47 50 53 3A 33 36 2E 30 35 38 38 34 30 2C 2D 38 37 2E 33 38 34 31 30 30 2C 32 35 30 2E 34 2C 38 2C 31 2C 30 2E 30 30 2C 30 2E 30 2C 30 2E 30 30
14:45:21.006    ← RX  0x36 46  hwid=5047 seq=14931
14:45:21.028    GPS → lat=36.058840 lon=-87.384100 alt=250.4m baro=0.0m sats=8 fix=True
14:45:31.177    ← RX  [RAW] 22 69 30 47 50 53 3A 33 36 2E 30 35 38 38 34 30 2C 2D 38 37 2E 33 38 34 31 31 30 2C 32 34 39 2E 31 2C 38 2C 31 2C 30 2E 30 30 2C 30 2E 30 2C 30 2E 30 30
14:45:31.188    ← RX  0x36 46  hwid=5047 seq=14931
14:45:31.194    GPS → lat=36.058840 lon=-87.384110 alt=249.1m baro=0.0m sats=8 fix=True
14:45:41.352    ← RX  [RAW] 22 69 30 47 50 53 3A 33 36 2E 30 35 38 38 34 30 2C 2D 38 37 2E 33 38 34 30 38 30 2C 32 35 31 2E 39 2C 38 2C 31 2C 30 2E 30 30 2C 30 2E 30 2C 30 2E 30 30
14:45:41.357    ← RX  0x36 46  hwid=5047 seq=14931
14:45:41.377    GPS → lat=36.058840 lon=-87.384080 alt=251.9m baro=0.0m sats=8 fix=True
14:45:51.527    ← RX  [RAW] 22 69 30 47 50 53 3A 33 36 2E 30 35 38 38 34 30 2C 2D 38 37 2E 33 38 34 30 35 30 2C 32 35 33 2E 35 2C 38 2C 31 2C 30 2E 30 30 2C 30 2E 30 2C 30 2E 30 30
14:45:51.533    ← RX  0x36 46  hwid=5047 seq=14931
14:45:51.563    GPS → lat=36.058840 lon=-87.384050 alt=253.5m baro=0.0m sats=8 fix=True
14:46:01.686    ← RX  [RAW] 22 69 30 47 50 53 3A 33 36 2E 30 35 38 38 34 30 2C 2D 38 37 2E 33 38 34 30 33 30 2C 32 35 35 2E 36 2C 38 2C 31 2C 30 2E 30 30 2C 30 2E 30 2C 30 2E 30 30
14:46:01.690    ← RX  0x36 46  hwid=5047 seq=14931
14:46:01.711    GPS → lat=36.058840 lon=-87.384030 alt=255.6m baro=0.0m sats=8 fix=True
14:46:11.877    ← RX  [RAW] 22 69 30 47 50 53 3A 33 36 2E 30 35 38 38 33 36 2C 2D 38 37 2E 33 38 34 30 32 34 2C 32 35 39 2E 34 2C 38 2C 31 2C 30 2E 30 30 2C 30 2E 30 2C 30 2E 30 30
14:46:11.886    ← RX  0x36 46  hwid=5047 seq=14931
14:46:11.896    GPS → lat=36.058836 lon=-87.384024 alt=259.4m baro=0.0m sats=8 fix=True
14:46:22.053    ← RX  [RAW] 22 69 30 47 50 53 3A 33 36 2E 30 35 38 38 33 30 2C 2D 38 37 2E 33 38 34 30 31 30 2C 32 36 32 2E 32 2C 38 2C 31 2C 30 2E 30 30 2C 30 2E 30 2C 30 2E 30 30
14:46:22.057    ← RX  0x36 46  hwid=5047 seq=14931
14:46:22.079    GPS → lat=36.058830 lon=-87.384010 alt=262.2m baro=0.0m sats=8 fix=True
14:46:32.260    ← RX  [RAW] 22 69 30 47 50 53 3A 33 36 2E 30 35 38 38 32 38 2C 2D 38 37 2E 33 38 33 39 39 32 2C 32 36 33 2E 31 2C 38 2C 31 2C 30 2E 30 30 2C 30 2E 30 2C 30 2E 30 30
14:46:32.280    ← RX  0x36 46  hwid=5047 seq=14931
14:46:32.284    GPS → lat=36.058828 lon=-87.383992 alt=263.1m baro=0.0m sats=8 fix=True
14:46:42.467    ← RX  [RAW] 22 69 30 47 50 53 3A 33 36 2E 30 35 38 38 32 30 2C 2D 38 37 2E 33 38 34 30 30 30 2C 32 36 32 2E 34 2C 38 2C 31 2C 30 2E 30 30 2C 30 2E 30 2C 30 2E 30 30
14:46:42.494    ← RX  0x36 46  hwid=5047 seq=14931
14:46:42.498    GPS → lat=36.058820 lon=-87.384000 alt=262.4m baro=0.0m sats=8 fix=True
14:46:52.643    ← RX  [RAW] 22 69 30 47 50 53 3A 33 36 2E 30 35 38 38 32 38 2C 2D 38 37 2E 33 38 34 30 31 30 2C 32 36 30 2E 36 2C 38 2C 31 2C 30 2E 30 30 2C 30 2E 30 2C 30 2E 30 30
14:46:52.661    ← RX  0x36 46  hwid=5047 seq=14931
14:46:52.665    GPS → lat=36.058828 lon=-87.384010 alt=260.6m baro=0.0m sats=8 fix=True
14:47:02.802    ← RX  [RAW] 22 69 30 47 50 53 3A 33 36 2E 30 35 38 38 31 36 2C 2D 38 37 2E 33 38 34 30 32 30 2C 32 36 30 2E 30 2C 38 2C 31 2C 30 2E 30 30 2C 30 2E 30 2C 30 2E 30 30
14:47:02.806    ← RX  0x36 46  hwid=5047 seq=14931
14:47:02.810    GPS → lat=36.058816 lon=-87.384020 alt=260.0m baro=0.0m sats=8 fix=True
14:47:12.977    ← RX  [RAW] 22 69 30 47 50 53 3A 33 36 2E 30 35 38 38 31 30 2C 2D 38 37 2E 33 38 34 30 32 30 2C 32 35 39 2E 37 2C 38 2C 31 2C 30 2E 30 30 2C 30 2E 30 2C 30 2E 30 30
14:47:12.981    ← RX  0x36 46  hwid=5047 seq=14931
14:47:12.985    GPS → lat=36.058810 lon=-87.384020 alt=259.7m baro=0.0m sats=8 fix=True
14:47:23.200    ← RX  [RAW] 22 69 30 47 50 53 3A 33 36 2E 30 35 38 38 30 38 2C 2D 38 37 2E 33 38 33 39 39 32 2C 32 35 37 2E 32 2C 38 2C 31 2C 30 2E 30 30 2C 30 2E 30 2C 30 2E 30 30
14:47:23.203    ← RX  0x36 46  hwid=5047 seq=14931
14:47:23.227    GPS → lat=36.058808 lon=-87.383992 alt=257.2m baro=0.0m sats=8 fix=True
14:47:33.376    ← RX  [RAW] 22 69 30 47 50 53 3A 33 36 2E 30 35 38 38 32 30 2C 2D 38 37 2E 33 38 33 39 39 32 2C 32 35 33 2E 30 2C 38 2C 31 2C 30 2E 30 30 2C 30 2E 30 2C 30 2E 30 30
14:47:33.384    ← RX  0x36 46  hwid=5047 seq=14931
14:47:33.392    GPS → lat=36.058820 lon=-87.383992 alt=253.0m baro=0.0m sats=8 fix=True
14:47:43.550    ← RX  [RAW] 22 69 30 47 50 53 3A 33 36 2E 30 35 38 38 32 30 2C 2D 38 37 2E 33 38 33 39 39 30 2C 32 35 31 2E 31 2C 38 2C 31 2C 30 2E 30 30 2C 30 2E 30 2C 30 2E 30 30
14:47:43.554    ← RX  0x36 46  hwid=5047 seq=14931
14:47:43.565    GPS → lat=36.058820 lon=-87.383990 alt=251.1m baro=0.0m sats=8 fix=True
14:47:53.709    ← RX  [RAW] 22 69 30 47 50 53 3A 33 36 2E 30 35 38 38 31 36 2C 2D 38 37 2E 33 38 33 39 38 30 2C 32 35 30 2E 34 2C 38 2C 31 2C 30 2E 30 30 2C 30 2E 30 2C 30 2E 30 30
14:47:53.725    ← RX  0x36 46  hwid=5047 seq=14931
14:47:53.729    GPS → lat=36.058816 lon=-87.383980 alt=250.4m baro=0.0m sats=8 fix=True
14:48:03.901    ← RX  [RAW] 22 69 30 47 50 53 3A 33 36 2E 30 35 38 38 31 36 2C 2D 38 37 2E 33 38 33 39 39 30 2C 32 35 30 2E 31 2C 38 2C 31 2C 30 2E 30 30 2C 30 2E 30 2C 30 2E 30 30
14:48:03.917    ← RX  0x36 46  hwid=5047 seq=14931
14:48:03.921    GPS → lat=36.058816 lon=-87.383990 alt=250.1m baro=0.0m sats=8 fix=True
14:48:14.140    ← RX  [RAW] 22 69 30 47 50 53 3A 33 36 2E 30 35 38 38 32 30 2C 2D 38 37 2E 33 38 33 39 39 32 2C 32 34 39 2E 36 2C 38 2C 31 2C 30 2E 30 30 2C 30 2E 30 2C 30 2E 30 30
14:48:14.160    ← RX  0x36 46  hwid=5047 seq=14931
14:48:14.164    GPS → lat=36.058820 lon=-87.383992 alt=249.6m baro=0.0m sats=8 fix=True
14:48:24.331    ← RX  [RAW] 22 69 30 47 50 53 3A 33 36 2E 30 35 38 38 32 34 2C 2D 38 37 2E 33 38 34 30 31 30 2C 32 35 30 2E 31 2C 38 2C 31 2C 30 2E 30 30 2C 30 2E 30 2C 30 2E 30 30
14:48:24.335    ← RX  0x36 46  hwid=5047 seq=14931
14:48:24.338    GPS → lat=36.058824 lon=-87.384010 alt=250.1m baro=0.0m sats=8 fix=True
14:48:34.522    ← RX  [RAW] 22 69 30 47 50 53 3A 33 36 2E 30 35 38 38 31 30 2C 2D 38 37 2E 33 38 34 30 33 30 2C 32 35 30 2E 35 2C 38 2C 31 2C 30 2E 30 30 2C 30 2E 30 2C 30 2E 30 30
14:48:34.526    ← RX  0x36 46  hwid=5047 seq=14931
14:48:34.530    GPS → lat=36.058810 lon=-87.384030 alt=250.5m baro=0.0m sats=8 fix=True
14:48:44.681    ← RX  [RAW] 22 69 30 47 50 53 3A 33 36 2E 30 35 38 38 32 34 2C 2D 38 37 2E 33 38 34 30 35 36 2C 32 35 34 2E 36 2C 38 2C 31 2C 30 2E 30 30 2C 30 2E 30 2C 30 2E 30 30
14:48:44.685    ← RX  0x36 46  hwid=5047 seq=14931
14:48:44.692    GPS → lat=36.058824 lon=-87.384056 alt=254.6m baro=0.0m sats=8 fix=True
14:48:54.857    ← RX  [RAW] 22 69 30 47 50 53 3A 33 36 2E 30 35 38 38 33 30 2C 2D 38 37 2E 33 38 34 30 39 30 2C 32 35 36 2E 34 2C 38 2C 31 2C 30 2E 30 30 2C 30 2E 30 2C 30 2E 30 30
14:48:54.866    ← RX  0x36 46  hwid=5047 seq=14931
14:48:54.890    GPS → lat=36.058830 lon=-87.384090 alt=256.4m baro=0.0m sats=8 fix=True
14:49:05.032    ← RX  [RAW] 22 69 30 47 50 53 3A 33 36 2E 30 35 38 38 33 30 2C 2D 38 37 2E 33 38 34 30 39 32 2C 32 35 36 2E 38 2C 39 2C 31 2C 30 2E 30 30 2C 30 2E 30 2C 30 2E 30 30
14:49:05.037    ← RX  0x36 46  hwid=5047 seq=14931
14:49:05.049    GPS → lat=36.058830 lon=-87.384092 alt=256.8m baro=0.0m sats=9 fix=True
14:49:15.207    ← RX  [RAW] 22 69 30 47 50 53 3A 33 36 2E 30 35 38 38 33 36 2C 2D 38 37 2E 33 38 34 31 30 30 2C 32 35 36 2E 32 2C 39 2C 31 2C 30 2E 30 30 2C 30 2E 30 2C 30 2E 30 30
14:49:15.222    ← RX  0x36 46  hwid=5047 seq=14931
14:49:15.227    GPS → lat=36.058836 lon=-87.384100 alt=256.2m baro=0.0m sats=9 fix=True
14:49:25.382    ← RX  [RAW] 22 69 30 47 50 53 3A 33 36 2E 30 35 38 38 33 36 2C 2D 38 37 2E 33 38 34 31 30 30 2C 32 35 36 2E 30 2C 39 2C 31 2C 30 2E 30 30 2C 30 2E 30 2C 30 2E 30 30
14:49:25.391    ← RX  0x36 46  hwid=5047 seq=14931
14:49:25.395    GPS → lat=36.058836 lon=-87.384100 alt=256.0m baro=0.0m sats=9 fix=True
14:49:35.557    ← RX  [RAW] 22 69 30 47 50 53 3A 33 36 2E 30 35 38 38 34 34 2C 2D 38 37 2E 33 38 34 30 38 30 2C 32 35 35 2E 38 2C 39 2C 31 2C 30 2E 30 30 2C 30 2E 30 2C 30 2E 30 30
14:49:35.574    ← RX  0x36 46  hwid=5047 seq=14931
14:49:35.578    GPS → lat=36.058844 lon=-87.384080 alt=255.8m baro=0.0m sats=9 fix=True
14:49:45.717    ← RX  [RAW] 22 69 30 47 50 53 3A 33 36 2E 30 35 38 38 34 34 2C 2D 38 37 2E 33 38 34 30 36 30 2C 32 35 35 2E 37 2C 39 2C 31 2C 30 2E 30 30 2C 30 2E 30 2C 30 2E 30 30
14:49:45.721    ← RX  0x36 46  hwid=5047 seq=14931
14:49:45.724    GPS → lat=36.058844 lon=-87.384060 alt=255.7m baro=0.0m sats=9 fix=True
14:49:56.020    ← RX  [RAW] 22 69 30 47 50 53 3A 33 36 2E 30 35 38 38 35 36 2C 2D 38 37 2E 33 38 34 30 35 36 2C 32 35 36 2E 33 2C 39 2C 31 2C 30 2E 30 30 2C 30 2E 30 2C 30 2E 30 30
14:49:56.026    ← RX  0x36 46  hwid=5047 seq=14931
14:49:56.032    GPS → lat=36.058856 lon=-87.384056 alt=256.3m baro=0.0m sats=9 fix=True
14:50:06.211    ← RX  [RAW] 22 69 30 47 50 53 3A 33 36 2E 30 35 38 38 34 30 2C 2D 38 37 2E 33 38 34 30 36 30 2C 32 35 34 2E 35 2C 39 2C 31 2C 30 2E 30 30 2C 30 2E 30 2C 30 2E 30 30
14:50:06.215    ← RX  0x36 46  hwid=5047 seq=14931
14:50:06.224    GPS → lat=36.058840 lon=-87.384060 alt=254.5m baro=0.0m sats=9 fix=True
14:50:16.370    ← RX  [RAW] 22 69 30 47 50 53 3A 33 36 2E 30 35 38 38 32 38 2C 2D 38 37 2E 33 38 34 30 38 30 2C 32 35 32 2E 37 2C 39 2C 31 2C 30 2E 30 30 2C 30 2E 30 2C 30 2E 30 30
14:50:16.374    ← RX  0x36 46  hwid=5047 seq=14931
14:50:16.402    GPS → lat=36.058828 lon=-87.384080 alt=252.7m baro=0.0m sats=9 fix=True
14:50:26.561    ← RX  [RAW] 22 69 30 47 50 53 3A 33 36 2E 30 35 38 38 31 30 2C 2D 38 37 2E 33 38 34 30 39 32 2C 32 35 32 2E 33 2C 38 2C 31 2C 30 2E 30 30 2C 30 2E 30 2C 30 2E 30 30
14:50:26.565    ← RX  0x36 46  hwid=5047 seq=14931
14:50:26.592    GPS → lat=36.058810 lon=-87.384092 alt=252.3m baro=0.0m sats=8 fix=True
14:50:36.737    ← RX  [RAW] 22 69 30 47 50 53 3A 33 36 2E 30 35 38 38 30 34 2C 2D 38 37 2E 33 38 34 31 31 30 2C 32 35 32 2E 31 2C 39 2C 31 2C 30 2E 30 30 2C 30 2E 30 2C 30 2E 30 30
14:50:36.756    ← RX  0x36 46  hwid=5047 seq=14931
14:50:36.760    GPS → lat=36.058804 lon=-87.384110 alt=252.1m baro=0.0m sats=9 fix=True
14:50:46.896    ← RX  [RAW] 22 69 30 47 50 53 3A 33 36 2E 30 35 38 38 30 34 2C 2D 38 37 2E 33 38 34 31 30 30 2C 32 35 32 2E 33 2C 38 2C 31 2C 30 2E 30 30 2C 30 2E 30 2C 30 2E 30 30
14:50:46.921    ← RX  0x36 46  hwid=5047 seq=14931
14:50:46.925    GPS → lat=36.058804 lon=-87.384100 alt=252.3m baro=0.0m sats=8 fix=True
14:50:57.071    ← RX  [RAW] 22 69 30 47 50 53 3A 33 36 2E 30 35 38 38 31 36 2C 2D 38 37 2E 33 38 34 30 39 30 2C 32 35 33 2E 37 2C 39 2C 31 2C 30 2E 30 30 2C 30 2E 30 2C 30 2E 30 30
14:50:57.090    ← RX  0x36 46  hwid=5047 seq=14931
14:50:57.094    GPS → lat=36.058816 lon=-87.384090 alt=253.7m baro=0.0m sats=9 fix=True
14:51:17.421    ← RX  [RAW] 22 69 30 47 50 53 3A 33 36 2E 30 35 38 38 32 30 2C 2D 38 37 2E 33 38 34 30 38 30 2C 32 35 34 2E 35 2C 39 2C 31 2C 30 2E 30 30 2C 30 2E 30 2C 30 2E 30 30
14:51:17.425    ← RX  0x36 46  hwid=5047 seq=14931
14:51:17.429    GPS → lat=36.058820 lon=-87.384080 alt=254.5m baro=0.0m sats=9 fix=True
14:51:27.596    ← RX  [RAW] 22 69 30 47 50 53 3A 33 36 2E 30 35 38 38 32 34 2C 2D 38 37 2E 33 38 34 30 38 30 2C 32 35 35 2E 30 2C 39 2C 31 2C 30 2E 30 30 2C 30 2E 30 2C 30 2E 30 30
14:51:27.600    ← RX  0x36 46  hwid=5047 seq=14931
14:51:27.604    GPS → lat=36.058824 lon=-87.384080 alt=255.0m baro=0.0m sats=9 fix=True
14:51:28.332    ← RX  [RAW] 22 69 1E 01 00 00 00 01 11 4F 70 65 6E 4C 53 54 20 42 4C 20 63 33 61 35 32 65 61 2D 64 69 72 74 79
14:51:28.336    ← RX  ascii 79  hwid=0001 seq=0
14:51:28.940    ← RX  [RAW] 22 69 1B 01 00 00 00 01 11 4F 70 65 6E 4C 53 54 20 31 64 33 61 62 65 33 2D 64 69 72 74 79
14:51:28.944    ← RX  ascii 79  hwid=0001 seq=0
14:51:37.819    ← RX  [RAW] 22 69 30 47 50 53 3A 33 36 2E 30 35 38 38 33 36 2C 2D 38 37 2E 33 38 34 30 37 30 2C 32 35 36 2E 34 2C 39 2C 31 2C 30 2E 30 30 2C 30 2E 30 2C 30 2E 30 30
14:51:37.835    ← RX  0x36 46  hwid=5047 seq=14931
14:51:37.839    GPS → lat=36.058836 lon=-87.384070 alt=256.4m baro=0.0m sats=9 fix=True
14:51:48.011    ← RX  [RAW] 22 69 30 47 50 53 3A 33 36 2E 30 35 38 38 33 30 2C 2D 38 37 2E 33 38 34 30 37 30 2C 32 35 35 2E 37 2C 39 2C 31 2C 30 2E 30 30 2C 30 2E 30 2C 30 2E 30 30
14:51:48.023    ← RX  0x36 46  hwid=5047 seq=14931
14:51:48.029    GPS → lat=36.058830 lon=-87.384070 alt=255.7m baro=0.0m sats=9 fix=True
14:51:58.186    ← RX  [RAW] 22 69 30 47 50 53 3A 33 36 2E 30 35 38 38 34 34 2C 2D 38 37 2E 33 38 34 30 35 30 2C 32 35 33 2E 30 2C 39 2C 31 2C 30 2E 30 30 2C 30 2E 30 2C 30 2E 30 30
14:51:58.190    ← RX  0x36 46  hwid=5047 seq=14931
14:51:58.193    GPS → lat=36.058844 lon=-87.384050 alt=253.0m baro=0.0m sats=9 fix=True
14:52:08.361    ← RX  [RAW] 22 69 30 47 50 53 3A 33 36 2E 30 35 38 38 35 32 2C 2D 38 37 2E 33 38 34 30 35 36 2C 32 35 33 2E 32 2C 39 2C 31 2C 30 2E 30 30 2C 30 2E 30 2C 30 2E 30 30
14:52:08.365    ← RX  0x36 46  hwid=5047 seq=14931
14:52:08.369    GPS → lat=36.058852 lon=-87.384056 alt=253.2m baro=0.0m sats=9 fix=True
14:52:18.584    ← RX  [RAW] 22 69 30 47 50 53 3A 33 36 2E 30 35 38 38 35 30 2C 2D 38 37 2E 33 38 34 30 37 30 2C 32 35 34 2E 36 2C 39 2C 31 2C 30 2E 30 30 2C 30 2E 30 2C 30 2E 30 30
14:52:18.588    ← RX  0x36 46  hwid=5047 seq=14931
14:52:18.605    GPS → lat=36.058850 lon=-87.384070 alt=254.6m baro=0.0m sats=9 fix=True
14:52:28.759    ← RX  [RAW] 22 69 30 47 50 53 3A 33 36 2E 30 35 38 38 36 34 2C 2D 38 37 2E 33 38 34 30 36 30 2C 32 35 36 2E 35 2C 38 2C 31 2C 30 2E 30 30 2C 30 2E 30 2C 30 2E 30 30
14:52:28.763    ← RX  0x36 46  hwid=5047 seq=14931
14:52:28.785    GPS → lat=36.058864 lon=-87.384060 alt=256.5m baro=0.0m sats=8 fix=True
14:52:38.934    ← RX  [RAW] 22 69 30 47 50 53 3A 33 36 2E 30 35 38 38 37 32 2C 2D 38 37 2E 33 38 34 30 36 30 2C 32 35 38 2E 33 2C 39 2C 31 2C 30 2E 30 30 2C 30 2E 30 2C 30 2E 30 30
14:52:38.940    ← RX  0x36 46  hwid=5047 seq=14931
14:52:38.955    GPS → lat=36.058872 lon=-87.384060 alt=258.3m baro=0.0m sats=9 fix=True
14:52:49.110    ← RX  [RAW] 22 69 30 47 50 53 3A 33 36 2E 30 35 38 38 36 30 2C 2D 38 37 2E 33 38 34 30 39 30 2C 32 36 30 2E 39 2C 38 2C 31 2C 30 2E 30 30 2C 30 2E 30 2C 30 2E 30 30
14:52:49.136    ← RX  0x36 46  hwid=5047 seq=14931
14:52:49.140    GPS → lat=36.058860 lon=-87.384090 alt=260.9m baro=0.0m sats=8 fix=True
14:52:59.285    ← RX  [RAW] 22 69 30 47 50 53 3A 33 36 2E 30 35 38 38 35 36 2C 2D 38 37 2E 33 38 34 31 30 30 2C 32 36 31 2E 37 2C 38 2C 31 2C 30 2E 30 30 2C 30 2E 30 2C 30 2E 30 30
14:52:59.304    ← RX  0x36 46  hwid=5047 seq=14931
14:52:59.308    GPS → lat=36.058856 lon=-87.384100 alt=261.7m baro=0.0m sats=8 fix=True
14:53:09.460    ← RX  [RAW] 22 69 30 47 50 53 3A 33 36 2E 30 35 38 38 35 30 2C 2D 38 37 2E 33 38 34 31 32 30 2C 32 36 32 2E 36 2C 37 2C 31 2C 30 2E 30 30 2C 30 2E 30 2C 30 2E 30 30
14:53:09.489    ← RX  0x36 46  hwid=5047 seq=14931
14:53:09.493    GPS → lat=36.058850 lon=-87.384120 alt=262.6m baro=0.0m sats=7 fix=True
14:53:19.683    ← RX  [RAW] 22 69 30 47 50 53 3A 33 36 2E 30 35 38 38 34 34 2C 2D 38 37 2E 33 38 34 31 32 30 2C 32 36 31 2E 38 2C 38 2C 31 2C 30 2E 30 30 2C 30 2E 30 2C 30 2E 30 30
14:53:19.688    ← RX  0x36 46  hwid=5047 seq=14931
14:53:19.691    GPS → lat=36.058844 lon=-87.384120 alt=261.8m baro=0.0m sats=8 fix=True
14:53:29.875    ← RX  [RAW] 22 69 30 47 50 53 3A 33 36 2E 30 35 38 38 34 30 2C 2D 38 37 2E 33 38 34 31 33 32 2C 32 36 30 2E 38 2C 38 2C 31 2C 30 2E 30 30 2C 30 2E 30 2C 30 2E 30 30
14:53:29.879    ← RX  0x36 46  hwid=5047 seq=14931
14:53:29.883    GPS → lat=36.058840 lon=-87.384132 alt=260.8m baro=0.0m sats=8 fix=True
14:53:40.050    ← RX  [RAW] 22 69 30 47 50 53 3A 33 36 2E 30 35 38 38 33 36 2C 2D 38 37 2E 33 38 34 31 38 34 2C 32 37 30 2E 31 2C 38 2C 31 2C 30 2E 30 30 2C 30 2E 30 2C 30 2E 30 30
14:53:40.054    ← RX  0x36 46  hwid=5047 seq=14931
14:53:40.068    GPS → lat=36.058836 lon=-87.384184 alt=270.1m baro=0.0m sats=8 fix=True
14:53:50.225    ← RX  [RAW] 22 69 30 47 50 53 3A 33 36 2E 30 35 38 38 32 38 2C 2D 38 37 2E 33 38 34 31 39 30 2C 32 36 39 2E 36 2C 35 2C 31 2C 30 2E 30 30 2C 30 2E 30 2C 30 2E 30 30
14:53:50.231    ← RX  0x36 46  hwid=5047 seq=14931
14:53:50.236    GPS → lat=36.058828 lon=-87.384190 alt=269.6m baro=0.0m sats=5 fix=True
14:54:00.400    ← RX  [RAW] 22 69 30 47 50 53 3A 33 36 2E 30 35 38 38 32 34 2C 2D 38 37 2E 33 38 34 32 31 30 2C 32 37 31 2E 39 2C 38 2C 31 2C 30 2E 30 30 2C 30 2E 30 2C 30 2E 30 30
14:54:00.408    ← RX  0x36 46  hwid=5047 seq=14931
14:54:00.411    GPS → lat=36.058824 lon=-87.384210 alt=271.9m baro=0.0m sats=8 fix=True
14:54:10.591    ← RX  [RAW] 22 69 30 47 50 53 3A 33 36 2E 30 35 38 38 32 34 2C 2D 38 37 2E 33 38 34 31 38 30 2C 32 36 36 2E 32 2C 39 2C 31 2C 30 2E 30 30 2C 30 2E 30 2C 30 2E 30 30
14:54:10.603    ← RX  0x36 46  hwid=5047 seq=14931
14:54:10.607    GPS → lat=36.058824 lon=-87.384180 alt=266.2m baro=0.0m sats=9 fix=True
14:54:20.751    ← RX  [RAW] 22 69 30 47 50 53 3A 33 36 2E 30 35 38 38 32 38 2C 2D 38 37 2E 33 38 34 31 38 34 2C 32 36 39 2E 31 2C 39 2C 31 2C 30 2E 30 30 2C 30 2E 30 2C 30 2E 30 30
14:54:20.777    ← RX  0x36 46  hwid=5047 seq=14931
14:54:20.781    GPS → lat=36.058828 lon=-87.384184 alt=269.1m baro=0.0m sats=9 fix=True
14:54:30.926    ← RX  [RAW] 22 69 30 47 50 53 3A 33 36 2E 30 35 38 38 33 36 2C 2D 38 37 2E 33 38 34 31 38 30 2C 32 36 39 2E 30 2C 38 2C 31 2C 30 2E 30 30 2C 30 2E 30 2C 30 2E 30 30
14:54:30.936    ← RX  0x36 46  hwid=5047 seq=14931
14:54:30.940    GPS → lat=36.058836 lon=-87.384180 alt=269.0m baro=0.0m sats=8 fix=True
14:54:41.101    ← RX  [RAW] 22 69 30 47 50 53 3A 33 36 2E 30 35 38 38 34 30 2C 2D 38 37 2E 33 38 34 31 35 30 2C 32 36 34 2E 30 2C 39 2C 31 2C 30 2E 30 30 2C 30 2E 30 2C 30 2E 30 30
14:54:41.105    ← RX  0x36 46  hwid=5047 seq=14931
14:54:41.118    GPS → lat=36.058840 lon=-87.384150 alt=264.0m baro=0.0m sats=9 fix=True
14:54:51.324    ← RX  [RAW] 22 69 30 47 50 53 3A 33 36 2E 30 35 38 38 34 30 2C 2D 38 37 2E 33 38 34 31 35 30 2C 32 36 34 2E 39 2C 39 2C 31 2C 30 2E 30 30 2C 30 2E 30 2C 30 2E 30 30
14:54:51.352    ← RX  0x36 46  hwid=5047 seq=14931
14:54:51.358    GPS → lat=36.058840 lon=-87.384150 alt=264.9m baro=0.0m sats=9 fix=True
14:55:01.548    ← RX  [RAW] 22 69 30 47 50 53 3A 33 36 2E 30 35 38 38 34 34 2C 2D 38 37 2E 33 38 34 31 39 30 2C 32 37 32 2E 33 2C 39 2C 31 2C 30 2E 30 30 2C 30 2E 30 2C 30 2E 30 30
14:55:01.553    ← RX  0x36 46  hwid=5047 seq=14931
14:55:01.570    GPS → lat=36.058844 lon=-87.384190 alt=272.3m baro=0.0m sats=9 fix=True
14:55:11.739    ← RX  [RAW] 22 69 30 47 50 53 3A 33 36 2E 30 35 38 38 35 36 2C 2D 38 37 2E 33 38 34 32 31 30 2C 32 37 34 2E 32 2C 39 2C 31 2C 30 2E 30 30 2C 30 2E 30 2C 30 2E 30 30
14:55:11.750    ← RX  0x36 46  hwid=5047 seq=14931
14:55:11.756    GPS → lat=36.058856 lon=-87.384210 alt=274.2m baro=0.0m sats=9 fix=True
14:55:21.914    ← RX  [RAW] 22 69 30 47 50 53 3A 33 36 2E 30 35 38 38 35 30 2C 2D 38 37 2E 33 38 34 32 30 30 2C 32 37 32 2E 31 2C 38 2C 31 2C 30 2E 30 30 2C 30 2E 30 2C 30 2E 30 30
14:55:21.918    ← RX  0x36 46  hwid=5047 seq=14931
14:55:21.951    GPS → lat=36.058850 lon=-87.384200 alt=272.1m baro=0.0m sats=8 fix=True
14:55:32.089    ← RX  [RAW] 22 69 30 47 50 53 3A 33 36 2E 30 35 38 38 35 30 2C 2D 38 37 2E 33 38 34 31 35 32 2C 32 36 36 2E 32 2C 37 2C 31 2C 30 2E 30 30 2C 30 2E 30 2C 30 2E 30 30
14:55:32.118    ← RX  0x36 46  hwid=5047 seq=14931
14:55:32.124    GPS → lat=36.058850 lon=-87.384152 alt=266.2m baro=0.0m sats=7 fix=True
14:55:42.265    ← RX  [RAW] 22 69 30 47 50 53 3A 33 36 2E 30 35 38 38 36 34 2C 2D 38 37 2E 33 38 34 30 37 30 2C 32 34 38 2E 34 2C 38 2C 31 2C 30 2E 30 30 2C 30 2E 30 2C 30 2E 30 30
14:55:42.269    ← RX  0x36 46  hwid=5047 seq=14931
14:55:42.283    GPS → lat=36.058864 lon=-87.384070 alt=248.4m baro=0.0m sats=8 fix=True
14:55:52.440    ← RX  [RAW] 22 69 30 47 50 53 3A 33 36 2E 30 35 38 38 38 34 2C 2D 38 37 2E 33 38 34 30 38 30 2C 32 34 39 2E 36 2C 39 2C 31 2C 30 2E 30 30 2C 30 2E 30 2C 30 2E 30 30
14:55:52.451    ← RX  0x36 46  hwid=5047 seq=14931
14:55:52.455    GPS → lat=36.058884 lon=-87.384080 alt=249.6m baro=0.0m sats=9 fix=True
14:56:02.615    ← RX  [RAW] 22 69 30 47 50 53 3A 33 36 2E 30 35 38 38 39 30 2C 2D 38 37 2E 33 38 34 30 39 30 2C 32 35 35 2E 36 2C 39 2C 31 2C 30 2E 30 30 2C 30 2E 30 2C 30 2E 30 30
14:56:02.619    ← RX  0x36 46  hwid=5047 seq=14931
14:56:02.634    GPS → lat=36.058890 lon=-87.384090 alt=255.6m baro=0.0m sats=9 fix=True
14:56:12.790    ← RX  [RAW] 22 69 30 47 50 53 3A 33 36 2E 30 35 38 38 39 36 2C 2D 38 37 2E 33 38 34 30 37 30 2C 32 35 34 2E 31 2C 39 2C 31 2C 30 2E 30 30 2C 30 2E 30 2C 30 2E 30 30
14:56:12.800    ← RX  0x36 46  hwid=5047 seq=14931
14:56:12.804    GPS → lat=36.058896 lon=-87.384070 alt=254.1m baro=0.0m sats=9 fix=True
14:56:22.965    ← RX  [RAW] 22 69 30 47 50 53 3A 33 36 2E 30 35 38 38 38 30 2C 2D 38 37 2E 33 38 34 30 39 30 2C 32 35 37 2E 31 2C 39 2C 31 2C 30 2E 30 30 2C 30 2E 30 2C 30 2E 30 30
14:56:22.970    ← RX  0x36 46  hwid=5047 seq=14931
14:56:23.001    GPS → lat=36.058880 lon=-87.384090 alt=257.1m baro=0.0m sats=9 fix=True
14:56:33.140    ← RX  [RAW] 22 69 30 47 50 53 3A 33 36 2E 30 35 38 38 38 34 2C 2D 38 37 2E 33 38 34 30 39 32 2C 32 35 37 2E 34 2C 39 2C 31 2C 30 2E 30 30 2C 30 2E 30 2C 30 2E 30 30
14:56:33.148    ← RX  0x36 46  hwid=5047 seq=14931
14:56:33.153    GPS → lat=36.058884 lon=-87.384092 alt=257.4m baro=0.0m sats=9 fix=True
14:56:43.364    ← RX  [RAW] 22 69 30 47 50 53 3A 33 36 2E 30 35 38 38 38 38 2C 2D 38 37 2E 33 38 34 31 30 30 2C 32 35 37 2E 37 2C 39 2C 31 2C 30 2E 30 30 2C 30 2E 30 2C 30 2E 30 30
14:56:43.368    ← RX  0x36 46  hwid=5047 seq=14931
14:56:43.384    GPS → lat=36.058888 lon=-87.384100 alt=257.7m baro=0.0m sats=9 fix=True
14:56:53.555    ← RX  [RAW] 22 69 30 47 50 53 3A 33 36 2E 30 35 38 38 39 30 2C 2D 38 37 2E 33 38 34 31 30 30 2C 32 35 38 2E 31 2C 39 2C 31 2C 30 2E 30 30 2C 30 2E 30 2C 30 2E 30 30
14:56:53.566    ← RX  0x36 46  hwid=5047 seq=14931
14:56:53.570    GPS → lat=36.058890 lon=-87.384100 alt=258.1m baro=0.0m sats=9 fix=True
14:57:03.714    ← RX  [RAW] 22 69 30 47 50 53 3A 33 36 2E 30 35 38 39 30 30 2C 2D 38 37 2E 33 38 34 31 30 30 2C 32 35 37 2E 36 2C 39 2C 31 2C 30 2E 30 30 2C 30 2E 30 2C 30 2E 30 30
14:57:03.720    ← RX  0x36 46  hwid=5047 seq=14931
14:57:03.742    GPS → lat=36.058900 lon=-87.384100 alt=257.6m baro=0.0m sats=9 fix=True
14:57:13.890    ← RX  [RAW] 22 69 30 47 50 53 3A 33 36 2E 30 35 38 39 31 36 2C 2D 38 37 2E 33 38 34 31 31 30 2C 32 35 39 2E 31 2C 39 2C 31 2C 30 2E 30 30 2C 30 2E 30 2C 30 2E 30 30
14:57:13.900    ← RX  0x36 46  hwid=5047 seq=14931
14:57:13.904    GPS → lat=36.058916 lon=-87.384110 alt=259.1m baro=0.0m sats=9 fix=True
14:57:24.113    ← RX  [RAW] 22 69 30 47 50 53 3A 33 36 2E 30 35 38 39 31 30 2C 2D 38 37 2E 33 38 34 31 30 30 2C 32 35 37 2E 35 2C 39 2C 31 2C 30 2E 30 30 2C 30 2E 30 2C 30 2E 30 30
14:57:24.117    ← RX  0x36 46  hwid=5047 seq=14931
14:57:24.134    GPS → lat=36.058910 lon=-87.384100 alt=257.5m baro=0.0m sats=9 fix=True
14:57:34.288    ← RX  [RAW] 22 69 30 47 50 53 3A 33 36 2E 30 35 38 39 31 30 2C 2D 38 37 2E 33 38 34 31 31 30 2C 32 35 38 2E 32 2C 39 2C 31 2C 30 2E 30 30 2C 30 2E 30 2C 30 2E 30 30
14:57:34.317    ← RX  0x36 46  hwid=5047 seq=14931
14:57:34.321    GPS → lat=36.058910 lon=-87.384110 alt=258.2m baro=0.0m sats=9 fix=True
14:57:44.447    ← RX  [RAW] 22 69 30 47 50 53 3A 33 36 2E 30 35 38 39 30 34 2C 2D 38 37 2E 33 38 34 31 31 30 2C 32 35 39 2E 31 2C 39 2C 31 2C 30 2E 30 30 2C 30 2E 30 2C 30 2E 30 30
14:57:44.452    ← RX  0x36 46  hwid=5047 seq=14931
14:57:44.482    GPS → lat=36.058904 lon=-87.384110 alt=259.1m baro=0.0m sats=9 fix=True
14:57:54.622    ← RX  [RAW] 22 69 30 47 50 53 3A 33 36 2E 30 35 38 38 39 30 2C 2D 38 37 2E 33 38 34 31 30 30 2C 32 36 30 2E 30 2C 39 2C 31 2C 30 2E 30 30 2C 30 2E 30 2C 30 2E 30 30
14:57:54.647    ← RX  0x36 46  hwid=5047 seq=14931
14:57:54.652    GPS → lat=36.058890 lon=-87.384100 alt=260.0m baro=0.0m sats=9 fix=True
14:58:04.814    ← RX  [RAW] 22 69 30 47 50 53 3A 33 36 2E 30 35 38 38 38 34 2C 2D 38 37 2E 33 38 34 30 39 30 2C 32 35 37 2E 34 2C 39 2C 31 2C 30 2E 30 30 2C 30 2E 30 2C 30 2E 30 30
14:58:04.818    ← RX  0x36 46  hwid=5047 seq=14931
14:58:04.832    GPS → lat=36.058884 lon=-87.384090 alt=257.4m baro=0.0m sats=9 fix=True
14:58:14.973    ← RX  [RAW] 22 69 30 47 50 53 3A 33 36 2E 30 35 38 38 37 36 2C 2D 38 37 2E 33 38 34 30 39 30 2C 32 35 37 2E 31 2C 39 2C 31 2C 30 2E 30 30 2C 30 2E 30 2C 30 2E 30 30
14:58:14.999    ← RX  0x36 46  hwid=5047 seq=14931
14:58:15.003    GPS → lat=36.058876 lon=-87.384090 alt=257.1m baro=0.0m sats=9 fix=True
14:58:25.212    ← RX  [RAW] 22 69 30 47 50 53 3A 33 36 2E 30 35 38 38 38 34 2C 2D 38 37 2E 33 38 34 30 37 30 2C 32 35 33 2E 31 2C 39 2C 31 2C 30 2E 30 30 2C 30 2E 30 2C 30 2E 30 30
14:58:25.221    ← RX  0x36 46  hwid=5047 seq=14931
14:58:25.230    GPS → lat=36.058884 lon=-87.384070 alt=253.1m baro=0.0m sats=9 fix=True
14:58:35.404    ← RX  [RAW] 22 69 30 47 50 53 3A 33 36 2E 30 35 38 38 38 30 2C 2D 38 37 2E 33 38 34 30 36 30 2C 32 35 32 2E 37 2C 39 2C 31 2C 30 2E 30 30 2C 30 2E 30 2C 30 2E 30 30
14:58:35.429    ← RX  0x36 46  hwid=5047 seq=14931
14:58:35.434    GPS → lat=36.058880 lon=-87.384060 alt=252.7m baro=0.0m sats=9 fix=True
14:58:45.579    ← RX  [RAW] 22 69 30 47 50 53 3A 33 36 2E 30 35 38 38 37 36 2C 2D 38 37 2E 33 38 34 30 37 30 2C 32 35 32 2E 35 2C 39 2C 31 2C 30 2E 30 30 2C 30 2E 30 2C 30 2E 30 30
14:58:45.583    ← RX  0x36 46  hwid=5047 seq=14931
14:58:45.595    GPS → lat=36.058876 lon=-87.384070 alt=252.5m baro=0.0m sats=9 fix=True
14:58:55.754    ← RX  [RAW] 22 69 30 47 50 53 3A 33 36 2E 30 35 38 38 38 34 2C 2D 38 37 2E 33 38 34 30 36 30 2C 32 35 31 2E 34 2C 39 2C 31 2C 30 2E 30 30 2C 30 2E 30 2C 30 2E 30 30
14:58:55.764    ← RX  0x36 46  hwid=5047 seq=14931
14:58:55.768    GPS → lat=36.058884 lon=-87.384060 alt=251.4m baro=0.0m sats=9 fix=True
14:59:05.913    ← RX  [RAW] 22 69 30 47 50 53 3A 33 36 2E 30 35 38 38 38 34 2C 2D 38 37 2E 33 38 34 30 35 36 2C 32 34 38 2E 39 2C 39 2C 31 2C 30 2E 30 30 2C 30 2E 30 2C 30 2E 30 30
14:59:05.918    ← RX  0x36 46  hwid=5047 seq=14931
14:59:05.954    GPS → lat=36.058884 lon=-87.384056 alt=248.9m baro=0.0m sats=9 fix=True
14:59:16.105    ← RX  [RAW] 22 69 30 47 50 53 3A 33 36 2E 30 35 38 38 38 30 2C 2D 38 37 2E 33 38 34 30 36 30 2C 32 34 38 2E 38 2C 39 2C 31 2C 30 2E 30 30 2C 30 2E 30 2C 30 2E 30 30
14:59:16.131    ← RX  0x36 46  hwid=5047 seq=14931
14:59:16.136    GPS → lat=36.058880 lon=-87.384060 alt=248.8m baro=0.0m sats=9 fix=True
14:59:26.288    ← RX  [RAW] 22 69 30 47 50 53 3A 33 36 2E 30 35 38 38 37 36 2C 2D 38 37 2E 33 38 34 30 36 30 2C 32 34 38 2E 30 2C 38 2C 31 2C 30 2E 30 30 2C 30 2E 30 2C 30 2E 30 30
14:59:26.292    ← RX  0x36 46  hwid=5047 seq=14931
14:59:26.313    GPS → lat=36.058876 lon=-87.384060 alt=248.0m baro=0.0m sats=8 fix=True
14:59:36.439    ← RX  [RAW] 22 69 30 47 50 53 3A 33 36 2E 30 35 38 38 37 36 2C 2D 38 37 2E 33 38 34 30 36 30 2C 32 34 37 2E 35 2C 38 2C 31 2C 30 2E 30 30 2C 30 2E 30 2C 30 2E 30 30
14:59:36.466    ← RX  0x36 46  hwid=5047 seq=14931
14:59:36.469    GPS → lat=36.058876 lon=-87.384060 alt=247.5m baro=0.0m sats=8 fix=True
14:59:46.614    ← RX  [RAW] 22 69 30 47 50 53 3A 33 36 2E 30 35 38 38 37 36 2C 2D 38 37 2E 33 38 34 30 35 36 2C 32 34 38 2E 32 2C 38 2C 31 2C 30 2E 30 30 2C 30 2E 30 2C 30 2E 30 30
14:59:46.623    ← RX  0x36 46  hwid=5047 seq=14931
14:59:46.647    GPS → lat=36.058876 lon=-87.384056 alt=248.2m baro=0.0m sats=8 fix=True
14:59:56.838    ← RX  [RAW] 22 69 30 47 50 53 3A 33 36 2E 30 35 38 38 38 30 2C 2D 38 37 2E 33 38 34 30 35 30 2C 32 34 39 2E 32 2C 38 2C 31 2C 30 2E 30 30 2C 30 2E 30 2C 30 2E 30 30
14:59:56.845    ← RX  0x36 46  hwid=5047 seq=14931
14:59:56.849    GPS → lat=36.058880 lon=-87.384050 alt=249.2m baro=0.0m sats=8 fix=True
15:00:07.077    ← RX  [RAW] 22 69 30 47 50 53 3A 33 36 2E 30 35 38 38 37 36 2C 2D 38 37 2E 33 38 34 30 35 30 2C 32 34 38 2E 37 2C 39 2C 31 2C 30 2E 30 30 2C 30 2E 30 2C 30 2E 30 30
15:00:07.081    ← RX  0x36 46  hwid=5047 seq=14931
15:00:07.097    GPS → lat=36.058876 lon=-87.384050 alt=248.7m baro=0.0m sats=9 fix=True
15:00:17.268    ← RX  [RAW] 22 69 30 47 50 53 3A 33 36 2E 30 35 38 38 37 30 2C 2D 38 37 2E 33 38 34 30 35 30 2C 32 34 37 2E 30 2C 39 2C 31 2C 30 2E 30 30 2C 30 2E 30 2C 30 2E 30 30
15:00:17.298    ← RX  0x36 46  hwid=5047 seq=14931
15:00:17.302    GPS → lat=36.058870 lon=-87.384050 alt=247.0m baro=0.0m sats=9 fix=True
15:00:27.459    ← RX  [RAW] 22 69 30 47 50 53 3A 33 36 2E 30 35 38 38 36 34 2C 2D 38 37 2E 33 38 34 30 35 30 2C 32 34 37 2E 31 2C 39 2C 31 2C 30 2E 30 30 2C 30 2E 30 2C 30 2E 30 30
15:00:27.468    ← RX  0x36 46  hwid=5047 seq=14931
15:00:27.494    GPS → lat=36.058864 lon=-87.384050 alt=247.1m baro=0.0m sats=9 fix=True
15:00:37.619    ← RX  [RAW] 22 69 30 47 50 53 3A 33 36 2E 30 35 38 38 35 36 2C 2D 38 37 2E 33 38 34 30 35 36 2C 32 34 36 2E 30 2C 39 2C 31 2C 30 2E 30 30 2C 30 2E 30 2C 30 2E 30 30
15:00:37.630    ← RX  0x36 46  hwid=5047 seq=14931
15:00:37.634    GPS → lat=36.058856 lon=-87.384056 alt=246.0m baro=0.0m sats=9 fix=True
15:00:47.794    ← RX  [RAW] 22 69 30 47 50 53 3A 33 36 2E 30 35 38 38 35 36 2C 2D 38 37 2E 33 38 34 30 35 36 2C 32 34 36 2E 30 2C 39 2C 31 2C 30 2E 30 30 2C 30 2E 30 2C 30 2E 30 30
15:00:47.798    ← RX  0x36 46  hwid=5047 seq=14931
15:00:47.819    GPS → lat=36.058856 lon=-87.384056 alt=246.0m baro=0.0m sats=9 fix=True
15:00:57.969    ← RX  [RAW] 22 69 30 47 50 53 3A 33 36 2E 30 35 38 38 35 36 2C 2D 38 37 2E 33 38 34 30 35 36 2C 32 34 36 2E 33 2C 39 2C 31 2C 30 2E 30 30 2C 30 2E 30 2C 30 2E 30 30
15:00:57.996    ← RX  0x36 46  hwid=5047 seq=14931
15:00:58.000    GPS → lat=36.058856 lon=-87.384056 alt=246.3m baro=0.0m sats=9 fix=True
15:01:08.160    ← RX  [RAW] 22 69 30 47 50 53 3A 33 36 2E 30 35 38 38 35 36 2C 2D 38 37 2E 33 38 34 30 35 36 2C 32 34 36 2E 39 2C 37 2C 31 2C 30 2E 30 30 2C 30 2E 30 2C 30 2E 30 30
15:01:08.165    ← RX  0x36 46  hwid=5047 seq=14931
15:01:08.179    GPS → lat=36.058856 lon=-87.384056 alt=246.9m baro=0.0m sats=7 fix=True
15:01:18.335    ← RX  [RAW] 22 69 30 47 50 53 3A 33 36 2E 30 35 38 38 36 34 2C 2D 38 37 2E 33 38 34 30 36 30 2C 32 34 38 2E 37 2C 39 2C 31 2C 30 2E 30 30 2C 30 2E 30 2C 30 2E 30 30
15:01:18.344    ← RX  0x36 46  hwid=5047 seq=14931
15:01:18.348    GPS → lat=36.058864 lon=-87.384060 alt=248.7m baro=0.0m sats=9 fix=True
15:01:28.495    ← RX  [RAW] 22 69 30 47 50 53 3A 33 36 2E 30 35 38 38 36 34 2C 2D 38 37 2E 33 38 34 30 36 30 2C 32 34 39 2E 38 2C 38 2C 31 2C 30 2E 30 30 2C 30 2E 30 2C 30 2E 30 30
15:01:28.499    ← RX  0x36 46  hwid=5047 seq=14931
15:01:28.529    GPS → lat=36.058864 lon=-87.384060 alt=249.8m baro=0.0m sats=8 fix=True
15:01:28.990    ← RX  [RAW] 22 69 1E 01 00 00 00 01 11 4F 70 65 6E 4C 53 54 20 42 4C 20 63 33 61 35 32 65 61 2D 64 69 72 74 79
15:01:29.011    ← RX  ascii 79  hwid=0001 seq=0
15:01:29.598    ← RX  [RAW] 22 69 1B 01 00 00 00 01 11 4F 70 65 6E 4C 53 54 20 31 64 33 61 62 65 33 2D 64 69 72 74 79
15:01:29.620    ← RX  ascii 79  hwid=0001 seq=0
15:01:38.670    ← RX  [RAW] 22 69 30 47 50 53 3A 33 36 2E 30 35 38 38 37 30 2C 2D 38 37 2E 33 38 34 30 35 36 2C 32 35 30 2E 39 2C 39 2C 31 2C 30 2E 30 30 2C 30 2E 30 2C 30 2E 30 30
15:01:38.680    ← RX  0x36 46  hwid=5047 seq=14931
15:01:38.686    GPS → lat=36.058870 lon=-87.384056 alt=250.9m baro=0.0m sats=9 fix=True
15:01:48.893    ← RX  [RAW] 22 69 30 47 50 53 3A 33 36 2E 30 35 38 38 37 30 2C 2D 38 37 2E 33 38 34 30 35 36 2C 32 35 31 2E 37 2C 38 2C 31 2C 30 2E 30 30 2C 30 2E 30 2C 30 2E 30 30
15:01:48.897    ← RX  0x36 46  hwid=5047 seq=14931
15:01:48.912    GPS → lat=36.058870 lon=-87.384056 alt=251.7m baro=0.0m sats=8 fix=True
15:01:59.084    ← RX  [RAW] 22 69 30 47 50 53 3A 33 36 2E 30 35 38 38 38 30 2C 2D 38 37 2E 33 38 34 30 35 36 2C 32 35 36 2E 30 2C 39 2C 31 2C 30 2E 30 30 2C 30 2E 30 2C 30 2E 30 30
15:01:59.095    ← RX  0x36 46  hwid=5047 seq=14931
15:01:59.099    GPS → lat=36.058880 lon=-87.384056 alt=256.0m baro=0.0m sats=9 fix=True
15:02:09.259    ← RX  [RAW] 22 69 30 47 50 53 3A 33 36 2E 30 35 38 38 39 30 2C 2D 38 37 2E 33 38 34 30 37 30 2C 32 36 31 2E 33 2C 39 2C 31 2C 30 2E 30 30 2C 30 2E 30 2C 30 2E 30 30
15:02:09.264    ← RX  0x36 46  hwid=5047 seq=14931
15:02:09.277    GPS → lat=36.058890 lon=-87.384070 alt=261.3m baro=0.0m sats=9 fix=True
15:02:19.483    ← RX  [RAW] 22 69 30 47 50 53 3A 33 36 2E 30 35 38 38 39 30 2C 2D 38 37 2E 33 38 34 30 37 30 2C 32 36 31 2E 35 2C 39 2C 31 2C 30 2E 30 30 2C 30 2E 30 2C 30 2E 30 30
15:02:19.510    ← RX  0x36 46  hwid=5047 seq=14931
15:02:19.514    GPS → lat=36.058890 lon=-87.384070 alt=261.5m baro=0.0m sats=9 fix=True
15:02:29.658    ← RX  [RAW] 22 69 30 47 50 53 3A 33 36 2E 30 35 38 38 38 38 2C 2D 38 37 2E 33 38 34 30 38 30 2C 32 36 31 2E 35 2C 38 2C 31 2C 30 2E 30 30 2C 30 2E 30 2C 30 2E 30 30
15:02:29.663    ← RX  0x36 46  hwid=5047 seq=14931
15:02:29.678    GPS → lat=36.058888 lon=-87.384080 alt=261.5m baro=0.0m sats=8 fix=True
15:02:39.833    ← RX  [RAW] 22 69 30 47 50 53 3A 33 36 2E 30 35 38 38 38 30 2C 2D 38 37 2E 33 38 34 30 37 30 2C 32 35 38 2E 35 2C 38 2C 31 2C 30 2E 30 30 2C 30 2E 30 2C 30 2E 30 30
15:02:39.845    ← RX  0x36 46  hwid=5047 seq=14931
15:02:39.849    GPS → lat=36.058880 lon=-87.384070 alt=258.5m baro=0.0m sats=8 fix=True
15:02:49.993    ← RX  [RAW] 22 69 30 47 50 53 3A 33 36 2E 30 35 38 38 37 32 2C 2D 38 37 2E 33 38 34 30 36 30 2C 32 35 34 2E 31 2C 38 2C 31 2C 30 2E 30 30 2C 30 2E 30 2C 30 2E 30 30
15:02:50.002    ← RX  0x36 46  hwid=5047 seq=14931
15:02:50.011    GPS → lat=36.058872 lon=-87.384060 alt=254.1m baro=0.0m sats=8 fix=True
15:03:00.184    ← RX  [RAW] 22 69 30 47 50 53 3A 33 36 2E 30 35 38 38 37 30 2C 2D 38 37 2E 33 38 34 30 35 36 2C 32 35 30 2E 39 2C 39 2C 31 2C 30 2E 30 30 2C 30 2E 30 2C 30 2E 30 30
15:03:00.195    ← RX  0x36 46  hwid=5047 seq=14931
15:03:00.201    GPS → lat=36.058870 lon=-87.384056 alt=250.9m baro=0.0m sats=9 fix=True
15:03:10.359    ← RX  [RAW] 22 69 30 47 50 53 3A 33 36 2E 30 35 38 38 37 30 2C 2D 38 37 2E 33 38 34 30 35 30 2C 32 34 39 2E 35 2C 39 2C 31 2C 30 2E 30 30 2C 30 2E 30 2C 30 2E 30 30
15:03:10.363    ← RX  0x36 46  hwid=5047 seq=14931
15:03:10.377    GPS → lat=36.058870 lon=-87.384050 alt=249.5m baro=0.0m sats=9 fix=True
15:03:20.518    ← RX  [RAW] 22 69 30 47 50 53 3A 33 36 2E 30 35 38 38 37 36 2C 2D 38 37 2E 33 38 34 30 35 36 2C 32 34 39 2E 38 2C 39 2C 31 2C 30 2E 30 30 2C 30 2E 30 2C 30 2E 30 30
15:03:20.527    ← RX  0x36 46  hwid=5047 seq=14931
15:03:20.531    GPS → lat=36.058876 lon=-87.384056 alt=249.8m baro=0.0m sats=9 fix=True
15:03:30.757    ← RX  [RAW] 22 69 30 47 50 53 3A 33 36 2E 30 35 38 38 38 30 2C 2D 38 37 2E 33 38 34 30 35 30 2C 32 35 30 2E 38 2C 39 2C 31 2C 30 2E 30 30 2C 30 2E 30 2C 30 2E 30 30
15:03:30.762    ← RX  0x36 46  hwid=5047 seq=14931
15:03:30.777    GPS → lat=36.058880 lon=-87.384050 alt=250.8m baro=0.0m sats=9 fix=True
15:03:40.965    ← RX  [RAW] 22 69 30 47 50 53 3A 33 36 2E 30 35 38 38 37 32 2C 2D 38 37 2E 33 38 34 30 35 36 2C 32 35 31 2E 32 2C 39 2C 31 2C 30 2E 30 30 2C 30 2E 30 2C 30 2E 30 30
15:03:40.977    ← RX  0x36 46  hwid=5047 seq=14931
15:03:40.982    GPS → lat=36.058872 lon=-87.384056 alt=251.2m baro=0.0m sats=9 fix=True
15:03:51.140    ← RX  [RAW] 22 69 30 47 50 53 3A 33 36 2E 30 35 38 38 36 34 2C 2D 38 37 2E 33 38 34 30 37 30 2C 32 35 32 2E 30 2C 39 2C 31 2C 30 2E 30 30 2C 30 2E 30 2C 30 2E 30 30
15:03:51.144    ← RX  0x36 46  hwid=5047 seq=14931
15:03:51.160    GPS → lat=36.058864 lon=-87.384070 alt=252.0m baro=0.0m sats=9 fix=True
15:04:01.299    ← RX  [RAW] 22 69 30 47 50 53 3A 33 36 2E 30 35 38 38 35 30 2C 2D 38 37 2E 33 38 34 30 39 30 2C 32 35 31 2E 31 2C 39 2C 31 2C 30 2E 30 30 2C 30 2E 30 2C 30 2E 30 30
15:04:01.326    ← RX  0x36 46  hwid=5047 seq=14931
15:04:01.331    GPS → lat=36.058850 lon=-87.384090 alt=251.1m baro=0.0m sats=9 fix=True
15:04:11.491    ← RX  [RAW] 22 69 30 47 50 53 3A 33 36 2E 30 35 38 38 34 34 2C 2D 38 37 2E 33 38 34 30 39 30 2C 32 35 31 2E 32 2C 39 2C 31 2C 30 2E 30 30 2C 30 2E 30 2C 30 2E 30 30
15:04:11.495    ← RX  0x36 46  hwid=5047 seq=14931
15:04:11.502    GPS → lat=36.058844 lon=-87.384090 alt=251.2m baro=0.0m sats=9 fix=True
15:04:21.666    ← RX  [RAW] 22 69 30 47 50 53 3A 33 36 2E 30 35 38 38 33 36 2C 2D 38 37 2E 33 38 34 30 39 30 2C 32 35 30 2E 39 2C 38 2C 31 2C 30 2E 30 30 2C 30 2E 30 2C 30 2E 30 30
15:04:21.708    ← RX  0x36 46  hwid=5047 seq=14931
15:04:21.712    GPS → lat=36.058836 lon=-87.384090 alt=250.9m baro=0.0m sats=8 fix=True
15:04:31.825    ← RX  [RAW] 22 69 30 47 50 53 3A 33 36 2E 30 35 38 38 33 36 2C 2D 38 37 2E 33 38 34 30 39 32 2C 32 35 32 2E 33 2C 39 2C 31 2C 30 2E 30 30 2C 30 2E 30 2C 30 2E 30 30
15:04:31.829    ← RX  0x36 46  hwid=5047 seq=14931
15:04:31.848    GPS → lat=36.058836 lon=-87.384092 alt=252.3m baro=0.0m sats=9 fix=True
15:04:42.000    ← RX  [RAW] 22 69 30 47 50 53 3A 33 36 2E 30 35 38 38 35 30 2C 2D 38 37 2E 33 38 34 30 38 30 2C 32 35 34 2E 31 2C 38 2C 31 2C 30 2E 30 30 2C 30 2E 30 2C 30 2E 30 30
15:04:42.031    ← RX  0x36 46  hwid=5047 seq=14931
15:04:42.036    GPS → lat=36.058850 lon=-87.384080 alt=254.1m baro=0.0m sats=8 fix=True
15:04:52.223    ← RX  [RAW] 22 69 30 47 50 53 3A 33 36 2E 30 35 38 38 31 36 2C 2D 38 37 2E 33 38 34 31 31 30 2C 32 34 38 2E 31 2C 39 2C 31 2C 30 2E 30 30 2C 30 2E 30 2C 30 2E 30 30
15:04:52.228    ← RX  0x36 46  hwid=5047 seq=14931
15:04:52.241    GPS → lat=36.058816 lon=-87.384110 alt=248.1m baro=0.0m sats=9 fix=True
15:05:02.399    ← RX  [RAW] 22 69 30 47 50 53 3A 33 36 2E 30 35 38 38 32 34 2C 2D 38 37 2E 33 38 34 31 30 30 2C 32 35 30 2E 30 2C 38 2C 31 2C 30 2E 30 30 2C 30 2E 30 2C 30 2E 30 30
15:05:02.428    ← RX  0x36 46  hwid=5047 seq=14931
15:05:02.432    GPS → lat=36.058824 lon=-87.384100 alt=250.0m baro=0.0m sats=8 fix=True
15:05:12.622    ← RX  [RAW] 22 69 30 47 50 53 3A 33 36 2E 30 35 38 38 33 36 2C 2D 38 37 2E 33 38 34 30 38 30 2C 32 34 38 2E 36 2C 38 2C 31 2C 30 2E 30 30 2C 30 2E 30 2C 30 2E 30 30
15:05:12.628    ← RX  0x36 46  hwid=5047 seq=14931
15:05:12.646    GPS → lat=36.058836 lon=-87.384080 alt=248.6m baro=0.0m sats=8 fix=True
15:05:22.829    ← RX  [RAW] 22 69 30 47 50 53 3A 33 36 2E 30 35 38 38 33 36 2C 2D 38 37 2E 33 38 34 30 36 30 2C 32 34 37 2E 30 2C 38 2C 31 2C 30 2E 30 30 2C 30 2E 30 2C 30 2E 30 30
15:05:22.854    ← RX  0x36 46  hwid=5047 seq=14931
15:05:22.859    GPS → lat=36.058836 lon=-87.384060 alt=247.0m baro=0.0m sats=8 fix=True
15:05:33.005    ← RX  [RAW] 22 69 30 47 50 53 3A 33 36 2E 30 35 38 38 34 30 2C 2D 38 37 2E 33 38 34 30 35 36 2C 32 34 37 2E 32 2C 39 2C 31 2C 30 2E 30 30 2C 30 2E 30 2C 30 2E 30 30
15:05:33.009    ← RX  0x36 46  hwid=5047 seq=14931
15:05:33.023    GPS → lat=36.058840 lon=-87.384056 alt=247.2m baro=0.0m sats=9 fix=True
15:05:43.180    ← RX  [RAW] 22 69 30 47 50 53 3A 33 36 2E 30 35 38 38 34 34 2C 2D 38 37 2E 33 38 34 30 35 36 2C 32 34 39 2E 33 2C 39 2C 31 2C 30 2E 30 30 2C 30 2E 30 2C 30 2E 30 30
15:05:43.212    ← RX  0x36 46  hwid=5047 seq=14931
15:05:43.216    GPS → lat=36.058844 lon=-87.384056 alt=249.3m baro=0.0m sats=9 fix=True
15:05:53.355    ← RX  [RAW] 22 69 30 47 50 53 3A 33 36 2E 30 35 38 38 35 30 2C 2D 38 37 2E 33 38 34 30 36 30 2C 32 35 30 2E 38 2C 39 2C 31 2C 30 2E 30 30 2C 30 2E 30 2C 30 2E 30 30
15:05:53.359    ← RX  0x36 46  hwid=5047 seq=14931
15:05:53.382    GPS → lat=36.058850 lon=-87.384060 alt=250.8m baro=0.0m sats=9 fix=True
15:06:03.530    ← RX  [RAW] 22 69 30 47 50 53 3A 33 36 2E 30 35 38 38 35 32 2C 2D 38 37 2E 33 38 34 30 36 30 2C 32 35 32 2E 36 2C 39 2C 31 2C 30 2E 30 30 2C 30 2E 30 2C 30 2E 30 30
15:06:03.562    ← RX  0x36 46  hwid=5047 seq=14931
15:06:03.566    GPS → lat=36.058852 lon=-87.384060 alt=252.6m baro=0.0m sats=9 fix=True
15:06:13.706    ← RX  [RAW] 22 69 30 47 50 53 3A 33 36 2E 30 35 38 38 34 30 2C 2D 38 37 2E 33 38 34 30 37 30 2C 32 35 32 2E 36 2C 39 2C 31 2C 30 2E 30 30 2C 30 2E 30 2C 30 2E 30 30
15:06:13.710    ← RX  0x36 46  hwid=5047 seq=14931
15:06:13.731    GPS → lat=36.058840 lon=-87.384070 alt=252.6m baro=0.0m sats=9 fix=True
15:06:23.881    ← RX  [RAW] 22 69 30 47 50 53 3A 33 36 2E 30 35 38 38 33 30 2C 2D 38 37 2E 33 38 34 30 38 30 2C 32 35 32 2E 32 2C 39 2C 31 2C 30 2E 30 30 2C 30 2E 30 2C 30 2E 30 30
15:06:23.894    ← RX  0x36 46  hwid=5047 seq=14931
15:06:23.898    GPS → lat=36.058830 lon=-87.384080 alt=252.2m baro=0.0m sats=9 fix=True
15:06:34.040    ← RX  [RAW] 22 69 30 47 50 53 3A 33 36 2E 30 35 38 38 32 38 2C 2D 38 37 2E 33 38 34 30 37 30 2C 32 35 32 2E 34 2C 39 2C 31 2C 30 2E 30 30 2C 30 2E 30 2C 30 2E 30 30
15:06:34.044    ← RX  0x36 46  hwid=5047 seq=14931
15:06:34.068    GPS → lat=36.058828 lon=-87.384070 alt=252.4m baro=0.0m sats=9 fix=True
15:06:44.231    ← RX  [RAW] 22 69 30 47 50 53 3A 33 36 2E 30 35 38 38 32 34 2C 2D 38 37 2E 33 38 34 30 38 30 2C 32 35 32 2E 30 2C 38 2C 31 2C 30 2E 30 30 2C 30 2E 30 2C 30 2E 30 30
15:06:44.254    ← RX  0x36 46  hwid=5047 seq=14931
15:06:44.258    GPS → lat=36.058824 lon=-87.384080 alt=252.0m baro=0.0m sats=8 fix=True
15:06:54.439    ← RX  [RAW] 22 69 30 47 50 53 3A 33 36 2E 30 35 38 38 32 38 2C 2D 38 37 2E 33 38 34 30 36 30 2C 32 35 30 2E 38 2C 38 2C 31 2C 30 2E 30 30 2C 30 2E 30 2C 30 2E 30 30
15:06:54.443    ← RX  0x36 46  hwid=5047 seq=14931
15:06:54.461    GPS → lat=36.058828 lon=-87.384060 alt=250.8m baro=0.0m sats=8 fix=True
15:07:04.630    ← RX  [RAW] 22 69 30 47 50 53 3A 33 36 2E 30 35 38 38 33 36 2C 2D 38 37 2E 33 38 34 30 36 30 2C 32 35 34 2E 36 2C 38 2C 31 2C 30 2E 30 30 2C 30 2E 30 2C 30 2E 30 30
15:07:04.665    ← RX  0x36 46  hwid=5047 seq=14931
15:07:04.669    GPS → lat=36.058836 lon=-87.384060 alt=254.6m baro=0.0m sats=8 fix=True
15:07:14.805    ← RX  [RAW] 22 69 30 47 50 53 3A 33 36 2E 30 35 38 38 34 34 2C 2D 38 37 2E 33 38 34 30 37 30 2C 32 35 37 2E 39 2C 39 2C 31 2C 30 2E 30 30 2C 30 2E 30 2C 30 2E 30 30
15:07:14.812    ← RX  0x36 46  hwid=5047 seq=14931
15:07:14.829    GPS → lat=36.058844 lon=-87.384070 alt=257.9m baro=0.0m sats=9 fix=True
15:07:25.028    ← RX  [RAW] 22 69 30 47 50 53 3A 33 36 2E 30 35 38 38 35 30 2C 2D 38 37 2E 33 38 34 30 38 30 2C 32 36 30 2E 39 2C 39 2C 31 2C 30 2E 30 30 2C 30 2E 30 2C 30 2E 30 30
15:07:25.059    ← RX  0x36 46  hwid=5047 seq=14931
15:07:25.063    GPS → lat=36.058850 lon=-87.384080 alt=260.9m baro=0.0m sats=9 fix=True
15:07:35.203    ← RX  [RAW] 22 69 30 47 50 53 3A 33 36 2E 30 35 38 38 34 30 2C 2D 38 37 2E 33 38 34 30 37 30 2C 32 35 39 2E 35 2C 38 2C 31 2C 30 2E 30 30 2C 30 2E 30 2C 30 2E 30 30
15:07:35.208    ← RX  0x36 46  hwid=5047 seq=14931
15:07:35.231    GPS → lat=36.058840 lon=-87.384070 alt=259.5m baro=0.0m sats=8 fix=True
15:07:45.379    ← RX  [RAW] 22 69 30 47 50 53 3A 33 36 2E 30 35 38 38 33 36 2C 2D 38 37 2E 33 38 34 30 36 30 2C 32 35 36 2E 37 2C 37 2C 31 2C 30 2E 30 30 2C 30 2E 30 2C 30 2E 30 30
15:07:45.403    ← RX  0x36 46  hwid=5047 seq=14931
15:07:45.407    GPS → lat=36.058836 lon=-87.384060 alt=256.7m baro=0.0m sats=7 fix=True
15:07:55.570    ← RX  [RAW] 22 69 30 47 50 53 3A 33 36 2E 30 35 38 38 33 36 2C 2D 38 37 2E 33 38 34 30 35 36 2C 32 35 35 2E 33 2C 38 2C 31 2C 30 2E 30 30 2C 30 2E 30 2C 30 2E 30 30
15:07:55.574    ← RX  0x36 46  hwid=5047 seq=14931
15:07:55.617    GPS → lat=36.058836 lon=-87.384056 alt=255.3m baro=0.0m sats=8 fix=True
15:08:05.729    ← RX  [RAW] 22 69 30 47 50 53 3A 33 36 2E 30 35 38 38 33 36 2C 2D 38 37 2E 33 38 34 30 35 36 2C 32 35 34 2E 31 2C 39 2C 31 2C 30 2E 30 30 2C 30 2E 30 2C 30 2E 30 30
15:08:05.739    ← RX  0x36 46  hwid=5047 seq=14931
15:08:05.744    GPS → lat=36.058836 lon=-87.384056 alt=254.1m baro=0.0m sats=9 fix=True
15:08:15.904    ← RX  [RAW] 22 69 30 47 50 53 3A 33 36 2E 30 35 38 38 33 36 2C 2D 38 37 2E 33 38 34 30 35 30 2C 32 35 33 2E 36 2C 39 2C 31 2C 30 2E 30 30 2C 30 2E 30 2C 30 2E 30 30
15:08:15.915    ← RX  0x36 46  hwid=5047 seq=14931
15:08:15.925    GPS → lat=36.058836 lon=-87.384050 alt=253.6m baro=0.0m sats=9 fix=True
15:08:26.079    ← RX  [RAW] 22 69 30 47 50 53 3A 33 36 2E 30 35 38 38 34 30 2C 2D 38 37 2E 33 38 34 30 35 36 2C 32 35 32 2E 37 2C 39 2C 31 2C 30 2E 30 30 2C 30 2E 30 2C 30 2E 30 30
15:08:26.100    ← RX  0x36 46  hwid=5047 seq=14931
15:08:26.104    GPS → lat=36.058840 lon=-87.384056 alt=252.7m baro=0.0m sats=9 fix=True
15:08:36.318    ← RX  [RAW] 22 69 30 47 50 53 3A 33 36 2E 30 35 38 38 34 34 2C 2D 38 37 2E 33 38 34 30 36 30 2C 32 35 31 2E 35 2C 39 2C 31 2C 30 2E 30 30 2C 30 2E 30 2C 30 2E 30 30
15:08:36.325    ← RX  0x36 46  hwid=5047 seq=14931
15:08:36.350    GPS → lat=36.058844 lon=-87.384060 alt=251.5m baro=0.0m sats=9 fix=True
15:08:46.510    ← RX  [RAW] 22 69 30 47 50 53 3A 33 36 2E 30 35 38 38 35 32 2C 2D 38 37 2E 33 38 34 30 35 36 2C 32 35 32 2E 34 2C 38 2C 31 2C 30 2E 30 30 2C 30 2E 30 2C 30 2E 30 30
15:08:46.521    ← RX  0x36 46  hwid=5047 seq=14931
15:08:46.525    GPS → lat=36.058852 lon=-87.384056 alt=252.4m baro=0.0m sats=8 fix=True
15:08:56.685    ← RX  [RAW] 22 69 30 47 50 53 3A 33 36 2E 30 35 38 38 37 32 2C 2D 38 37 2E 33 38 34 30 36 30 2C 32 36 30 2E 39 2C 39 2C 31 2C 30 2E 30 30 2C 30 2E 30 2C 30 2E 30 30
15:08:56.689    ← RX  0x36 46  hwid=5047 seq=14931
15:08:56.699    GPS → lat=36.058872 lon=-87.384060 alt=260.9m baro=0.0m sats=9 fix=True
15:09:06.860    ← RX  [RAW] 22 69 30 47 50 53 3A 33 36 2E 30 35 38 38 36 34 2C 2D 38 37 2E 33 38 34 30 37 30 2C 32 35 38 2E 38 2C 39 2C 31 2C 30 2E 30 30 2C 30 2E 30 2C 30 2E 30 30
15:09:06.882    ← RX  0x36 46  hwid=5047 seq=14931
15:09:06.887    GPS → lat=36.058864 lon=-87.384070 alt=258.8m baro=0.0m sats=9 fix=True
15:09:17.035    ← RX  [RAW] 22 69 30 47 50 53 3A 33 36 2E 30 35 38 38 36 30 2C 2D 38 37 2E 33 38 34 30 36 30 2C 32 35 36 2E 36 2C 39 2C 31 2C 30 2E 30 30 2C 30 2E 30 2C 30 2E 30 30
15:09:17.040    ← RX  0x36 46  hwid=5047 seq=14931
15:09:17.050    GPS → lat=36.058860 lon=-87.384060 alt=256.6m baro=0.0m sats=9 fix=True
15:09:27.211    ← RX  [RAW] 22 69 30 47 50 53 3A 33 36 2E 30 35 38 38 36 34 2C 2D 38 37 2E 33 38 34 30 36 30 2C 32 35 33 2E 33 2C 38 2C 31 2C 30 2E 30 30 2C 30 2E 30 2C 30 2E 30 30
15:09:27.222    ← RX  0x36 46  hwid=5047 seq=14931
15:09:27.226    GPS → lat=36.058864 lon=-87.384060 alt=253.3m baro=0.0m sats=8 fix=True
15:09:37.370    ← RX  [RAW] 22 69 30 47 50 53 3A 33 36 2E 30 35 38 38 36 30 2C 2D 38 37 2E 33 38 34 30 36 30 2C 32 35 31 2E 38 2C 38 2C 31 2C 30 2E 30 30 2C 30 2E 30 2C 30 2E 30 30
15:09:37.374    ← RX  0x36 46  hwid=5047 seq=14931
15:09:37.406    GPS → lat=36.058860 lon=-87.384060 alt=251.8m baro=0.0m sats=8 fix=True
15:09:47.545    ← RX  [RAW] 22 69 30 47 50 53 3A 33 36 2E 30 35 38 38 36 30 2C 2D 38 37 2E 33 38 34 30 36 30 2C 32 35 31 2E 38 2C 38 2C 31 2C 30 2E 30 30 2C 30 2E 30 2C 30 2E 30 30
15:09:47.565    ← RX  0x36 46  hwid=5047 seq=14931
15:09:47.571    GPS → lat=36.058860 lon=-87.384060 alt=251.8m baro=0.0m sats=8 fix=True
15:09:57.769    ← RX  [RAW] 22 69 30 47 50 53 3A 33 36 2E 30 35 38 38 36 30 2C 2D 38 37 2E 33 38 34 30 36 30 2C 32 35 33 2E 30 2C 38 2C 31 2C 30 2E 30 30 2C 30 2E 30 2C 30 2E 30 30
15:09:57.778    ← RX  0x36 46  hwid=5047 seq=14931
15:09:57.810    GPS → lat=36.058860 lon=-87.384060 alt=253.0m baro=0.0m sats=8 fix=True
15:10:07.944    ← RX  [RAW] 22 69 30 47 50 53 3A 33 36 2E 30 35 38 38 36 34 2C 2D 38 37 2E 33 38 34 30 37 30 2C 32 35 36 2E 33 2C 38 2C 31 2C 30 2E 30 30 2C 30 2E 30 2C 30 2E 30 30
15:10:07.958    ← RX  0x36 46  hwid=5047 seq=14931
15:10:07.962    GPS → lat=36.058864 lon=-87.384070 alt=256.3m baro=0.0m sats=8 fix=True
15:10:18.167    ← RX  [RAW] 22 69 30 47 50 53 3A 33 36 2E 30 35 38 38 36 30 2C 2D 38 37 2E 33 38 34 30 38 30 2C 32 35 37 2E 32 2C 38 2C 31 2C 30 2E 30 30 2C 30 2E 30 2C 30 2E 30 30
15:10:18.171    ← RX  0x36 46  hwid=5047 seq=14931
15:10:18.192    GPS → lat=36.058860 lon=-87.384080 alt=257.2m baro=0.0m sats=8 fix=True
15:10:28.374    ← RX  [RAW] 22 69 30 47 50 53 3A 33 36 2E 30 35 38 38 36 30 2C 2D 38 37 2E 33 38 34 30 38 30 2C 32 35 36 2E 34 2C 38 2C 31 2C 30 2E 30 30 2C 30 2E 30 2C 30 2E 30 30
15:10:28.394    ← RX  0x36 46  hwid=5047 seq=14931
15:10:28.398    GPS → lat=36.058860 lon=-87.384080 alt=256.4m baro=0.0m sats=8 fix=True
15:10:38.549    ← RX  [RAW] 22 69 30 47 50 53 3A 33 36 2E 30 35 38 38 35 36 2C 2D 38 37 2E 33 38 34 30 37 30 2C 32 35 37 2E 38 2C 39 2C 31 2C 30 2E 30 30 2C 30 2E 30 2C 30 2E 30 30
15:10:38.554    ← RX  0x36 46  hwid=5047 seq=14931
15:10:38.565    GPS → lat=36.058856 lon=-87.384070 alt=257.8m baro=0.0m sats=9 fix=True
15:10:48.708    ← RX  [RAW] 22 69 30 47 50 53 3A 33 36 2E 30 35 38 38 35 30 2C 2D 38 37 2E 33 38 34 30 36 30 2C 32 35 37 2E 35 2C 38 2C 31 2C 30 2E 30 30 2C 30 2E 30 2C 30 2E 30 30
15:10:48.726    ← RX  0x36 46  hwid=5047 seq=14931
15:10:48.730    GPS → lat=36.058850 lon=-87.384060 alt=257.5m baro=0.0m sats=8 fix=True
15:10:58.884    ← RX  [RAW] 22 69 30 47 50 53 3A 33 36 2E 30 35 38 38 34 34 2C 2D 38 37 2E 33 38 34 30 36 30 2C 32 35 37 2E 34 2C 39 2C 31 2C 30 2E 30 30 2C 30 2E 30 2C 30 2E 30 30
15:10:58.891    ← RX  0x36 46  hwid=5047 seq=14931
15:10:58.914    GPS → lat=36.058844 lon=-87.384060 alt=257.4m baro=0.0m sats=9 fix=True
15:11:19.234    ← RX  [RAW] 22 69 30 47 50 53 3A 33 36 2E 30 35 38 38 34 34 2C 2D 38 37 2E 33 38 34 30 38 30 2C 32 36 33 2E 37 2C 39 2C 31 2C 30 2E 30 30 2C 30 2E 30 2C 30 2E 30 30
15:11:19.241    ← RX  0x36 46  hwid=5047 seq=14931
15:11:19.247    GPS → lat=36.058844 lon=-87.384080 alt=263.7m baro=0.0m sats=9 fix=True
15:11:29.410    ← RX  [RAW] 22 69 30 47 50 53 3A 33 36 2E 30 35 38 38 33 36 2C 2D 38 37 2E 33 38 34 30 36 30 2C 32 36 33 2E 37 2C 39 2C 31 2C 30 2E 30 30 2C 30 2E 30 2C 30 2E 30 30
15:11:29.414    ← RX  0x36 46  hwid=5047 seq=14931
15:11:29.426    GPS → lat=36.058836 lon=-87.384060 alt=263.7m baro=0.0m sats=9 fix=True
15:11:29.649    ← RX  [RAW] 22 69 1E 01 00 00 00 01 11 4F 70 65 6E 4C 53 54 20 42 4C 20 63 33 61 35 32 65 61 2D 64 69 72 74 79
15:11:29.657    ← RX  ascii 79  hwid=0001 seq=0
15:11:30.257    ← RX  [RAW] 22 69 1B 01 00 00 00 01 11 4F 70 65 6E 4C 53 54 20 31 64 33 61 62 65 33 2D 64 69 72 74 79
15:11:30.271    ← RX  ascii 79  hwid=0001 seq=0
15:11:39.584    ← RX  [RAW] 22 69 30 47 50 53 3A 33 36 2E 30 35 38 38 32 38 2C 2D 38 37 2E 33 38 34 30 35 36 2C 32 35 39 2E 33 2C 39 2C 31 2C 30 2E 30 30 2C 30 2E 30 2C 30 2E 30 30
15:11:39.598    ← RX  0x36 46  hwid=5047 seq=14931
15:11:39.603    GPS → lat=36.058828 lon=-87.384056 alt=259.3m baro=0.0m sats=9 fix=True
15:11:49.776    ← RX  [RAW] 22 69 30 47 50 53 3A 33 36 2E 30 35 38 38 32 38 2C 2D 38 37 2E 33 38 34 30 35 36 2C 32 35 39 2E 30 2C 39 2C 31 2C 30 2E 30 30 2C 30 2E 30 2C 30 2E 30 30
15:11:49.781    ← RX  0x36 46  hwid=5047 seq=14931
15:11:49.818    GPS → lat=36.058828 lon=-87.384056 alt=259.0m baro=0.0m sats=9 fix=True
15:11:59.999    ← RX  [RAW] 22 69 30 47 50 53 3A 33 36 2E 30 35 38 38 33 30 2C 2D 38 37 2E 33 38 34 30 37 30 2C 32 35 37 2E 30 2C 38 2C 31 2C 30 2E 30 30 2C 30 2E 30 2C 30 2E 30 30
15:12:00.023    ← RX  0x36 46  hwid=5047 seq=14931
15:12:00.027    GPS → lat=36.058830 lon=-87.384070 alt=257.0m baro=0.0m sats=8 fix=True
15:12:10.174    ← RX  [RAW] 22 69 30 47 50 53 3A 33 36 2E 30 35 38 38 33 30 2C 2D 38 37 2E 33 38 34 30 38 30 2C 32 35 34 2E 37 2C 39 2C 31 2C 30 2E 30 30 2C 30 2E 30 2C 30 2E 30 30
15:12:10.190    ← RX  0x36 46  hwid=5047 seq=14931
15:12:10.212    GPS → lat=36.058830 lon=-87.384080 alt=254.7m baro=0.0m sats=9 fix=True
15:12:20.414    ← RX  [RAW] 22 69 30 47 50 53 3A 33 36 2E 30 35 38 38 33 30 2C 2D 38 37 2E 33 38 34 30 37 30 2C 32 35 33 2E 37 2C 39 2C 31 2C 30 2E 30 30 2C 30 2E 30 2C 30 2E 30 30
15:12:20.438    ← RX  0x36 46  hwid=5047 seq=14931
15:12:20.444    GPS → lat=36.058830 lon=-87.384070 alt=253.7m baro=0.0m sats=9 fix=True
15:12:30.573    ← RX  [RAW] 22 69 30 47 50 53 3A 33 36 2E 30 35 38 38 33 30 2C 2D 38 37 2E 33 38 34 30 36 30 2C 32 35 32 2E 36 2C 39 2C 31 2C 30 2E 30 30 2C 30 2E 30 2C 30 2E 30 30
15:12:30.577    ← RX  0x36 46  hwid=5047 seq=14931
15:12:30.600    GPS → lat=36.058830 lon=-87.384060 alt=252.6m baro=0.0m sats=9 fix=True
15:12:40.748    ← RX  [RAW] 22 69 30 47 50 53 3A 33 36 2E 30 35 38 38 33 36 2C 2D 38 37 2E 33 38 34 30 35 36 2C 32 35 32 2E 39 2C 39 2C 31 2C 30 2E 30 30 2C 30 2E 30 2C 30 2E 30 30
15:12:40.780    ← RX  0x36 46  hwid=5047 seq=14931
15:12:40.784    GPS → lat=36.058836 lon=-87.384056 alt=252.9m baro=0.0m sats=9 fix=True
15:12:50.923    ← RX  [RAW] 22 69 30 47 50 53 3A 33 36 2E 30 35 38 38 33 36 2C 2D 38 37 2E 33 38 34 30 35 30 2C 32 35 35 2E 31 2C 39 2C 31 2C 30 2E 30 30 2C 30 2E 30 2C 30 2E 30 30
15:12:50.928    ← RX  0x36 46  hwid=5047 seq=14931
15:12:50.951    GPS → lat=36.058836 lon=-87.384050 alt=255.1m baro=0.0m sats=9 fix=True
15:13:01.098    ← RX  [RAW] 22 69 30 47 50 53 3A 33 36 2E 30 35 38 38 33 36 2C 2D 38 37 2E 33 38 34 30 34 30 2C 32 35 34 2E 35 2C 39 2C 31 2C 30 2E 30 30 2C 30 2E 30 2C 30 2E 30 30
15:13:01.111    ← RX  0x36 46  hwid=5047 seq=14931
15:13:01.115    GPS → lat=36.058836 lon=-87.384040 alt=254.5m baro=0.0m sats=9 fix=True
15:13:11.273    ← RX  [RAW] 22 69 30 47 50 53 3A 33 36 2E 30 35 38 38 32 38 2C 2D 38 37 2E 33 38 34 30 33 30 2C 32 35 32 2E 35 2C 39 2C 31 2C 30 2E 30 30 2C 30 2E 30 2C 30 2E 30 30
15:13:11.283    ← RX  0x36 46  hwid=5047 seq=14931
15:13:11.310    GPS → lat=36.058828 lon=-87.384030 alt=252.5m baro=0.0m sats=9 fix=True
15:13:21.449    ← RX  [RAW] 22 69 30 47 50 53 3A 33 36 2E 30 35 38 38 32 38 2C 2D 38 37 2E 33 38 34 30 33 30 2C 32 35 32 2E 31 2C 39 2C 31 2C 30 2E 30 30 2C 30 2E 30 2C 30 2E 30 30
15:13:21.463    ← RX  0x36 46  hwid=5047 seq=14931
15:13:21.468    GPS → lat=36.058828 lon=-87.384030 alt=252.1m baro=0.0m sats=9 fix=True
15:13:31.623    ← RX  [RAW] 22 69 30 47 50 53 3A 33 36 2E 30 35 38 38 33 36 2C 2D 38 37 2E 33 38 34 30 33 30 2C 32 34 38 2E 37 2C 39 2C 31 2C 30 2E 30 30 2C 30 2E 30 2C 30 2E 30 30
15:13:31.628    ← RX  0x36 46  hwid=5047 seq=14931
15:13:31.655    GPS → lat=36.058836 lon=-87.384030 alt=248.7m baro=0.0m sats=9 fix=True
15:13:41.863    ← RX  [RAW] 22 69 30 47 50 53 3A 33 36 2E 30 35 38 38 33 36 2C 2D 38 37 2E 33 38 34 30 33 30 2C 32 34 38 2E 30 2C 38 2C 31 2C 30 2E 30 30 2C 30 2E 30 2C 30 2E 30 30
15:13:41.897    ← RX  0x36 46  hwid=5047 seq=14931
15:13:41.903    GPS → lat=36.058836 lon=-87.384030 alt=248.0m baro=0.0m sats=8 fix=True
15:13:52.054    ← RX  [RAW] 22 69 30 47 50 53 3A 33 36 2E 30 35 38 38 35 30 2C 2D 38 37 2E 33 38 34 30 35 30 2C 32 34 37 2E 34 2C 39 2C 31 2C 30 2E 30 30 2C 30 2E 30 2C 30 2E 30 30
15:13:52.059    ← RX  0x36 46  hwid=5047 seq=14931
15:13:52.076    GPS → lat=36.058850 lon=-87.384050 alt=247.4m baro=0.0m sats=9 fix=True
15:14:02.213    ← RX  [RAW] 22 69 30 47 50 53 3A 33 36 2E 30 35 38 38 35 30 2C 2D 38 37 2E 33 38 34 30 34 30 2C 32 34 38 2E 32 2C 39 2C 31 2C 30 2E 30 30 2C 30 2E 30 2C 30 2E 30 30
15:14:02.221    ← RX  0x36 46  hwid=5047 seq=14931
15:14:02.226    GPS → lat=36.058850 lon=-87.384040 alt=248.2m baro=0.0m sats=9 fix=True
15:14:12.404    ← RX  [RAW] 22 69 30 47 50 53 3A 33 36 2E 30 35 38 38 34 34 2C 2D 38 37 2E 33 38 34 30 34 30 2C 32 34 37 2E 37 2C 38 2C 31 2C 30 2E 30 30 2C 30 2E 30 2C 30 2E 30 30
15:14:12.409    ← RX  0x36 46  hwid=5047 seq=14931
15:14:12.430    GPS → lat=36.058844 lon=-87.384040 alt=247.7m baro=0.0m sats=8 fix=True
15:14:22.580    ← RX  [RAW] 22 69 30 47 50 53 3A 33 36 2E 30 35 38 38 34 34 2C 2D 38 37 2E 33 38 34 30 35 36 2C 32 34 38 2E 36 2C 39 2C 31 2C 30 2E 30 30 2C 30 2E 30 2C 30 2E 30 30
15:14:22.597    ← RX  0x36 46  hwid=5047 seq=14931
15:14:22.602    GPS → lat=36.058844 lon=-87.384056 alt=248.6m baro=0.0m sats=9 fix=True
15:14:32.755    ← RX  [RAW] 22 69 30 47 50 53 3A 33 36 2E 30 35 38 38 33 36 2C 2D 38 37 2E 33 38 34 30 35 36 2C 32 34 36 2E 37 2C 39 2C 31 2C 30 2E 30 30 2C 30 2E 30 2C 30 2E 30 30
15:14:32.760    ← RX  0x36 46  hwid=5047 seq=14931
15:14:32.772    GPS → lat=36.058836 lon=-87.384056 alt=246.7m baro=0.0m sats=9 fix=True
15:14:42.914    ← RX  [RAW] 22 69 30 47 50 53 3A 33 36 2E 30 35 38 38 32 34 2C 2D 38 37 2E 33 38 34 30 35 30 2C 32 34 34 2E 37 2C 39 2C 31 2C 30 2E 30 30 2C 30 2E 30 2C 30 2E 30 30
15:14:42.933    ← RX  0x36 46  hwid=5047 seq=14931
15:14:42.939    GPS → lat=36.058824 lon=-87.384050 alt=244.7m baro=0.0m sats=9 fix=True
15:14:53.153    ← RX  [RAW] 22 69 30 47 50 53 3A 33 36 2E 30 35 38 38 32 34 2C 2D 38 37 2E 33 38 34 30 35 36 2C 32 34 35 2E 31 2C 39 2C 31 2C 30 2E 30 30 2C 30 2E 30 2C 30 2E 30 30
15:14:53.158    ← RX  0x36 46  hwid=5047 seq=14931
15:14:53.186    GPS → lat=36.058824 lon=-87.384056 alt=245.1m baro=0.0m sats=9 fix=True
15:15:03.328    ← RX  [RAW] 22 69 30 47 50 53 3A 33 36 2E 30 35 38 38 34 34 2C 2D 38 37 2E 33 38 34 30 37 30 2C 32 34 38 2E 34 2C 39 2C 31 2C 30 2E 30 30 2C 30 2E 30 2C 30 2E 30 30
15:15:03.348    ← RX  0x36 46  hwid=5047 seq=14931
15:15:03.352    GPS → lat=36.058844 lon=-87.384070 alt=248.4m baro=0.0m sats=9 fix=True
15:15:13.487    ← RX  [RAW] 22 69 30 47 50 53 3A 33 36 2E 30 35 38 38 33 36 2C 2D 38 37 2E 33 38 34 30 39 32 2C 32 34 39 2E 34 2C 38 2C 31 2C 30 2E 30 30 2C 30 2E 30 2C 30 2E 30 30
15:15:13.493    ← RX  0x36 46  hwid=5047 seq=14931
15:15:13.505    GPS → lat=36.058836 lon=-87.384092 alt=249.4m baro=0.0m sats=8 fix=True
15:15:23.727    ← RX  [RAW] 22 69 30 47 50 53 3A 33 36 2E 30 35 38 38 32 30 2C 2D 38 37 2E 33 38 34 30 39 32 2C 32 34 37 2E 39 2C 38 2C 31 2C 30 2E 30 30 2C 30 2E 30 2C 30 2E 30 30
15:15:23.741    ← RX  0x36 46  hwid=5047 seq=14931
15:15:23.747    GPS → lat=36.058820 lon=-87.384092 alt=247.9m baro=0.0m sats=8 fix=True
15:15:33.934    ← RX  [RAW] 22 69 30 47 50 53 3A 33 36 2E 30 35 38 38 32 34 2C 2D 38 37 2E 33 38 34 30 39 32 2C 32 34 39 2E 30 2C 39 2C 31 2C 30 2E 30 30 2C 30 2E 30 2C 30 2E 30 30
15:15:33.946    ← RX  0x36 46  hwid=5047 seq=14931
15:15:33.966    GPS → lat=36.058824 lon=-87.384092 alt=249.0m baro=0.0m sats=9 fix=True
15:15:44.109    ← RX  [RAW] 22 69 30 47 50 53 3A 33 36 2E 30 35 38 38 32 30 2C 2D 38 37 2E 33 38 34 30 39 30 2C 32 34 37 2E 31 2C 38 2C 31 2C 30 2E 30 30 2C 30 2E 30 2C 30 2E 30 30
15:15:44.139    ← RX  0x36 46  hwid=5047 seq=14931
15:15:44.144    GPS → lat=36.058820 lon=-87.384090 alt=247.1m baro=0.0m sats=8 fix=True
15:15:54.284    ← RX  [RAW] 22 69 30 47 50 53 3A 33 36 2E 30 35 38 38 32 38 2C 2D 38 37 2E 33 38 34 31 30 30 2C 32 35 30 2E 31 2C 38 2C 31 2C 30 2E 30 30 2C 30 2E 30 2C 30 2E 30 30
15:15:54.288    ← RX  0x36 46  hwid=5047 seq=14931
15:15:54.298    GPS → lat=36.058828 lon=-87.384100 alt=250.1m baro=0.0m sats=8 fix=True
15:16:04.475    ← RX  [RAW] 22 69 30 47 50 53 3A 33 36 2E 30 35 38 38 35 30 2C 2D 38 37 2E 33 38 34 31 32 30 2C 32 35 35 2E 35 2C 38 2C 31 2C 30 2E 30 30 2C 30 2E 30 2C 30 2E 30 30
15:16:04.490    ← RX  0x36 46  hwid=5047 seq=14931
15:16:04.494    GPS → lat=36.058850 lon=-87.384120 alt=255.5m baro=0.0m sats=8 fix=True
15:16:14.635    ← RX  [RAW] 22 69 30 47 50 53 3A 33 36 2E 30 35 38 38 36 30 2C 2D 38 37 2E 33 38 34 31 31 30 2C 32 35 37 2E 34 2C 38 2C 31 2C 30 2E 30 30 2C 30 2E 30 2C 30 2E 30 30
15:16:14.647    ← RX  0x36 46  hwid=5047 seq=14931
15:16:14.666    GPS → lat=36.058860 lon=-87.384110 alt=257.4m baro=0.0m sats=8 fix=True
15:16:24.810    ← RX  [RAW] 22 69 30 47 50 53 3A 33 36 2E 30 35 38 38 36 30 2C 2D 38 37 2E 33 38 34 31 30 30 2C 32 35 37 2E 33 2C 38 2C 31 2C 30 2E 30 30 2C 30 2E 30 2C 30 2E 30 30
15:16:24.820    ← RX  0x36 46  hwid=5047 seq=14931
15:16:24.824    GPS → lat=36.058860 lon=-87.384100 alt=257.3m baro=0.0m sats=8 fix=True
15:16:34.985    ← RX  [RAW] 22 69 30 47 50 53 3A 33 36 2E 30 35 38 38 34 34 2C 2D 38 37 2E 33 38 34 31 35 30 2C 32 35 39 2E 34 2C 38 2C 31 2C 30 2E 30 30 2C 30 2E 30 2C 30 2E 30 30
15:16:34.989    ← RX  0x36 46  hwid=5047 seq=14931
15:16:35.007    GPS → lat=36.058844 lon=-87.384150 alt=259.4m baro=0.0m sats=8 fix=True
15:16:45.176    ← RX  [RAW] 22 69 30 47 50 53 3A 33 36 2E 30 35 38 38 33 36 2C 2D 38 37 2E 33 38 34 31 35 32 2C 32 36 31 2E 37 2C 39 2C 31 2C 30 2E 30 30 2C 30 2E 30 2C 30 2E 30 30
15:16:45.189    ← RX  0x36 46  hwid=5047 seq=14931
15:16:45.194    GPS → lat=36.058836 lon=-87.384152 alt=261.7m baro=0.0m sats=9 fix=True
15:16:55.336    ← RX  [RAW] 22 69 30 47 50 53 3A 33 36 2E 30 35 38 38 33 36 2C 2D 38 37 2E 33 38 34 31 35 30 2C 32 36 30 2E 34 2C 37 2C 31 2C 30 2E 30 30 2C 30 2E 30 2C 30 2E 30 30
15:16:55.340    ← RX  0x36 46  hwid=5047 seq=14931
15:16:55.364    GPS → lat=36.058836 lon=-87.384150 alt=260.4m baro=0.0m sats=7 fix=True
15:17:05.559    ← RX  [RAW] 22 69 30 47 50 53 3A 33 36 2E 30 35 38 38 33 30 2C 2D 38 37 2E 33 38 34 31 33 30 2C 32 35 38 2E 35 2C 39 2C 31 2C 30 2E 30 30 2C 30 2E 30 2C 30 2E 30 30
15:17:05.581    ← RX  0x36 46  hwid=5047 seq=14931
15:17:05.586    GPS → lat=36.058830 lon=-87.384130 alt=258.5m baro=0.0m sats=9 fix=True
15:17:15.750    ← RX  [RAW] 22 69 30 47 50 53 3A 33 36 2E 30 35 38 38 33 30 2C 2D 38 37 2E 33 38 34 31 31 30 2C 32 35 35 2E 39 2C 39 2C 31 2C 30 2E 30 30 2C 30 2E 30 2C 30 2E 30 30
15:17:15.755    ← RX  0x36 46  hwid=5047 seq=14931
15:17:15.779    GPS → lat=36.058830 lon=-87.384110 alt=255.9m baro=0.0m sats=9 fix=True
15:17:25.973    ← RX  [RAW] 22 69 30 47 50 53 3A 33 36 2E 30 35 38 38 33 30 2C 2D 38 37 2E 33 38 34 30 39 32 2C 32 35 31 2E 35 2C 37 2C 31 2C 30 2E 30 30 2C 30 2E 30 2C 30 2E 30 30
15:17:25.998    ← RX  0x36 46  hwid=5047 seq=14931
15:17:26.002    GPS → lat=36.058830 lon=-87.384092 alt=251.5m baro=0.0m sats=7 fix=True
15:17:36.148    ← RX  [RAW] 22 69 30 47 50 53 3A 33 36 2E 30 35 38 38 34 34 2C 2D 38 37 2E 33 38 34 30 39 30 2C 32 35 30 2E 34 2C 38 2C 31 2C 30 2E 30 30 2C 30 2E 30 2C 30 2E 30 30
15:17:36.153    ← RX  0x36 46  hwid=5047 seq=14931
15:17:36.173    GPS → lat=36.058844 lon=-87.384090 alt=250.4m baro=0.0m sats=8 fix=True
15:17:46.324    ← RX  [RAW] 22 69 30 47 50 53 3A 33 36 2E 30 35 38 38 37 36 2C 2D 38 37 2E 33 38 34 31 31 30 2C 32 35 36 2E 38 2C 38 2C 31 2C 30 2E 30 30 2C 30 2E 30 2C 30 2E 30 30
15:17:46.333    ← RX  0x36 46  hwid=5047 seq=14931
15:17:46.337    GPS → lat=36.058876 lon=-87.384110 alt=256.8m baro=0.0m sats=8 fix=True
15:17:56.499    ← RX  [RAW] 22 69 30 47 50 53 3A 33 36 2E 30 35 38 38 36 30 2C 2D 38 37 2E 33 38 34 30 39 32 2C 32 35 38 2E 30 2C 36 2C 31 2C 30 2E 30 30 2C 30 2E 30 2C 30 2E 30 30
15:17:56.504    ← RX  0x36 46  hwid=5047 seq=14931
15:17:56.530    GPS → lat=36.058860 lon=-87.384092 alt=258.0m baro=0.0m sats=6 fix=True
15:18:06.674    ← RX  [RAW] 22 69 30 47 50 53 3A 33 36 2E 30 35 38 38 34 34 2C 2D 38 37 2E 33 38 34 30 39 30 2C 32 35 38 2E 31 2C 37 2C 31 2C 30 2E 30 30 2C 30 2E 30 2C 30 2E 30 30
15:18:06.682    ← RX  0x36 46  hwid=5047 seq=14931
15:18:06.687    GPS → lat=36.058844 lon=-87.384090 alt=258.1m baro=0.0m sats=7 fix=True
15:18:16.849    ← RX  [RAW] 22 69 30 47 50 53 3A 33 36 2E 30 35 38 38 34 30 2C 2D 38 37 2E 33 38 34 30 35 30 2C 32 36 32 2E 38 2C 38 2C 31 2C 30 2E 30 30 2C 30 2E 30 2C 30 2E 30 30
15:18:16.854    ← RX  0x36 46  hwid=5047 seq=14931
15:18:16.874    GPS → lat=36.058840 lon=-87.384050 alt=262.8m baro=0.0m sats=8 fix=True
15:18:27.024    ← RX  [RAW] 22 69 30 47 50 53 3A 33 36 2E 30 35 38 38 34 34 2C 2D 38 37 2E 33 38 34 30 33 30 2C 32 36 34 2E 34 2C 38 2C 31 2C 30 2E 30 30 2C 30 2E 30 2C 30 2E 30 30
15:18:27.035    ← RX  0x36 46  hwid=5047 seq=14931
15:18:27.040    GPS → lat=36.058844 lon=-87.384030 alt=264.4m baro=0.0m sats=8 fix=True
15:18:37.215    ← RX  [RAW] 22 69 30 47 50 53 3A 33 36 2E 30 35 38 38 35 30 2C 2D 38 37 2E 33 38 34 30 32 34 2C 32 36 35 2E 33 2C 38 2C 31 2C 30 2E 30 30 2C 30 2E 30 2C 30 2E 30 30
15:18:37.220    ← RX  0x36 46  hwid=5047 seq=14931
15:18:37.240    GPS → lat=36.058850 lon=-87.384024 alt=265.3m baro=0.0m sats=8 fix=True
15:18:47.439    ← RX  [RAW] 22 69 30 47 50 53 3A 33 36 2E 30 35 38 38 35 32 2C 2D 38 37 2E 33 38 34 30 32 34 2C 32 36 35 2E 37 2C 38 2C 31 2C 30 2E 30 30 2C 30 2E 30 2C 30 2E 30 30
15:18:47.463    ← RX  0x36 46  hwid=5047 seq=14931
15:18:47.468    GPS → lat=36.058852 lon=-87.384024 alt=265.7m baro=0.0m sats=8 fix=True
15:18:57.630    ← RX  [RAW] 22 69 30 47 50 53 3A 33 36 2E 30 35 38 38 35 36 2C 2D 38 37 2E 33 38 34 30 34 30 2C 32 36 32 2E 33 2C 38 2C 31 2C 30 2E 30 30 2C 30 2E 30 2C 30 2E 30 30
15:18:57.635    ← RX  0x36 46  hwid=5047 seq=14931
15:18:57.654    GPS → lat=36.058856 lon=-87.384040 alt=262.3m baro=0.0m sats=8 fix=True
15:19:07.805    ← RX  [RAW] 22 69 30 47 50 53 3A 33 36 2E 30 35 38 38 36 34 2C 2D 38 37 2E 33 38 34 30 35 36 2C 32 36 31 2E 31 2C 38 2C 31 2C 30 2E 30 30 2C 30 2E 30 2C 30 2E 30 30
15:19:07.819    ← RX  0x36 46  hwid=5047 seq=14931
15:19:07.823    GPS → lat=36.058864 lon=-87.384056 alt=261.1m baro=0.0m sats=8 fix=True
15:19:17.996    ← RX  [RAW] 22 69 30 47 50 53 3A 33 36 2E 30 35 38 38 36 34 2C 2D 38 37 2E 33 38 34 30 39 30 2C 32 35 37 2E 31 2C 38 2C 31 2C 30 2E 30 30 2C 30 2E 30 2C 30 2E 30 30
15:19:18.001    ← RX  0x36 46  hwid=5047 seq=14931
15:19:18.018    GPS → lat=36.058864 lon=-87.384090 alt=257.1m baro=0.0m sats=8 fix=True
15:19:28.155    ← RX  [RAW] 22 69 30 47 50 53 3A 33 36 2E 30 35 38 38 36 30 2C 2D 38 37 2E 33 38 34 31 30 30 2C 32 35 34 2E 35 2C 37 2C 31 2C 30 2E 30 30 2C 30 2E 30 2C 30 2E 30 30
15:19:28.178    ← RX  0x36 46  hwid=5047 seq=14931
15:19:28.182    GPS → lat=36.058860 lon=-87.384100 alt=254.5m baro=0.0m sats=7 fix=True
15:19:38.330    ← RX  [RAW] 22 69 30 47 50 53 3A 33 36 2E 30 35 38 38 34 34 2C 2D 38 37 2E 33 38 34 31 31 30 2C 32 35 32 2E 32 2C 38 2C 31 2C 30 2E 30 30 2C 30 2E 30 2C 30 2E 30 30
15:19:38.335    ← RX  0x36 46  hwid=5047 seq=14931
15:19:38.345    GPS → lat=36.058844 lon=-87.384110 alt=252.2m baro=0.0m sats=8 fix=True
15:19:48.553    ← RX  [RAW] 22 69 30 47 50 53 3A 33 36 2E 30 35 38 38 37 30 2C 2D 38 37 2E 33 38 34 31 32 30 2C 32 35 34 2E 31 2C 38 2C 31 2C 30 2E 30 30 2C 30 2E 30 2C 30 2E 30 30
15:19:48.577    ← RX  0x36 46  hwid=5047 seq=14931
15:19:48.581    GPS → lat=36.058870 lon=-87.384120 alt=254.1m baro=0.0m sats=8 fix=True
15:19:58.729    ← RX  [RAW] 22 69 30 47 50 53 3A 33 36 2E 30 35 38 38 34 30 2C 2D 38 37 2E 33 38 34 30 39 32 2C 32 35 30 2E 37 2C 38 2C 31 2C 30 2E 30 30 2C 30 2E 30 2C 30 2E 30 30
15:19:58.733    ← RX  0x36 46  hwid=5047 seq=14931
15:19:58.756    GPS → lat=36.058840 lon=-87.384092 alt=250.7m baro=0.0m sats=8 fix=True
15:20:08.887    ← RX  [RAW] 22 69 30 47 50 53 3A 33 36 2E 30 35 38 38 33 36 2C 2D 38 37 2E 33 38 34 30 37 30 2C 32 35 32 2E 32 2C 38 2C 31 2C 30 2E 30 30 2C 30 2E 30 2C 30 2E 30 30
15:20:08.919    ← RX  0x36 46  hwid=5047 seq=14931
15:20:08.923    GPS → lat=36.058836 lon=-87.384070 alt=252.2m baro=0.0m sats=8 fix=True
15:20:19.063    ← RX  [RAW] 22 69 30 47 50 53 3A 33 36 2E 30 35 38 38 33 36 2C 2D 38 37 2E 33 38 34 30 36 30 2C 32 35 32 2E 33 2C 37 2C 31 2C 30 2E 30 30 2C 30 2E 30 2C 30 2E 30 30
15:20:19.068    ← RX  0x36 46  hwid=5047 seq=14931
15:20:19.091    GPS → lat=36.058836 lon=-87.384060 alt=252.3m baro=0.0m sats=7 fix=True
15:20:29.302    ← RX  [RAW] 22 69 30 47 50 53 3A 33 36 2E 30 35 38 38 34 30 2C 2D 38 37 2E 33 38 34 30 35 36 2C 32 35 33 2E 37 2C 37 2C 31 2C 30 2E 30 30 2C 30 2E 30 2C 30 2E 30 30
15:20:29.309    ← RX  0x36 46  hwid=5047 seq=14931
15:20:29.315    GPS → lat=36.058840 lon=-87.384056 alt=253.7m baro=0.0m sats=7 fix=True
15:20:39.493    ← RX  [RAW] 22 69 30 47 50 53 3A 33 36 2E 30 35 38 38 35 32 2C 2D 38 37 2E 33 38 34 30 35 36 2C 32 35 37 2E 32 2C 36 2C 31 2C 30 2E 30 30 2C 30 2E 30 2C 30 2E 30 30
15:20:39.498    ← RX  0x36 46  hwid=5047 seq=14931
15:20:39.526    GPS → lat=36.058852 lon=-87.384056 alt=257.2m baro=0.0m sats=6 fix=True
15:20:49.668    ← RX  [RAW] 22 69 30 47 50 53 3A 33 36 2E 30 35 38 38 36 30 2C 2D 38 37 2E 33 38 34 30 36 30 2C 32 36 31 2E 31 2C 36 2C 31 2C 30 2E 30 30 2C 30 2E 30 2C 30 2E 30 30
15:20:49.697    ← RX  0x36 46  hwid=5047 seq=14931
15:20:49.702    GPS → lat=36.058860 lon=-87.384060 alt=261.1m baro=0.0m sats=6 fix=True
15:20:59.844    ← RX  [RAW] 22 69 30 47 50 53 3A 33 36 2E 30 35 38 38 37 30 2C 2D 38 37 2E 33 38 34 30 36 30 2C 32 36 34 2E 31 2C 36 2C 31 2C 30 2E 30 30 2C 30 2E 30 2C 30 2E 30 30
15:20:59.849    ← RX  0x36 46  hwid=5047 seq=14931
15:20:59.860    GPS → lat=36.058870 lon=-87.384060 alt=264.1m baro=0.0m sats=6 fix=True
15:21:10.035    ← RX  [RAW] 22 69 30 47 50 53 3A 33 36 2E 30 35 38 38 36 34 2C 2D 38 37 2E 33 38 34 30 35 36 2C 32 36 37 2E 30 2C 36 2C 31 2C 30 2E 30 30 2C 30 2E 30 2C 30 2E 30 30
15:21:10.051    ← RX  0x36 46  hwid=5047 seq=14931
15:21:10.056    GPS → lat=36.058864 lon=-87.384056 alt=267.0m baro=0.0m sats=6 fix=True
15:21:20.194    ← RX  [RAW] 22 69 30 47 50 53 3A 33 36 2E 30 35 38 38 36 30 2C 2D 38 37 2E 33 38 34 30 35 36 2C 32 36 37 2E 32 2C 36 2C 31 2C 30 2E 30 30 2C 30 2E 30 2C 30 2E 30 30
15:21:20.199    ← RX  0x36 46  hwid=5047 seq=14931
15:21:20.210    GPS → lat=36.058860 lon=-87.384056 alt=267.2m baro=0.0m sats=6 fix=True
15:21:30.305    ← RX  [RAW] 22 69 1E 01 00 00 00 01 11 4F 70 65 6E 4C 53 54 20 42 4C 20 63 33 61 35 32 65 61 2D 64 69 72 74 79
15:21:30.333    ← RX  ascii 79  hwid=0001 seq=0
15:21:30.913    ← RX  [RAW] 22 69 1B 01 00 00 00 01 11 4F 70 65 6E 4C 53 54 20 31 64 33 61 62 65 33 2D 64 69 72 74 79
15:21:30.925    ← RX  ascii 79  hwid=0001 seq=0
15:21:40.544    ← RX  [RAW] 22 69 30 47 50 53 3A 33 36 2E 30 35 38 38 38 30 2C 2D 38 37 2E 33 38 34 30 37 30 2C 32 36 38 2E 31 2C 36 2C 31 2C 30 2E 30 30 2C 30 2E 30 2C 30 2E 30 30
15:21:40.571    ← RX  0x36 46  hwid=5047 seq=14931
15:21:40.575    GPS → lat=36.058880 lon=-87.384070 alt=268.1m baro=0.0m sats=6 fix=True
15:21:50.719    ← RX  [RAW] 22 69 30 47 50 53 3A 33 36 2E 30 35 38 38 37 32 2C 2D 38 37 2E 33 38 34 30 38 30 2C 32 36 34 2E 37 2C 37 2C 31 2C 30 2E 30 30 2C 30 2E 30 2C 30 2E 30 30
15:21:50.724    ← RX  0x36 46  hwid=5047 seq=14931
15:21:50.741    GPS → lat=36.058872 lon=-87.384080 alt=264.7m baro=0.0m sats=7 fix=True
15:22:00.895    ← RX  [RAW] 22 69 30 47 50 53 3A 33 36 2E 30 35 38 38 36 34 2C 2D 38 37 2E 33 38 34 30 39 30 2C 32 36 31 2E 32 2C 37 2C 31 2C 30 2E 30 30 2C 30 2E 30 2C 30 2E 30 30
15:22:00.912    ← RX  0x36 46  hwid=5047 seq=14931
15:22:00.916    GPS → lat=36.058864 lon=-87.384090 alt=261.2m baro=0.0m sats=7 fix=True
15:22:11.134    ← RX  [RAW] 22 69 30 47 50 53 3A 33 36 2E 30 35 38 38 36 30 2C 2D 38 37 2E 33 38 34 30 38 30 2C 32 35 36 2E 38 2C 37 2C 31 2C 30 2E 30 30 2C 30 2E 30 2C 30 2E 30 30
15:22:11.143    ← RX  0x36 46  hwid=5047 seq=14931
15:22:11.152    GPS → lat=36.058860 lon=-87.384080 alt=256.8m baro=0.0m sats=7 fix=True
15:22:21.373    ← RX  [RAW] 22 69 30 47 50 53 3A 33 36 2E 30 35 38 38 36 30 2C 2D 38 37 2E 33 38 34 30 37 30 2C 32 35 37 2E 34 2C 37 2C 31 2C 30 2E 30 30 2C 30 2E 30 2C 30 2E 30 30
15:22:21.397    ← RX  0x36 46  hwid=5047 seq=14931
15:22:21.401    GPS → lat=36.058860 lon=-87.384070 alt=257.4m baro=0.0m sats=7 fix=True
15:22:31.548    ← RX  [RAW] 22 69 30 47 50 53 3A 33 36 2E 30 35 38 38 37 32 2C 2D 38 37 2E 33 38 34 30 37 30 2C 32 36 32 2E 30 2C 37 2C 31 2C 30 2E 30 30 2C 30 2E 30 2C 30 2E 30 30
15:22:31.558    ← RX  0x36 46  hwid=5047 seq=14931
15:22:31.568    GPS → lat=36.058872 lon=-87.384070 alt=262.0m baro=0.0m sats=7 fix=True
15:22:41.708    ← RX  [RAW] 22 69 30 47 50 53 3A 33 36 2E 30 35 38 38 37 32 2C 2D 38 37 2E 33 38 34 30 37 30 2C 32 36 33 2E 38 2C 37 2C 31 2C 30 2E 30 30 2C 30 2E 30 2C 30 2E 30 30
15:22:41.733    ← RX  0x36 46  hwid=5047 seq=14931
15:22:41.738    GPS → lat=36.058872 lon=-87.384070 alt=263.8m baro=0.0m sats=7 fix=True
15:22:51.882    ← RX  [RAW] 22 69 30 47 50 53 3A 33 36 2E 30 35 38 38 37 30 2C 2D 38 37 2E 33 38 34 30 38 30 2C 32 36 33 2E 31 2C 36 2C 31 2C 30 2E 30 30 2C 30 2E 30 2C 30 2E 30 30
15:22:51.890    ← RX  0x36 46  hwid=5047 seq=14931
15:22:51.918    GPS → lat=36.058870 lon=-87.384080 alt=263.1m baro=0.0m sats=6 fix=True
15:23:02.074    ← RX  [RAW] 22 69 30 47 50 53 3A 33 36 2E 30 35 38 38 36 34 2C 2D 38 37 2E 33 38 34 30 39 30 2C 32 36 33 2E 38 2C 37 2C 31 2C 30 2E 30 30 2C 30 2E 30 2C 30 2E 30 30
15:23:02.104    ← RX  0x36 46  hwid=5047 seq=14931
15:23:02.109    GPS → lat=36.058864 lon=-87.384090 alt=263.8m baro=0.0m sats=7 fix=True
15:23:12.233    ← RX  [RAW] 22 69 30 47 50 53 3A 33 36 2E 30 35 38 38 35 32 2C 2D 38 37 2E 33 38 34 30 38 30 2C 32 36 31 2E 33 2C 37 2C 31 2C 30 2E 30 30 2C 30 2E 30 2C 30 2E 30 30
15:23:12.244    ← RX  0x36 46  hwid=5047 seq=14931
15:23:12.271    GPS → lat=36.058852 lon=-87.384080 alt=261.3m baro=0.0m sats=7 fix=True
15:23:22.408    ← RX  [RAW] 22 69 30 47 50 53 3A 33 36 2E 30 35 38 38 35 30 2C 2D 38 37 2E 33 38 34 30 37 30 2C 32 36 30 2E 34 2C 38 2C 31 2C 30 2E 30 30 2C 30 2E 30 2C 30 2E 30 30
15:23:22.443    ← RX  0x36 46  hwid=5047 seq=14931
15:23:22.449    GPS → lat=36.058850 lon=-87.384070 alt=260.4m baro=0.0m sats=8 fix=True
15:23:32.584    ← RX  [RAW] 22 69 30 47 50 53 3A 33 36 2E 30 35 38 38 33 36 2C 2D 38 37 2E 33 38 34 30 37 30 2C 32 35 34 2E 30 2C 38 2C 31 2C 30 2E 30 30 2C 30 2E 30 2C 30 2E 30 30
15:23:32.588    ← RX  0x36 46  hwid=5047 seq=14931
15:23:32.607    GPS → lat=36.058836 lon=-87.384070 alt=254.0m baro=0.0m sats=8 fix=True
15:23:42.759    ← RX  [RAW] 22 69 30 47 50 53 3A 33 36 2E 30 35 38 38 32 34 2C 2D 38 37 2E 33 38 34 30 37 30 2C 32 34 38 2E 33 2C 38 2C 31 2C 30 2E 30 30 2C 30 2E 30 2C 30 2E 30 30
15:23:42.770    ← RX  0x36 46  hwid=5047 seq=14931
15:23:42.775    GPS → lat=36.058824 lon=-87.384070 alt=248.3m baro=0.0m sats=8 fix=True
15:23:52.998    ← RX  [RAW] 22 69 30 47 50 53 3A 33 36 2E 30 35 38 38 33 30 2C 2D 38 37 2E 33 38 34 30 38 30 2C 32 35 30 2E 38 2C 38 2C 31 2C 30 2E 30 30 2C 30 2E 30 2C 30 2E 30 30
15:23:53.003    ← RX  0x36 46  hwid=5047 seq=14931
15:23:53.017    GPS → lat=36.058830 lon=-87.384080 alt=250.8m baro=0.0m sats=8 fix=True
15:24:03.189    ← RX  [RAW] 22 69 30 47 50 53 3A 33 36 2E 30 35 38 38 35 30 2C 2D 38 37 2E 33 38 34 30 39 30 2C 32 35 36 2E 30 2C 37 2C 31 2C 30 2E 30 30 2C 30 2E 30 2C 30 2E 30 30
15:24:03.207    ← RX  0x36 46  hwid=5047 seq=14931
15:24:03.211    GPS → lat=36.058850 lon=-87.384090 alt=256.0m baro=0.0m sats=7 fix=True
15:24:13.380    ← RX  [RAW] 22 69 30 47 50 53 3A 33 36 2E 30 35 38 38 36 34 2C 2D 38 37 2E 33 38 34 30 39 32 2C 32 36 30 2E 35 2C 38 2C 31 2C 30 2E 30 30 2C 30 2E 30 2C 30 2E 30 30
15:24:13.385    ← RX  0x36 46  hwid=5047 seq=14931
15:24:13.401    GPS → lat=36.058864 lon=-87.384092 alt=260.5m baro=0.0m sats=8 fix=True
15:24:23.540    ← RX  [RAW] 22 69 30 47 50 53 3A 33 36 2E 30 35 38 38 38 30 2C 2D 38 37 2E 33 38 34 31 30 30 2C 32 36 35 2E 33 2C 38 2C 31 2C 30 2E 30 30 2C 30 2E 30 2C 30 2E 30 30
15:24:23.573    ← RX  0x36 46  hwid=5047 seq=14931
15:24:23.577    GPS → lat=36.058880 lon=-87.384100 alt=265.3m baro=0.0m sats=8 fix=True
15:24:33.715    ← RX  [RAW] 22 69 30 47 50 53 3A 33 36 2E 30 35 38 39 30 38 2C 2D 38 37 2E 33 38 34 31 33 32 2C 32 37 32 2E 31 2C 37 2C 31 2C 30 2E 30 30 2C 30 2E 30 2C 30 2E 30 30
15:24:33.719    ← RX  0x36 46  hwid=5047 seq=14931
15:24:33.731    GPS → lat=36.058908 lon=-87.384132 alt=272.1m baro=0.0m sats=7 fix=True
15:24:43.890    ← RX  [RAW] 22 69 30 47 50 53 3A 33 36 2E 30 35 38 38 39 30 2C 2D 38 37 2E 33 38 34 31 33 32 2C 32 37 30 2E 34 2C 38 2C 31 2C 30 2E 30 30 2C 30 2E 30 2C 30 2E 30 30
15:24:43.921    ← RX  0x36 46  hwid=5047 seq=14931
15:24:43.925    GPS → lat=36.058890 lon=-87.384132 alt=270.4m baro=0.0m sats=8 fix=True
15:24:54.113    ← RX  [RAW] 22 69 30 47 50 53 3A 33 36 2E 30 35 38 38 38 30 2C 2D 38 37 2E 33 38 34 31 32 30 2C 32 36 38 2E 30 2C 38 2C 31 2C 30 2E 30 30 2C 30 2E 30 2C 30 2E 30 30
15:24:54.120    ← RX  0x36 46  hwid=5047 seq=14931
15:24:54.138    GPS → lat=36.058880 lon=-87.384120 alt=268.0m baro=0.0m sats=8 fix=True
15:25:04.288    ← RX  [RAW] 22 69 30 47 50 53 3A 33 36 2E 30 35 38 38 37 36 2C 2D 38 37 2E 33 38 34 30 39 30 2C 32 36 37 2E 34 2C 38 2C 31 2C 30 2E 30 30 2C 30 2E 30 2C 30 2E 30 30
15:25:04.304    ← RX  0x36 46  hwid=5047 seq=14931
15:25:04.309    GPS → lat=36.058876 lon=-87.384090 alt=267.4m baro=0.0m sats=8 fix=True
15:25:14.463    ← RX  [RAW] 22 69 30 47 50 53 3A 33 36 2E 30 35 38 38 38 30 2C 2D 38 37 2E 33 38 34 30 38 30 2C 32 36 38 2E 34 2C 38 2C 31 2C 30 2E 30 30 2C 30 2E 30 2C 30 2E 30 30
15:25:14.468    ← RX  0x36 46  hwid=5047 seq=14931
15:25:14.492    GPS → lat=36.058880 lon=-87.384080 alt=268.4m baro=0.0m sats=8 fix=True
15:25:24.622    ← RX  [RAW] 22 69 30 47 50 53 3A 33 36 2E 30 35 38 38 36 34 2C 2D 38 37 2E 33 38 34 30 39 30 2C 32 36 33 2E 31 2C 38 2C 31 2C 30 2E 30 30 2C 30 2E 30 2C 30 2E 30 30
15:25:24.650    ← RX  0x36 46  hwid=5047 seq=14931
15:25:24.654    GPS → lat=36.058864 lon=-87.384090 alt=263.1m baro=0.0m sats=8 fix=True
15:25:34.878    ← RX  [RAW] 22 69 30 47 50 53 3A 33 36 2E 30 35 38 38 38 30 2C 2D 38 37 2E 33 38 34 30 38 30 2C 32 36 35 2E 31 2C 38 2C 31 2C 30 2E 30 30 2C 30 2E 30 2C 30 2E 30 30
15:25:34.883    ← RX  0x36 46  hwid=5047 seq=14931
15:25:34.904    GPS → lat=36.058880 lon=-87.384080 alt=265.1m baro=0.0m sats=8 fix=True
15:25:45.068    ← RX  [RAW] 22 69 30 47 50 53 3A 33 36 2E 30 35 38 39 33 32 2C 2D 38 37 2E 33 38 34 30 38 30 2C 32 37 39 2E 39 2C 37 2C 31 2C 30 2E 30 30 2C 30 2E 30 2C 30 2E 30 30
15:25:45.083    ← RX  0x36 46  hwid=5047 seq=14931
15:25:45.088    GPS → lat=36.058932 lon=-87.384080 alt=279.9m baro=0.0m sats=7 fix=True
15:25:55.228    ← RX  [RAW] 22 69 30 47 50 53 3A 33 36 2E 30 35 38 39 32 34 2C 2D 38 37 2E 33 38 34 30 39 30 2C 32 37 37 2E 36 2C 37 2C 31 2C 30 2E 30 30 2C 30 2E 30 2C 30 2E 30 30
15:25:55.233    ← RX  0x36 46  hwid=5047 seq=14931
15:25:55.259    GPS → lat=36.058924 lon=-87.384090 alt=277.6m baro=0.0m sats=7 fix=True
15:26:05.419    ← RX  [RAW] 22 69 30 47 50 53 3A 33 36 2E 30 35 38 39 33 36 2C 2D 38 37 2E 33 38 34 30 39 32 2C 32 38 30 2E 39 2C 38 2C 31 2C 30 2E 30 30 2C 30 2E 30 2C 30 2E 30 30
15:26:05.445    ← RX  0x36 46  hwid=5047 seq=14931
15:26:05.449    GPS → lat=36.058936 lon=-87.384092 alt=280.9m baro=0.0m sats=8 fix=True
15:26:15.594    ← RX  [RAW] 22 69 30 47 50 53 3A 33 36 2E 30 35 38 39 36 30 2C 2D 38 37 2E 33 38 34 31 30 30 2C 32 38 38 2E 31 2C 36 2C 31 2C 30 2E 30 30 2C 30 2E 30 2C 30 2E 30 30
15:26:15.599    ← RX  0x36 46  hwid=5047 seq=14931
15:26:15.634    GPS → lat=36.058960 lon=-87.384100 alt=288.1m baro=0.0m sats=6 fix=True
15:26:25.753    ← RX  [RAW] 22 69 30 47 50 53 3A 33 36 2E 30 35 38 39 30 38 2C 2D 38 37 2E 33 38 34 30 39 32 2C 32 37 33 2E 31 2C 37 2C 31 2C 30 2E 30 30 2C 30 2E 30 2C 30 2E 30 30
15:26:25.769    ← RX  0x36 46  hwid=5047 seq=14931
15:26:25.774    GPS → lat=36.058908 lon=-87.384092 alt=273.1m baro=0.0m sats=7 fix=True
15:26:35.933    ← RX  [RAW] 22 69 30 47 50 53 3A 33 36 2E 30 35 38 38 39 30 2C 2D 38 37 2E 33 38 34 31 30 30 2C 32 36 39 2E 34 2C 38 2C 31 2C 30 2E 30 30 2C 30 2E 30 2C 30 2E 30 30
15:26:35.943    ← RX  0x36 46  hwid=5047 seq=14931
15:26:35.961    GPS → lat=36.058890 lon=-87.384100 alt=269.4m baro=0.0m sats=8 fix=True
15:26:46.104    ← RX  [RAW] 22 69 30 47 50 53 3A 33 36 2E 30 35 38 38 35 30 2C 2D 38 37 2E 33 38 34 30 39 32 2C 32 35 37 2E 35 2C 37 2C 31 2C 30 2E 30 30 2C 30 2E 30 2C 30 2E 30 30
15:26:46.113    ← RX  0x36 46  hwid=5047 seq=14931
15:26:46.117    GPS → lat=36.058850 lon=-87.384092 alt=257.5m baro=0.0m sats=7 fix=True
15:26:56.279    ← RX  [RAW] 22 69 30 47 50 53 3A 33 36 2E 30 35 38 38 34 34 2C 2D 38 37 2E 33 38 34 31 30 30 2C 32 35 37 2E 39 2C 37 2C 31 2C 30 2E 30 30 2C 30 2E 30 2C 30 2E 30 30
15:26:56.285    ← RX  0x36 46  hwid=5047 seq=14931
15:26:56.311    GPS → lat=36.058844 lon=-87.384100 alt=257.9m baro=0.0m sats=7 fix=True
15:27:06.455    ← RX  [RAW] 22 69 30 47 50 53 3A 33 36 2E 30 35 38 38 34 34 2C 2D 38 37 2E 33 38 34 31 32 30 2C 32 35 38 2E 36 2C 38 2C 31 2C 30 2E 30 30 2C 30 2E 30 2C 30 2E 30 30
15:27:06.484    ← RX  0x36 46  hwid=5047 seq=14931
15:27:06.488    GPS → lat=36.058844 lon=-87.384120 alt=258.6m baro=0.0m sats=8 fix=True
15:27:16.662    ← RX  [RAW] 22 69 30 47 50 53 3A 33 36 2E 30 35 38 38 35 30 2C 2D 38 37 2E 33 38 34 31 33 30 2C 32 35 39 2E 34 2C 38 2C 31 2C 30 2E 30 30 2C 30 2E 30 2C 30 2E 30 30
15:27:16.667    ← RX  0x36 46  hwid=5047 seq=14931
15:27:16.680    GPS → lat=36.058850 lon=-87.384130 alt=259.4m baro=0.0m sats=8 fix=True
15:27:26.917    ← RX  [RAW] 22 69 30 47 50 53 3A 33 36 2E 30 35 38 38 35 30 2C 2D 38 37 2E 33 38 34 31 35 30 2C 32 36 30 2E 38 2C 37 2C 31 2C 30 2E 30 30 2C 30 2E 30 2C 30 2E 30 30
15:27:26.940    ← RX  0x36 46  hwid=5047 seq=14931
15:27:26.946    GPS → lat=36.058850 lon=-87.384150 alt=260.8m baro=0.0m sats=7 fix=True
15:27:37.077    ← RX  [RAW] 22 69 30 47 50 53 3A 33 36 2E 30 35 38 38 35 30 2C 2D 38 37 2E 33 38 34 31 35 30 2C 32 36 31 2E 31 2C 38 2C 31 2C 30 2E 30 30 2C 30 2E 30 2C 30 2E 30 30
15:27:37.082    ← RX  0x36 46  hwid=5047 seq=14931
15:27:37.091    GPS → lat=36.058850 lon=-87.384150 alt=261.1m baro=0.0m sats=8 fix=True
15:27:47.252    ← RX  [RAW] 22 69 30 47 50 53 3A 33 36 2E 30 35 38 38 34 34 2C 2D 38 37 2E 33 38 34 31 35 32 2C 32 36 32 2E 34 2C 38 2C 31 2C 30 2E 30 30 2C 30 2E 30 2C 30 2E 30 30
15:27:47.276    ← RX  0x36 46  hwid=5047 seq=14931
15:27:47.281    GPS → lat=36.058844 lon=-87.384152 alt=262.4m baro=0.0m sats=8 fix=True
15:27:57.443    ← RX  [RAW] 22 69 30 47 50 53 3A 33 36 2E 30 35 38 38 34 30 2C 2D 38 37 2E 33 38 34 31 36 30 2C 32 36 32 2E 30 2C 38 2C 31 2C 30 2E 30 30 2C 30 2E 30 2C 30 2E 30 30
15:27:57.450    ← RX  0x36 46  hwid=5047 seq=14931
15:27:57.484    GPS → lat=36.058840 lon=-87.384160 alt=262.0m baro=0.0m sats=8 fix=True
15:28:07.602    ← RX  [RAW] 22 69 30 47 50 53 3A 33 36 2E 30 35 38 38 33 36 2C 2D 38 37 2E 33 38 34 31 37 30 2C 32 36 30 2E 36 2C 38 2C 31 2C 30 2E 30 30 2C 30 2E 30 2C 30 2E 30 30
15:28:07.611    ← RX  0x36 46  hwid=5047 seq=14931
15:28:07.617    GPS → lat=36.058836 lon=-87.384170 alt=260.6m baro=0.0m sats=8 fix=True
15:28:17.777    ← RX  [RAW] 22 69 30 47 50 53 3A 33 36 2E 30 35 38 38 34 30 2C 2D 38 37 2E 33 38 34 31 35 30 2C 32 36 30 2E 37 2C 38 2C 31 2C 30 2E 30 30 2C 30 2E 30 2C 30 2E 30 30
15:28:17.788    ← RX  0x36 46  hwid=5047 seq=14931
15:28:17.807    GPS → lat=36.058840 lon=-87.384150 alt=260.7m baro=0.0m sats=8 fix=True
15:28:27.953    ← RX  [RAW] 22 69 30 47 50 53 3A 33 36 2E 30 35 38 38 34 30 2C 2D 38 37 2E 33 38 34 31 35 30 2C 32 35 38 2E 34 2C 38 2C 31 2C 30 2E 30 30 2C 30 2E 30 2C 30 2E 30 30
15:28:27.982    ← RX  0x36 46  hwid=5047 seq=14931
15:28:27.987    GPS → lat=36.058840 lon=-87.384150 alt=258.4m baro=0.0m sats=8 fix=True
15:28:38.128    ← RX  [RAW] 22 69 30 47 50 53 3A 33 36 2E 30 35 38 38 33 36 2C 2D 38 37 2E 33 38 34 31 36 30 2C 32 35 37 2E 36 2C 38 2C 31 2C 30 2E 30 30 2C 30 2E 30 2C 30 2E 30 30
15:28:38.133    ← RX  0x36 46  hwid=5047 seq=14931
15:28:38.160    GPS → lat=36.058836 lon=-87.384160 alt=257.6m baro=0.0m sats=8 fix=True
15:28:48.303    ← RX  [RAW] 22 69 30 47 50 53 3A 33 36 2E 30 35 38 38 32 38 2C 2D 38 37 2E 33 38 34 31 35 30 2C 32 35 35 2E 33 2C 38 2C 31 2C 30 2E 30 30 2C 30 2E 30 2C 30 2E 30 30
15:28:48.316    ← RX  0x36 46  hwid=5047 seq=14931
15:28:48.322    GPS → lat=36.058828 lon=-87.384150 alt=255.3m baro=0.0m sats=8 fix=True
15:28:58.526    ← RX  [RAW] 22 69 30 47 50 53 3A 33 36 2E 30 35 38 38 32 30 2C 2D 38 37 2E 33 38 34 31 33 30 2C 32 35 31 2E 38 2C 38 2C 31 2C 30 2E 30 30 2C 30 2E 30 2C 30 2E 30 30
15:28:58.531    ← RX  0x36 46  hwid=5047 seq=14931
15:28:58.550    GPS → lat=36.058820 lon=-87.384130 alt=251.8m baro=0.0m sats=8 fix=True
15:29:08.717    ← RX  [RAW] 22 69 30 47 50 53 3A 33 36 2E 30 35 38 38 33 36 2C 2D 38 37 2E 33 38 34 31 33 32 2C 32 35 36 2E 34 2C 38 2C 31 2C 30 2E 30 30 2C 30 2E 30 2C 30 2E 30 30
15:29:08.742    ← RX  0x36 46  hwid=5047 seq=14931
15:29:08.747    GPS → lat=36.058836 lon=-87.384132 alt=256.4m baro=0.0m sats=8 fix=True
15:29:18.909    ← RX  [RAW] 22 69 30 47 50 53 3A 33 36 2E 30 35 38 38 33 36 2C 2D 38 37 2E 33 38 34 31 32 30 2C 32 35 36 2E 36 2C 38 2C 31 2C 30 2E 30 30 2C 30 2E 30 2C 30 2E 30 30
15:29:18.919    ← RX  0x36 46  hwid=5047 seq=14931
15:29:18.943    GPS → lat=36.058836 lon=-87.384120 alt=256.6m baro=0.0m sats=8 fix=True
15:29:29.068    ← RX  [RAW] 22 69 30 47 50 53 3A 33 36 2E 30 35 38 38 33 36 2C 2D 38 37 2E 33 38 34 31 32 30 2C 32 35 36 2E 38 2C 38 2C 31 2C 30 2E 30 30 2C 30 2E 30 2C 30 2E 30 30
15:29:29.086    ← RX  0x36 46  hwid=5047 seq=14931
15:29:29.092    GPS → lat=36.058836 lon=-87.384120 alt=256.8m baro=0.0m sats=8 fix=True
15:29:39.243    ← RX  [RAW] 22 69 30 47 50 53 3A 33 36 2E 30 35 38 38 33 36 2C 2D 38 37 2E 33 38 34 30 39 32 2C 32 35 30 2E 33 2C 38 2C 31 2C 30 2E 30 30 2C 30 2E 30 2C 30 2E 30 30
15:29:39.247    ← RX  0x36 46  hwid=5047 seq=14931
15:29:39.266    GPS → lat=36.058836 lon=-87.384092 alt=250.3m baro=0.0m sats=8 fix=True
15:29:49.482    ← RX  [RAW] 22 69 30 47 50 53 3A 33 36 2E 30 35 38 38 35 32 2C 2D 38 37 2E 33 38 34 30 39 32 2C 32 35 33 2E 39 2C 38 2C 31 2C 30 2E 30 30 2C 30 2E 30 2C 30 2E 30 30
15:29:49.498    ← RX  0x36 46  hwid=5047 seq=14931
15:29:49.503    GPS → lat=36.058852 lon=-87.384092 alt=253.9m baro=0.0m sats=8 fix=True
15:29:59.642    ← RX  [RAW] 22 69 30 47 50 53 3A 33 36 2E 30 35 38 38 36 30 2C 2D 38 37 2E 33 38 34 30 39 32 2C 32 35 34 2E 36 2C 38 2C 31 2C 30 2E 30 30 2C 30 2E 30 2C 30 2E 30 30
15:29:59.646    ← RX  0x36 46  hwid=5047 seq=14931
15:29:59.670    GPS → lat=36.058860 lon=-87.384092 alt=254.6m baro=0.0m sats=8 fix=True
15:30:09.816    ← RX  [RAW] 22 69 30 47 50 53 3A 33 36 2E 30 35 38 38 36 30 2C 2D 38 37 2E 33 38 34 30 39 30 2C 32 35 32 2E 39 2C 38 2C 31 2C 30 2E 30 30 2C 30 2E 30 2C 30 2E 30 30
15:30:09.837    ← RX  0x36 46  hwid=5047 seq=14931
15:30:09.842    GPS → lat=36.058860 lon=-87.384090 alt=252.9m baro=0.0m sats=8 fix=True
15:30:19.992    ← RX  [RAW] 22 69 30 47 50 53 3A 33 36 2E 30 35 38 38 35 32 2C 2D 38 37 2E 33 38 34 30 39 30 2C 32 35 31 2E 32 2C 37 2C 31 2C 30 2E 30 30 2C 30 2E 30 2C 30 2E 30 30
15:30:19.997    ← RX  0x36 46  hwid=5047 seq=14931
15:30:20.020    GPS → lat=36.058852 lon=-87.384090 alt=251.2m baro=0.0m sats=7 fix=True
15:30:30.167    ← RX  [RAW] 22 69 30 47 50 53 3A 33 36 2E 30 35 38 38 36 30 2C 2D 38 37 2E 33 38 34 30 39 32 2C 32 35 36 2E 30 2C 37 2C 31 2C 30 2E 30 30 2C 30 2E 30 2C 30 2E 30 30
15:30:30.176    ← RX  0x36 46  hwid=5047 seq=14931
15:30:30.182    GPS → lat=36.058860 lon=-87.384092 alt=256.0m baro=0.0m sats=7 fix=True
15:30:40.406    ← RX  [RAW] 22 69 30 47 50 53 3A 33 36 2E 30 35 38 38 37 36 2C 2D 38 37 2E 33 38 34 30 39 32 2C 32 36 32 2E 30 2C 37 2C 31 2C 30 2E 30 30 2C 30 2E 30 2C 30 2E 30 30
15:30:40.416    ← RX  0x36 46  hwid=5047 seq=14931
15:30:40.431    GPS → lat=36.058876 lon=-87.384092 alt=262.0m baro=0.0m sats=7 fix=True
15:30:50.598    ← RX  [RAW] 22 69 30 47 50 53 3A 33 36 2E 30 35 38 38 37 32 2C 2D 38 37 2E 33 38 34 30 39 32 2C 32 36 32 2E 34 2C 38 2C 31 2C 30 2E 30 30 2C 30 2E 30 2C 30 2E 30 30
15:30:50.624    ← RX  0x36 46  hwid=5047 seq=14931
15:30:50.629    GPS → lat=36.058872 lon=-87.384092 alt=262.4m baro=0.0m sats=8 fix=True
15:31:00.757    ← RX  [RAW] 22 69 30 47 50 53 3A 33 36 2E 30 35 38 38 36 34 2C 2D 38 37 2E 33 38 34 30 39 32 2C 32 36 33 2E 38 2C 38 2C 31 2C 30 2E 30 30 2C 30 2E 30 2C 30 2E 30 30
15:31:00.762    ← RX  0x36 46  hwid=5047 seq=14931
15:31:00.787    GPS → lat=36.058864 lon=-87.384092 alt=263.8m baro=0.0m sats=8 fix=True
15:31:10.948    ← RX  [RAW] 22 69 30 47 50 53 3A 33 36 2E 30 35 38 38 35 36 2C 2D 38 37 2E 33 38 34 30 39 32 2C 32 36 33 2E 35 2C 37 2C 31 2C 30 2E 30 30 2C 30 2E 30 2C 30 2E 30 30
15:31:10.953    ← RX  0x36 46  hwid=5047 seq=14931
15:31:10.958    GPS → lat=36.058856 lon=-87.384092 alt=263.5m baro=0.0m sats=7 fix=True
15:31:21.123    ← RX  [RAW] 22 69 30 47 50 53 3A 33 36 2E 30 35 38 38 35 30 2C 2D 38 37 2E 33 38 34 31 30 30 2C 32 36 34 2E 30 2C 37 2C 31 2C 30 2E 30 30 2C 30 2E 30 2C 30 2E 30 30
15:31:21.128    ← RX  0x36 46  hwid=5047 seq=14931
15:31:21.161    GPS → lat=36.058850 lon=-87.384100 alt=264.0m baro=0.0m sats=7 fix=True
15:31:30.963    ← RX  [RAW] 22 69 1E 01 00 00 00 01 11 4F 70 65 6E 4C 53 54 20 42 4C 20 63 33 61 35 32 65 61 2D 64 69 72 74 79
15:31:30.975    ← RX  ascii 79  hwid=0001 seq=0
15:31:31.570    ← RX  [RAW] 22 69 1B 01 00 00 00 01 11 4F 70 65 6E 4C 53 54 20 31 64 33 61 62 65 33 2D 64 69 72 74 79
15:31:31.583    ← RX  ascii 79  hwid=0001 seq=0
15:31:51.660    ← RX  [RAW] 22 69 30 47 50 53 3A 33 36 2E 30 35 38 39 33 32 2C 2D 38 37 2E 33 38 34 31 33 32 2C 32 38 39 2E 35 2C 38 2C 31 2C 30 2E 30 30 2C 30 2E 30 2C 30 2E 30 30
15:31:51.677    ← RX  0x36 46  hwid=5047 seq=14931
15:31:51.683    GPS → lat=36.058932 lon=-87.384132 alt=289.5m baro=0.0m sats=8 fix=True
15:32:01.808    ← RX  [RAW] 22 69 30 47 50 53 3A 33 36 2E 30 35 38 39 34 30 2C 2D 38 37 2E 33 38 34 31 33 30 2C 32 38 39 2E 37 2C 38 2C 31 2C 30 2E 30 30 2C 30 2E 30 2C 30 2E 30 30
15:32:01.813    ← RX  0x36 46  hwid=5047 seq=14931
15:32:01.824    GPS → lat=36.058940 lon=-87.384130 alt=289.7m baro=0.0m sats=8 fix=True
15:32:11.983    ← RX  [RAW] 22 69 30 47 50 53 3A 33 36 2E 30 35 38 39 35 30 2C 2D 38 37 2E 33 38 34 31 35 30 2C 32 38 37 2E 34 2C 38 2C 31 2C 30 2E 30 30 2C 30 2E 30 2C 30 2E 30 30
15:32:12.014    ← RX  0x36 46  hwid=5047 seq=14931
15:32:12.019    GPS → lat=36.058950 lon=-87.384150 alt=287.4m baro=0.0m sats=8 fix=True
15:32:22.271    ← RX  [RAW] 22 69 30 47 50 53 3A 33 36 2E 30 35 38 39 35 30 2C 2D 38 37 2E 33 38 34 31 35 30 2C 32 38 37 2E 32 2C 38 2C 31 2C 30 2E 30 30 2C 30 2E 30 2C 30 2E 30 30
15:32:22.276    ← RX  0x36 46  hwid=5047 seq=14931
15:32:22.296    GPS → lat=36.058950 lon=-87.384150 alt=287.2m baro=0.0m sats=8 fix=True
15:32:32.461    ← RX  [RAW] 22 69 30 47 50 53 3A 33 36 2E 30 35 38 39 33 30 2C 2D 38 37 2E 33 38 34 31 35 32 2C 32 38 38 2E 30 2C 38 2C 31 2C 30 2E 30 30 2C 30 2E 30 2C 30 2E 30 30
15:32:32.479    ← RX  0x36 46  hwid=5047 seq=14931
15:32:32.484    GPS → lat=36.058930 lon=-87.384152 alt=288.0m baro=0.0m sats=8 fix=True
15:32:42.637    ← RX  [RAW] 22 69 30 47 50 53 3A 33 36 2E 30 35 38 39 33 30 2C 2D 38 37 2E 33 38 34 31 35 32 2C 32 38 39 2E 34 2C 37 2C 31 2C 30 2E 30 30 2C 30 2E 30 2C 30 2E 30 30
15:32:42.642    ← RX  0x36 46  hwid=5047 seq=14931
15:32:42.664    GPS → lat=36.058930 lon=-87.384152 alt=289.4m baro=0.0m sats=7 fix=True
15:32:52.812    ← RX  [RAW] 22 69 30 47 50 53 3A 33 36 2E 30 35 38 39 33 36 2C 2D 38 37 2E 33 38 34 31 35 32 2C 32 39 31 2E 35 2C 38 2C 31 2C 30 2E 30 30 2C 30 2E 30 2C 30 2E 30 30
15:32:52.836    ← RX  0x36 46  hwid=5047 seq=14931
15:32:52.840    GPS → lat=36.058936 lon=-87.384152 alt=291.5m baro=0.0m sats=8 fix=True
15:33:02.987    ← RX  [RAW] 22 69 30 47 50 53 3A 33 36 2E 30 35 38 39 33 32 2C 2D 38 37 2E 33 38 34 31 35 30 2C 32 39 30 2E 35 2C 38 2C 31 2C 30 2E 30 30 2C 30 2E 30 2C 30 2E 30 30
15:33:02.993    ← RX  0x36 46  hwid=5047 seq=14931
15:33:03.008    GPS → lat=36.058932 lon=-87.384150 alt=290.5m baro=0.0m sats=8 fix=True
15:33:13.163    ← RX  [RAW] 22 69 30 47 50 53 3A 33 36 2E 30 35 38 39 32 30 2C 2D 38 37 2E 33 38 34 31 33 30 2C 32 38 32 2E 38 2C 38 2C 31 2C 30 2E 30 30 2C 30 2E 30 2C 30 2E 30 30
15:33:13.168    ← RX  0x36 46  hwid=5047 seq=14931
15:33:13.173    GPS → lat=36.058920 lon=-87.384130 alt=282.8m baro=0.0m sats=8 fix=True
15:33:23.338    ← RX  [RAW] 22 69 30 47 50 53 3A 33 36 2E 30 35 38 38 38 38 2C 2D 38 37 2E 33 38 34 31 32 30 2C 32 37 32 2E 32 2C 38 2C 31 2C 30 2E 30 30 2C 30 2E 30 2C 30 2E 30 30
15:33:23.343    ← RX  0x36 46  hwid=5047 seq=14931
15:33:23.363    GPS → lat=36.058888 lon=-87.384120 alt=272.2m baro=0.0m sats=8 fix=True
15:33:33.497    ← RX  [RAW] 22 69 30 47 50 53 3A 33 36 2E 30 35 38 38 38 38 2C 2D 38 37 2E 33 38 34 30 39 30 2C 32 36 37 2E 34 2C 38 2C 31 2C 30 2E 30 30 2C 30 2E 30 2C 30 2E 30 30
15:33:33.508    ← RX  0x36 46  hwid=5047 seq=14931
15:33:33.513    GPS → lat=36.058888 lon=-87.384090 alt=267.4m baro=0.0m sats=8 fix=True
15:33:43.688    ← RX  [RAW] 22 69 30 47 50 53 3A 33 36 2E 30 35 38 38 36 30 2C 2D 38 37 2E 33 38 34 31 30 30 2C 32 36 38 2E 32 2C 38 2C 31 2C 30 2E 30 30 2C 30 2E 30 2C 30 2E 30 30
15:33:43.698    ← RX  0x36 46  hwid=5047 seq=14931
15:33:43.710    GPS → lat=36.058860 lon=-87.384100 alt=268.2m baro=0.0m sats=8 fix=True
15:33:53.847    ← RX  [RAW] 22 69 30 47 50 53 3A 33 36 2E 30 35 38 38 33 30 2C 2D 38 37 2E 33 38 34 30 38 30 2C 32 36 33 2E 33 2C 38 2C 31 2C 30 2E 30 30 2C 30 2E 30 2C 30 2E 30 30
15:33:53.870    ← RX  0x36 46  hwid=5047 seq=14931
15:33:53.875    GPS → lat=36.058830 lon=-87.384080 alt=263.3m baro=0.0m sats=8 fix=True
15:34:04.070    ← RX  [RAW] 22 69 30 47 50 53 3A 33 36 2E 30 35 38 38 33 36 2C 2D 38 37 2E 33 38 34 30 37 30 2C 32 36 32 2E 36 2C 38 2C 31 2C 30 2E 30 30 2C 30 2E 30 2C 30 2E 30 30
15:34:04.076    ← RX  0x36 46  hwid=5047 seq=14931
15:34:04.101    GPS → lat=36.058836 lon=-87.384070 alt=262.6m baro=0.0m sats=8 fix=True
15:34:14.277    ← RX  [RAW] 22 69 30 47 50 53 3A 33 36 2E 30 35 38 38 34 30 2C 2D 38 37 2E 33 38 34 30 39 30 2C 32 36 35 2E 36 2C 37 2C 31 2C 30 2E 30 30 2C 30 2E 30 2C 30 2E 30 30
15:34:14.309    ← RX  0x36 46  hwid=5047 seq=14931
15:34:14.314    GPS → lat=36.058840 lon=-87.384090 alt=265.6m baro=0.0m sats=7 fix=True
15:34:24.437    ← RX  [RAW] 22 69 30 47 50 53 3A 33 36 2E 30 35 38 38 33 36 2C 2D 38 37 2E 33 38 34 31 30 30 2C 32 36 35 2E 30 2C 38 2C 31 2C 30 2E 30 30 2C 30 2E 30 2C 30 2E 30 30
15:34:24.442    ← RX  0x36 46  hwid=5047 seq=14931
15:34:24.468    GPS → lat=36.058836 lon=-87.384100 alt=265.0m baro=0.0m sats=8 fix=True
15:34:34.612    ← RX  [RAW] 22 69 30 47 50 53 3A 33 36 2E 30 35 38 38 33 30 2C 2D 38 37 2E 33 38 34 31 30 30 2C 32 36 32 2E 31 2C 38 2C 31 2C 30 2E 30 30 2C 30 2E 30 2C 30 2E 30 30
15:34:34.632    ← RX  0x36 46  hwid=5047 seq=14931
15:34:34.637    GPS → lat=36.058830 lon=-87.384100 alt=262.1m baro=0.0m sats=8 fix=True
15:34:44.787    ← RX  [RAW] 22 69 30 47 50 53 3A 33 36 2E 30 35 38 38 35 36 2C 2D 38 37 2E 33 38 34 30 38 30 2C 32 36 33 2E 37 2C 37 2C 31 2C 30 2E 30 30 2C 30 2E 30 2C 30 2E 30 30
15:34:44.793    ← RX  0x36 46  hwid=5047 seq=14931
15:34:44.798    GPS → lat=36.058856 lon=-87.384080 alt=263.7m baro=0.0m sats=7 fix=True
15:34:55.010    ← RX  [RAW] 22 69 30 47 50 53 3A 33 36 2E 30 35 38 38 35 32 2C 2D 38 37 2E 33 38 34 30 33 30 2C 32 35 34 2E 39 2C 38 2C 31 2C 30 2E 30 30 2C 30 2E 30 2C 30 2E 30 30
15:34:55.024    ← RX  0x36 46  hwid=5047 seq=14931
15:34:55.030    GPS → lat=36.058852 lon=-87.384030 alt=254.9m baro=0.0m sats=8 fix=True
15:35:05.186    ← RX  [RAW] 22 69 30 47 50 53 3A 33 36 2E 30 35 38 38 32 38 2C 2D 38 37 2E 33 38 34 30 36 30 2C 32 35 33 2E 33 2C 37 2C 31 2C 30 2E 30 30 2C 30 2E 30 2C 30 2E 30 30
15:35:05.191    ← RX  0x36 46  hwid=5047 seq=14931
15:35:05.216    GPS → lat=36.058828 lon=-87.384060 alt=253.3m baro=0.0m sats=7 fix=True
15:35:15.345    ← RX  [RAW] 22 69 30 47 50 53 3A 33 36 2E 30 35 38 38 33 36 2C 2D 38 37 2E 33 38 34 30 36 30 2C 32 35 34 2E 30 2C 38 2C 31 2C 30 2E 30 30 2C 30 2E 30 2C 30 2E 30 30
15:35:15.380    ← RX  0x36 46  hwid=5047 seq=14931
15:35:15.396    GPS → lat=36.058836 lon=-87.384060 alt=254.0m baro=0.0m sats=8 fix=True
15:35:25.520    ← RX  [RAW] 22 69 30 47 50 53 3A 33 36 2E 30 35 38 38 33 36 2C 2D 38 37 2E 33 38 34 30 38 30 2C 32 35 33 2E 34 2C 38 2C 31 2C 30 2E 30 30 2C 30 2E 30 2C 30 2E 30 30
15:35:25.525    ← RX  0x36 46  hwid=5047 seq=14931
15:35:25.545    GPS → lat=36.058836 lon=-87.384080 alt=253.4m baro=0.0m sats=8 fix=True
15:35:35.711    ← RX  [RAW] 22 69 30 47 50 53 3A 33 36 2E 30 35 38 38 34 30 2C 2D 38 37 2E 33 38 34 30 39 30 2C 32 35 33 2E 35 2C 38 2C 31 2C 30 2E 30 30 2C 30 2E 30 2C 30 2E 30 30
15:35:35.749    ← RX  0x36 46  hwid=5047 seq=14931
15:35:35.781    GPS → lat=36.058840 lon=-87.384090 alt=253.5m baro=0.0m sats=8 fix=True
15:35:45.934    ← RX  [RAW] 22 69 30 47 50 53 3A 33 36 2E 30 35 38 38 32 38 2C 2D 38 37 2E 33 38 34 30 39 32 2C 32 35 31 2E 37 2C 38 2C 31 2C 30 2E 30 30 2C 30 2E 30 2C 30 2E 30 30
15:35:45.947    ← RX  0x36 46  hwid=5047 seq=14931
15:35:45.981    GPS → lat=36.058828 lon=-87.384092 alt=251.7m baro=0.0m sats=8 fix=True
15:35:56.125    ← RX  [RAW] 22 69 30 47 50 53 3A 33 36 2E 30 35 38 38 32 34 2C 2D 38 37 2E 33 38 34 30 38 30 2C 32 34 38 2E 32 2C 37 2C 31 2C 30 2E 30 30 2C 30 2E 30 2C 30 2E 30 30
15:35:56.145    ← RX  0x36 46  hwid=5047 seq=14931
15:35:56.161    GPS → lat=36.058824 lon=-87.384080 alt=248.2m baro=0.0m sats=7 fix=True
15:36:06.317    ← RX  [RAW] 22 69 30 47 50 53 3A 33 36 2E 30 35 38 38 31 30 2C 2D 38 37 2E 33 38 34 30 39 32 2C 32 34 36 2E 34 2C 37 2C 31 2C 30 2E 30 30 2C 30 2E 30 2C 30 2E 30 30
15:36:06.322    ← RX  0x36 46  hwid=5047 seq=14931
15:36:06.339    GPS → lat=36.058810 lon=-87.384092 alt=246.4m baro=0.0m sats=7 fix=True
15:36:16.492    ← RX  [RAW] 22 69 30 47 50 53 3A 33 36 2E 30 35 38 38 30 38 2C 2D 38 37 2E 33 38 34 31 31 30 2C 32 34 36 2E 36 2C 38 2C 31 2C 30 2E 30 30 2C 30 2E 30 2C 30 2E 30 30
15:36:16.506    ← RX  0x36 46  hwid=5047 seq=14931
15:36:16.522    GPS → lat=36.058808 lon=-87.384110 alt=246.6m baro=0.0m sats=8 fix=True
15:36:26.651    ← RX  [RAW] 22 69 30 47 50 53 3A 33 36 2E 30 35 38 38 32 30 2C 2D 38 37 2E 33 38 34 30 39 32 2C 32 34 37 2E 39 2C 38 2C 31 2C 30 2E 30 30 2C 30 2E 30 2C 30 2E 30 30
15:36:26.656    ← RX  0x36 46  hwid=5047 seq=14931
15:36:26.692    GPS → lat=36.058820 lon=-87.384092 alt=247.9m baro=0.0m sats=8 fix=True
15:36:36.827    ← RX  [RAW] 22 69 30 47 50 53 3A 33 36 2E 30 35 38 38 34 34 2C 2D 38 37 2E 33 38 34 30 36 30 2C 32 35 31 2E 35 2C 38 2C 31 2C 30 2E 30 30 2C 30 2E 30 2C 30 2E 30 30
15:36:36.856    ← RX  0x36 46  hwid=5047 seq=14931
15:36:36.887    GPS → lat=36.058844 lon=-87.384060 alt=251.5m baro=0.0m sats=8 fix=True
15:36:47.018    ← RX  [RAW] 22 69 30 47 50 53 3A 33 36 2E 30 35 38 38 35 32 2C 2D 38 37 2E 33 38 34 30 35 36 2C 32 35 32 2E 33 2C 38 2C 31 2C 30 2E 30 30 2C 30 2E 30 2C 30 2E 30 30
15:36:47.023    ← RX  0x36 46  hwid=5047 seq=14931
15:36:47.046    GPS → lat=36.058852 lon=-87.384056 alt=252.3m baro=0.0m sats=8 fix=True
15:36:57.193    ← RX  [RAW] 22 69 30 47 50 53 3A 33 36 2E 30 35 38 38 35 36 2C 2D 38 37 2E 33 38 34 30 35 30 2C 32 34 39 2E 38 2C 38 2C 31 2C 30 2E 30 30 2C 30 2E 30 2C 30 2E 30 30
15:36:57.207    ← RX  0x36 46  hwid=5047 seq=14931
15:36:57.223    GPS → lat=36.058856 lon=-87.384050 alt=249.8m baro=0.0m sats=8 fix=True
15:37:07.368    ← RX  [RAW] 22 69 30 47 50 53 3A 33 36 2E 30 35 38 38 35 30 2C 2D 38 37 2E 33 38 34 30 35 30 2C 32 34 35 2E 33 2C 38 2C 31 2C 30 2E 30 30 2C 30 2E 30 2C 30 2E 30 30
15:37:07.374    ← RX  0x36 46  hwid=5047 seq=14931
15:37:07.405    GPS → lat=36.058850 lon=-87.384050 alt=245.3m baro=0.0m sats=8 fix=True
15:37:17.527    ← RX  [RAW] 22 69 30 47 50 53 3A 33 36 2E 30 35 38 38 35 36 2C 2D 38 37 2E 33 38 34 30 34 30 2C 32 34 37 2E 35 2C 38 2C 31 2C 30 2E 30 30 2C 30 2E 30 2C 30 2E 30 30
15:37:17.540    ← RX  0x36 46  hwid=5047 seq=14931
15:37:17.571    GPS → lat=36.058856 lon=-87.384040 alt=247.5m baro=0.0m sats=8 fix=True
15:37:27.815    ← RX  [RAW] 22 69 30 47 50 53 3A 33 36 2E 30 35 38 38 37 32 2C 2D 38 37 2E 33 38 34 30 32 34 2C 32 35 31 2E 33 2C 38 2C 31 2C 30 2E 30 30 2C 30 2E 30 2C 30 2E 30 30
15:37:27.820    ← RX  0x36 46  hwid=5047 seq=14931
15:37:27.844    GPS → lat=36.058872 lon=-87.384024 alt=251.3m baro=0.0m sats=8 fix=True
15:37:38.006    ← RX  [RAW] 22 69 30 47 50 53 3A 33 36 2E 30 35 38 38 38 38 2C 2D 38 37 2E 33 38 34 30 33 30 2C 32 35 36 2E 37 2C 38 2C 31 2C 30 2E 30 30 2C 30 2E 30 2C 30 2E 30 30
15:37:38.030    ← RX  0x36 46  hwid=5047 seq=14931
15:37:38.062    GPS → lat=36.058888 lon=-87.384030 alt=256.7m baro=0.0m sats=8 fix=True
15:37:48.181    ← RX  [RAW] 22 69 30 47 50 53 3A 33 36 2E 30 35 38 38 39 36 2C 2D 38 37 2E 33 38 34 30 34 30 2C 32 35 39 2E 37 2C 38 2C 31 2C 30 2E 30 30 2C 30 2E 30 2C 30 2E 30 30
15:37:48.186    ← RX  0x36 46  hwid=5047 seq=14931
15:37:48.212    GPS → lat=36.058896 lon=-87.384040 alt=259.7m baro=0.0m sats=8 fix=True
15:37:58.372    ← RX  [RAW] 22 69 30 47 50 53 3A 33 36 2E 30 35 38 39 30 34 2C 2D 38 37 2E 33 38 34 30 34 30 2C 32 36 30 2E 39 2C 38 2C 31 2C 30 2E 30 30 2C 30 2E 30 2C 30 2E 30 30
15:37:58.420    ← RX  0x36 46  hwid=5047 seq=14931
15:37:58.436    GPS → lat=36.058904 lon=-87.384040 alt=260.9m baro=0.0m sats=8 fix=True
15:38:08.548    ← RX  [RAW] 22 69 30 47 50 53 3A 33 36 2E 30 35 38 39 30 38 2C 2D 38 37 2E 33 38 34 30 35 30 2C 32 36 30 2E 33 2C 38 2C 31 2C 30 2E 30 30 2C 30 2E 30 2C 30 2E 30 30
15:38:08.553    ← RX  0x36 46  hwid=5047 seq=14931
15:38:08.571    GPS → lat=36.058908 lon=-87.384050 alt=260.3m baro=0.0m sats=8 fix=True
15:38:18.707    ← RX  [RAW] 22 69 30 47 50 53 3A 33 36 2E 30 35 38 39 30 38 2C 2D 38 37 2E 33 38 34 30 36 30 2C 32 35 39 2E 38 2C 38 2C 31 2C 30 2E 30 30 2C 30 2E 30 2C 30 2E 30 30
15:38:18.724    ← RX  0x36 46  hwid=5047 seq=14931
15:38:18.740    GPS → lat=36.058908 lon=-87.384060 alt=259.8m baro=0.0m sats=8 fix=True
15:38:28.882    ← RX  [RAW] 22 69 30 47 50 53 3A 33 36 2E 30 35 38 38 39 30 2C 2D 38 37 2E 33 38 34 30 38 30 2C 32 35 37 2E 33 2C 37 2C 31 2C 30 2E 30 30 2C 30 2E 30 2C 30 2E 30 30
15:38:28.895    ← RX  0x36 46  hwid=5047 seq=14931
15:38:28.917    GPS → lat=36.058890 lon=-87.384080 alt=257.3m baro=0.0m sats=7 fix=True
15:38:39.073    ← RX  [RAW] 22 69 30 47 50 53 3A 33 36 2E 30 35 38 38 38 30 2C 2D 38 37 2E 33 38 34 30 39 30 2C 32 35 33 2E 38 2C 37 2C 31 2C 30 2E 30 30 2C 30 2E 30 2C 30 2E 30 30
15:38:39.084    ← RX  0x36 46  hwid=5047 seq=14931
15:38:39.098    GPS → lat=36.058880 lon=-87.384090 alt=253.8m baro=0.0m sats=7 fix=True
15:38:49.233    ← RX  [RAW] 22 69 30 47 50 53 3A 33 36 2E 30 35 38 38 37 30 2C 2D 38 37 2E 33 38 34 30 39 32 2C 32 35 30 2E 34 2C 37 2C 31 2C 30 2E 30 30 2C 30 2E 30 2C 30 2E 30 30
15:38:49.238    ← RX  0x36 46  hwid=5047 seq=14931
15:38:49.259    GPS → lat=36.058870 lon=-87.384092 alt=250.4m baro=0.0m sats=7 fix=True
15:38:59.408    ← RX  [RAW] 22 69 30 47 50 53 3A 33 36 2E 30 35 38 38 36 30 2C 2D 38 37 2E 33 38 34 31 30 30 2C 32 35 30 2E 30 2C 37 2C 31 2C 30 2E 30 30 2C 30 2E 30 2C 30 2E 30 30
15:38:59.426    ← RX  0x36 46  hwid=5047 seq=14931
15:38:59.441    GPS → lat=36.058860 lon=-87.384100 alt=250.0m baro=0.0m sats=7 fix=True
15:39:09.615    ← RX  [RAW] 22 69 30 47 50 53 3A 33 36 2E 30 35 38 38 35 36 2C 2D 38 37 2E 33 38 34 30 39 30 2C 32 34 39 2E 36 2C 37 2C 31 2C 30 2E 30 30 2C 30 2E 30 2C 30 2E 30 30
15:39:09.620    ← RX  0x36 46  hwid=5047 seq=14931
15:39:09.635    GPS → lat=36.058856 lon=-87.384090 alt=249.6m baro=0.0m sats=7 fix=True
15:39:19.822    ← RX  [RAW] 22 69 30 47 50 53 3A 33 36 2E 30 35 38 38 35 36 2C 2D 38 37 2E 33 38 34 30 38 30 2C 32 34 39 2E 30 2C 38 2C 31 2C 30 2E 30 30 2C 30 2E 30 2C 30 2E 30 30
15:39:19.855    ← RX  0x36 46  hwid=5047 seq=14931
15:39:19.871    GPS → lat=36.058856 lon=-87.384080 alt=249.0m baro=0.0m sats=8 fix=True
15:39:29.997    ← RX  [RAW] 22 69 30 47 50 53 3A 33 36 2E 30 35 38 38 36 30 2C 2D 38 37 2E 33 38 34 30 38 30 2C 32 34 39 2E 38 2C 37 2C 31 2C 30 2E 30 30 2C 30 2E 30 2C 30 2E 30 30
15:39:30.002    ← RX  0x36 46  hwid=5047 seq=14931
15:39:30.024    GPS → lat=36.058860 lon=-87.384080 alt=249.8m baro=0.0m sats=7 fix=True
15:39:40.172    ← RX  [RAW] 22 69 30 47 50 53 3A 33 36 2E 30 35 38 38 35 36 2C 2D 38 37 2E 33 38 34 30 38 30 2C 32 34 37 2E 33 2C 37 2C 31 2C 30 2E 30 30 2C 30 2E 30 2C 30 2E 30 30
15:39:40.196    ← RX  0x36 46  hwid=5047 seq=14931
15:39:40.212    GPS → lat=36.058856 lon=-87.384080 alt=247.3m baro=0.0m sats=7 fix=True
15:40:00.570    ← RX  [RAW] 22 69 30 47 50 53 3A 33 36 2E 30 35 38 38 37 32 2C 2D 38 37 2E 33 38 34 30 39 30 2C 32 35 31 2E 35 2C 38 2C 31 2C 30 2E 30 30 2C 30 2E 30 2C 30 2E 30 30
15:40:00.576    ← RX  0x36 46  hwid=5047 seq=14931
15:40:00.584    GPS → lat=36.058872 lon=-87.384090 alt=251.5m baro=0.0m sats=8 fix=True
15:40:10.730    ← RX  [RAW] 22 69 30 47 50 53 3A 33 36 2E 30 35 38 38 36 30 2C 2D 38 37 2E 33 38 34 30 39 30 2C 32 34 36 2E 34 2C 38 2C 31 2C 30 2E 30 30 2C 30 2E 30 2C 30 2E 30 30
15:40:10.743    ← RX  0x36 46  hwid=5047 seq=14931
15:40:10.759    GPS → lat=36.058860 lon=-87.384090 alt=246.4m baro=0.0m sats=8 fix=True
15:40:20.905    ← RX  [RAW] 22 69 30 47 50 53 3A 33 36 2E 30 35 38 38 38 30 2C 2D 38 37 2E 33 38 34 30 38 30 2C 32 35 30 2E 32 2C 37 2C 31 2C 30 2E 30 30 2C 30 2E 30 2C 30 2E 30 30
15:40:20.910    ← RX  0x36 46  hwid=5047 seq=14931
15:40:20.923    GPS → lat=36.058880 lon=-87.384080 alt=250.2m baro=0.0m sats=7 fix=True
15:40:31.096    ← RX  [RAW] 22 69 30 47 50 53 3A 33 36 2E 30 35 38 39 30 30 2C 2D 38 37 2E 33 38 34 30 39 32 2C 32 36 30 2E 35 2C 38 2C 31 2C 30 2E 30 30 2C 30 2E 30 2C 30 2E 30 30
15:40:31.105    ← RX  0x36 46  hwid=5047 seq=14931
15:40:31.136    GPS → lat=36.058900 lon=-87.384092 alt=260.5m baro=0.0m sats=8 fix=True
15:40:41.271    ← RX  [RAW] 22 69 30 47 50 53 3A 33 36 2E 30 35 38 39 30 38 2C 2D 38 37 2E 33 38 34 31 32 30 2C 32 36 37 2E 33 2C 38 2C 31 2C 30 2E 30 30 2C 30 2E 30 2C 30 2E 30 30
15:40:41.277    ← RX  0x36 46  hwid=5047 seq=14931
15:40:41.310    GPS → lat=36.058908 lon=-87.384120 alt=267.3m baro=0.0m sats=8 fix=True
15:40:51.495    ← RX  [RAW] 22 69 30 47 50 53 3A 33 36 2E 30 35 38 39 31 30 2C 2D 38 37 2E 33 38 34 31 32 30 2C 32 36 36 2E 34 2C 38 2C 31 2C 30 2E 30 30 2C 30 2E 30 2C 30 2E 30 30
15:40:51.507    ← RX  0x36 46  hwid=5047 seq=14931
15:40:51.521    GPS → lat=36.058910 lon=-87.384120 alt=266.4m baro=0.0m sats=8 fix=True
15:41:01.686    ← RX  [RAW] 22 69 30 47 50 53 3A 33 36 2E 30 35 38 38 38 34 2C 2D 38 37 2E 33 38 34 31 35 30 2C 32 36 33 2E 30 2C 38 2C 31 2C 30 2E 30 30 2C 30 2E 30 2C 30 2E 30 30
15:41:01.691    ← RX  0x36 46  hwid=5047 seq=14931
15:41:01.708    GPS → lat=36.058884 lon=-87.384150 alt=263.0m baro=0.0m sats=8 fix=True
15:41:11.861    ← RX  [RAW] 22 69 30 47 50 53 3A 33 36 2E 30 35 38 38 38 38 2C 2D 38 37 2E 33 38 34 31 35 30 2C 32 36 34 2E 37 2C 38 2C 31 2C 30 2E 30 30 2C 30 2E 30 2C 30 2E 30 30
15:41:11.880    ← RX  0x36 46  hwid=5047 seq=14931
15:41:11.896    GPS → lat=36.058888 lon=-87.384150 alt=264.7m baro=0.0m sats=8 fix=True
15:41:22.036    ← RX  [RAW] 22 69 30 47 50 53 3A 33 36 2E 30 35 38 38 38 34 2C 2D 38 37 2E 33 38 34 31 33 30 2C 32 36 39 2E 38 2C 38 2C 31 2C 30 2E 30 30 2C 30 2E 30 2C 30 2E 30 30
15:41:22.042    ← RX  0x36 46  hwid=5047 seq=14931
15:41:22.048    GPS → lat=36.058884 lon=-87.384130 alt=269.8m baro=0.0m sats=8 fix=True
15:41:31.619    ← RX  [RAW] 22 69 1E 01 00 00 00 01 11 4F 70 65 6E 4C 53 54 20 42 4C 20 63 33 61 35 32 65 61 2D 64 69 72 74 79
15:41:31.634    ← RX  ascii 79  hwid=0001 seq=0
15:41:32.227    ← RX  [RAW] 22 69 1B 01 00 00 00 01 11 4F 70 65 6E 4C 53 54 20 31 64 33 61 62 65 33 2D 64 69 72 74 79
15:41:32.250    ← RX  ascii 79  hwid=0001 seq=0
15:41:42.403    ← RX  [RAW] 22 69 30 47 50 53 3A 33 36 2E 30 35 38 38 39 36 2C 2D 38 37 2E 33 38 34 30 37 30 2C 32 37 33 2E 39 2C 38 2C 31 2C 30 2E 30 30 2C 30 2E 30 2C 30 2E 30 30
15:41:42.427    ← RX  0x36 46  hwid=5047 seq=14931
15:41:42.432    GPS → lat=36.058896 lon=-87.384070 alt=273.9m baro=0.0m sats=8 fix=True
15:41:52.578    ← RX  [RAW] 22 69 30 47 50 53 3A 33 36 2E 30 35 38 38 39 30 2C 2D 38 37 2E 33 38 34 30 37 30 2C 32 37 32 2E 36 2C 38 2C 31 2C 30 2E 30 30 2C 30 2E 30 2C 30 2E 30 30
15:41:52.587    ← RX  0x36 46  hwid=5047 seq=14931
15:41:52.600    GPS → lat=36.058890 lon=-87.384070 alt=272.6m baro=0.0m sats=8 fix=True
15:42:02.737    ← RX  [RAW] 22 69 30 47 50 53 3A 33 36 2E 30 35 38 38 39 30 2C 2D 38 37 2E 33 38 34 30 36 30 2C 32 37 31 2E 39 2C 38 2C 31 2C 30 2E 30 30 2C 30 2E 30 2C 30 2E 30 30
15:42:02.766    ← RX  0x36 46  hwid=5047 seq=14931
15:42:02.771    GPS → lat=36.058890 lon=-87.384060 alt=271.9m baro=0.0m sats=8 fix=True
15:42:12.913    ← RX  [RAW] 22 69 30 47 50 53 3A 33 36 2E 30 35 38 38 39 36 2C 2D 38 37 2E 33 38 34 30 35 36 2C 32 37 31 2E 36 2C 38 2C 31 2C 30 2E 30 30 2C 30 2E 30 2C 30 2E 30 30
15:42:12.944    ← RX  0x36 46  hwid=5047 seq=14931
15:42:12.957    GPS → lat=36.058896 lon=-87.384056 alt=271.6m baro=0.0m sats=8 fix=True
15:42:23.136    ← RX  [RAW] 22 69 30 47 50 53 3A 33 36 2E 30 35 38 39 30 38 2C 2D 38 37 2E 33 38 34 30 35 30 2C 32 37 33 2E 37 2C 37 2C 31 2C 30 2E 30 30 2C 30 2E 30 2C 30 2E 30 30
15:42:23.169    ← RX  0x36 46  hwid=5047 seq=14931
15:42:23.175    GPS → lat=36.058908 lon=-87.384050 alt=273.7m baro=0.0m sats=7 fix=True
15:42:33.375    ← RX  [RAW] 22 69 30 47 50 53 3A 33 36 2E 30 35 38 39 31 30 2C 2D 38 37 2E 33 38 34 30 35 36 2C 32 37 34 2E 35 2C 37 2C 31 2C 30 2E 30 30 2C 30 2E 30 2C 30 2E 30 30
15:42:33.404    ← RX  0x36 46  hwid=5047 seq=14931
15:42:33.434    GPS → lat=36.058910 lon=-87.384056 alt=274.5m baro=0.0m sats=7 fix=True
15:42:43.567    ← RX  [RAW] 22 69 30 47 50 53 3A 33 36 2E 30 35 38 39 31 36 2C 2D 38 37 2E 33 38 34 30 35 36 2C 32 37 35 2E 35 2C 37 2C 31 2C 30 2E 30 30 2C 30 2E 30 2C 30 2E 30 30
15:42:43.583    ← RX  0x36 46  hwid=5047 seq=14931
15:42:43.588    GPS → lat=36.058916 lon=-87.384056 alt=275.5m baro=0.0m sats=7 fix=True
15:42:53.726    ← RX  [RAW] 22 69 30 47 50 53 3A 33 36 2E 30 35 38 39 31 36 2C 2D 38 37 2E 33 38 34 30 35 36 2C 32 37 31 2E 33 2C 38 2C 31 2C 30 2E 30 30 2C 30 2E 30 2C 30 2E 30 30
15:42:53.747    ← RX  0x36 46  hwid=5047 seq=14931
15:42:53.777    GPS → lat=36.058916 lon=-87.384056 alt=271.3m baro=0.0m sats=8 fix=True
15:43:03.917    ← RX  [RAW] 22 69 30 47 50 53 3A 33 36 2E 30 35 38 39 32 30 2C 2D 38 37 2E 33 38 34 30 35 30 2C 32 37 31 2E 36 2C 38 2C 31 2C 30 2E 30 30 2C 30 2E 30 2C 30 2E 30 30
15:43:03.938    ← RX  0x36 46  hwid=5047 seq=14931
15:43:03.944    GPS → lat=36.058920 lon=-87.384050 alt=271.6m baro=0.0m sats=8 fix=True
15:43:14.092    ← RX  [RAW] 22 69 30 47 50 53 3A 33 36 2E 30 35 38 39 31 30 2C 2D 38 37 2E 33 38 34 30 35 36 2C 32 36 38 2E 30 2C 38 2C 31 2C 30 2E 30 30 2C 30 2E 30 2C 30 2E 30 30
15:43:14.116    ← RX  0x36 46  hwid=5047 seq=14931
15:43:14.129    GPS → lat=36.058910 lon=-87.384056 alt=268.0m baro=0.0m sats=8 fix=True
15:43:24.267    ← RX  [RAW] 22 69 30 47 50 53 3A 33 36 2E 30 35 38 39 31 30 2C 2D 38 37 2E 33 38 34 30 37 30 2C 32 36 38 2E 37 2C 37 2C 31 2C 30 2E 30 30 2C 30 2E 30 2C 30 2E 30 30
15:43:24.282    ← RX  0x36 46  hwid=5047 seq=14931
15:43:24.287    GPS → lat=36.058910 lon=-87.384070 alt=268.7m baro=0.0m sats=7 fix=True
15:43:34.442    ← RX  [RAW] 22 69 30 47 50 53 3A 33 36 2E 30 35 38 39 30 38 2C 2D 38 37 2E 33 38 34 30 39 30 2C 32 36 38 2E 33 2C 37 2C 31 2C 30 2E 30 30 2C 30 2E 30 2C 30 2E 30 30
15:43:34.468    ← RX  0x36 46  hwid=5047 seq=14931
15:43:34.497    GPS → lat=36.058908 lon=-87.384090 alt=268.3m baro=0.0m sats=7 fix=True
15:43:44.618    ← RX  [RAW] 22 69 30 47 50 53 3A 33 36 2E 30 35 38 39 30 38 2C 2D 38 37 2E 33 38 34 31 30 30 2C 32 36 39 2E 39 2C 37 2C 31 2C 30 2E 30 30 2C 30 2E 30 2C 30 2E 30 30
15:43:44.628    ← RX  0x36 46  hwid=5047 seq=14931
15:43:44.633    GPS → lat=36.058908 lon=-87.384100 alt=269.9m baro=0.0m sats=7 fix=True
15:43:54.777    ← RX  [RAW] 22 69 30 47 50 53 3A 33 36 2E 30 35 38 39 31 30 2C 2D 38 37 2E 33 38 34 31 31 30 2C 32 37 32 2E 31 2C 37 2C 31 2C 30 2E 30 30 2C 30 2E 30 2C 30 2E 30 30
15:43:54.814    ← RX  0x36 46  hwid=5047 seq=14931
15:43:54.838    GPS → lat=36.058910 lon=-87.384110 alt=272.1m baro=0.0m sats=7 fix=True
15:44:04.952    ← RX  [RAW] 22 69 30 47 50 53 3A 33 36 2E 30 35 38 39 30 30 2C 2D 38 37 2E 33 38 34 31 31 30 2C 32 36 39 2E 32 2C 37 2C 31 2C 30 2E 30 30 2C 30 2E 30 2C 30 2E 30 30
15:44:04.970    ← RX  0x36 46  hwid=5047 seq=14931
15:44:04.975    GPS → lat=36.058900 lon=-87.384110 alt=269.2m baro=0.0m sats=7 fix=True
15:44:15.175    ← RX  [RAW] 22 69 30 47 50 53 3A 33 36 2E 30 35 38 38 39 36 2C 2D 38 37 2E 33 38 34 31 30 30 2C 32 36 37 2E 37 2C 37 2C 31 2C 30 2E 30 30 2C 30 2E 30 2C 30 2E 30 30
15:44:15.190    ← RX  0x36 46  hwid=5047 seq=14931
15:44:15.203    GPS → lat=36.058896 lon=-87.384100 alt=267.7m baro=0.0m sats=7 fix=True
15:44:25.366    ← RX  [RAW] 22 69 30 47 50 53 3A 33 36 2E 30 35 38 39 30 34 2C 2D 38 37 2E 33 38 34 31 31 30 2C 32 37 32 2E 38 2C 37 2C 31 2C 30 2E 30 30 2C 30 2E 30 2C 30 2E 30 30
15:44:25.390    ← RX  0x36 46  hwid=5047 seq=14931
15:44:25.395    GPS → lat=36.058904 lon=-87.384110 alt=272.8m baro=0.0m sats=7 fix=True
15:44:35.542    ← RX  [RAW] 22 69 30 47 50 53 3A 33 36 2E 30 35 38 38 39 30 2C 2D 38 37 2E 33 38 34 31 30 30 2C 32 36 38 2E 31 2C 37 2C 31 2C 30 2E 30 30 2C 30 2E 30 2C 30 2E 30 30
15:44:35.554    ← RX  0x36 46  hwid=5047 seq=14931
15:44:35.567    GPS → lat=36.058890 lon=-87.384100 alt=268.1m baro=0.0m sats=7 fix=True
15:44:45.716    ← RX  [RAW] 22 69 30 47 50 53 3A 33 36 2E 30 35 38 38 39 36 2C 2D 38 37 2E 33 38 34 30 39 32 2C 32 36 38 2E 39 2C 37 2C 31 2C 30 2E 30 30 2C 30 2E 30 2C 30 2E 30 30
15:44:45.760    ← RX  0x36 46  hwid=5047 seq=14931
15:44:45.766    GPS → lat=36.058896 lon=-87.384092 alt=268.9m baro=0.0m sats=7 fix=True
15:44:55.940    ← RX  [RAW] 22 69 30 47 50 53 3A 33 36 2E 30 35 38 39 30 30 2C 2D 38 37 2E 33 38 34 30 39 30 2C 32 37 31 2E 31 2C 37 2C 31 2C 30 2E 30 30 2C 30 2E 30 2C 30 2E 30 30
15:44:55.962    ← RX  0x36 46  hwid=5047 seq=14931
15:44:55.976    GPS → lat=36.058900 lon=-87.384090 alt=271.1m baro=0.0m sats=7 fix=True
15:45:06.115    ← RX  [RAW] 22 69 30 47 50 53 3A 33 36 2E 30 35 38 39 32 30 2C 2D 38 37 2E 33 38 34 30 39 30 2C 32 38 30 2E 34 2C 38 2C 31 2C 30 2E 30 30 2C 30 2E 30 2C 30 2E 30 30
15:45:06.146    ← RX  0x36 46  hwid=5047 seq=14931
15:45:06.151    GPS → lat=36.058920 lon=-87.384090 alt=280.4m baro=0.0m sats=8 fix=True
15:45:16.274    ← RX  [RAW] 22 69 30 47 50 53 3A 33 36 2E 30 35 38 39 32 30 2C 2D 38 37 2E 33 38 34 30 39 30 2C 32 38 30 2E 33 2C 37 2C 31 2C 30 2E 30 30 2C 30 2E 30 2C 30 2E 30 30
15:45:16.288    ← RX  0x36 46  hwid=5047 seq=14931
15:45:16.294    GPS → lat=36.058920 lon=-87.384090 alt=280.3m baro=0.0m sats=7 fix=True
15:45:26.450    ← RX  [RAW] 22 69 30 47 50 53 3A 33 36 2E 30 35 38 39 31 36 2C 2D 38 37 2E 33 38 34 30 39 30 2C 32 37 38 2E 36 2C 38 2C 31 2C 30 2E 30 30 2C 30 2E 30 2C 30 2E 30 30
15:45:26.472    ← RX  0x36 46  hwid=5047 seq=14931
15:45:26.477    GPS → lat=36.058916 lon=-87.384090 alt=278.6m baro=0.0m sats=8 fix=True
15:45:36.625    ← RX  [RAW] 22 69 30 47 50 53 3A 33 36 2E 30 35 38 39 31 36 2C 2D 38 37 2E 33 38 34 30 39 30 2C 32 37 38 2E 33 2C 37 2C 31 2C 30 2E 30 30 2C 30 2E 30 2C 30 2E 30 30
15:45:36.651    ← RX  0x36 46  hwid=5047 seq=14931
15:45:36.680    GPS → lat=36.058916 lon=-87.384090 alt=278.3m baro=0.0m sats=7 fix=True
15:45:46.800    ← RX  [RAW] 22 69 30 47 50 53 3A 33 36 2E 30 35 38 39 31 36 2C 2D 38 37 2E 33 38 34 30 38 30 2C 32 37 38 2E 37 2C 37 2C 31 2C 30 2E 30 30 2C 30 2E 30 2C 30 2E 30 30
15:45:46.814    ← RX  0x36 46  hwid=5047 seq=14931
15:45:46.822    GPS → lat=36.058916 lon=-87.384080 alt=278.7m baro=0.0m sats=7 fix=True
15:45:57.023    ← RX  [RAW] 22 69 30 47 50 53 3A 33 36 2E 30 35 38 39 31 30 2C 2D 38 37 2E 33 38 34 30 39 30 2C 32 37 36 2E 33 2C 37 2C 31 2C 30 2E 30 30 2C 30 2E 30 2C 30 2E 30 30
15:45:57.037    ← RX  0x36 46  hwid=5047 seq=14931
15:45:57.062    GPS → lat=36.058910 lon=-87.384090 alt=276.3m baro=0.0m sats=7 fix=True
15:46:07.230    ← RX  [RAW] 22 69 30 47 50 53 3A 33 36 2E 30 35 38 39 30 38 2C 2D 38 37 2E 33 38 34 30 39 32 2C 32 37 35 2E 38 2C 37 2C 31 2C 30 2E 30 30 2C 30 2E 30 2C 30 2E 30 30
15:46:07.250    ← RX  0x36 46  hwid=5047 seq=14931
15:46:07.259    GPS → lat=36.058908 lon=-87.384092 alt=275.8m baro=0.0m sats=7 fix=True
15:46:17.406    ← RX  [RAW] 22 69 30 47 50 53 3A 33 36 2E 30 35 38 39 30 38 2C 2D 38 37 2E 33 38 34 30 39 32 2C 32 37 34 2E 31 2C 37 2C 31 2C 30 2E 30 30 2C 30 2E 30 2C 30 2E 30 30
15:46:17.422    ← RX  0x36 46  hwid=5047 seq=14931
15:46:17.452    GPS → lat=36.058908 lon=-87.384092 alt=274.1m baro=0.0m sats=7 fix=True
15:46:27.581    ← RX  [RAW] 22 69 30 47 50 53 3A 33 36 2E 30 35 38 39 31 30 2C 2D 38 37 2E 33 38 34 31 32 30 2C 32 37 35 2E 35 2C 37 2C 31 2C 30 2E 30 30 2C 30 2E 30 2C 30 2E 30 30
15:46:27.588    ← RX  0x36 46  hwid=5047 seq=14931
15:46:27.594    GPS → lat=36.058910 lon=-87.384120 alt=275.5m baro=0.0m sats=7 fix=True
15:46:37.740    ← RX  [RAW] 22 69 30 47 50 53 3A 33 36 2E 30 35 38 39 32 30 2C 2D 38 37 2E 33 38 34 31 35 30 2C 32 38 35 2E 35 2C 37 2C 31 2C 30 2E 30 30 2C 30 2E 30 2C 30 2E 30 30
15:46:37.766    ← RX  0x36 46  hwid=5047 seq=14931
15:46:37.796    GPS → lat=36.058920 lon=-87.384150 alt=285.5m baro=0.0m sats=7 fix=True
15:46:47.931    ← RX  [RAW] 22 69 30 47 50 53 3A 33 36 2E 30 35 38 39 33 30 2C 2D 38 37 2E 33 38 34 31 35 30 2C 32 39 30 2E 32 2C 37 2C 31 2C 30 2E 30 30 2C 30 2E 30 2C 30 2E 30 30
15:46:47.946    ← RX  0x36 46  hwid=5047 seq=14931
15:46:47.952    GPS → lat=36.058930 lon=-87.384150 alt=290.2m baro=0.0m sats=7 fix=True
15:46:58.106    ← RX  [RAW] 22 69 30 47 50 53 3A 33 36 2E 30 35 38 39 32 30 2C 2D 38 37 2E 33 38 34 31 35 30 2C 32 39 30 2E 36 2C 37 2C 31 2C 30 2E 30 30 2C 30 2E 30 2C 30 2E 30 30
15:46:58.140    ← RX  0x36 46  hwid=5047 seq=14931
15:46:58.170    GPS → lat=36.058920 lon=-87.384150 alt=290.6m baro=0.0m sats=7 fix=True
15:47:08.281    ← RX  [RAW] 22 69 30 47 50 53 3A 33 36 2E 30 35 38 39 31 30 2C 2D 38 37 2E 33 38 34 31 35 30 2C 32 39 30 2E 38 2C 37 2C 31 2C 30 2E 30 30 2C 30 2E 30 2C 30 2E 30 30
15:47:08.298    ← RX  0x36 46  hwid=5047 seq=14931
15:47:08.303    GPS → lat=36.058910 lon=-87.384150 alt=290.8m baro=0.0m sats=7 fix=True
15:47:18.441    ← RX  [RAW] 22 69 30 47 50 53 3A 33 36 2E 30 35 38 39 31 30 2C 2D 38 37 2E 33 38 34 31 35 30 2C 32 39 31 2E 39 2C 37 2C 31 2C 30 2E 30 30 2C 30 2E 30 2C 30 2E 30 30
15:47:18.452    ← RX  0x36 46  hwid=5047 seq=14931
15:47:18.466    GPS → lat=36.058910 lon=-87.384150 alt=291.9m baro=0.0m sats=7 fix=True
15:47:28.680    ← RX  [RAW] 22 69 30 47 50 53 3A 33 36 2E 30 35 38 39 31 30 2C 2D 38 37 2E 33 38 34 31 33 32 2C 32 39 31 2E 34 2C 37 2C 31 2C 30 2E 30 30 2C 30 2E 30 2C 30 2E 30 30
15:47:28.703    ← RX  0x36 46  hwid=5047 seq=14931
15:47:28.708    GPS → lat=36.058910 lon=-87.384132 alt=291.4m baro=0.0m sats=7 fix=True
15:47:38.903    ← RX  [RAW] 22 69 30 47 50 53 3A 33 36 2E 30 35 38 39 30 38 2C 2D 38 37 2E 33 38 34 31 30 30 2C 32 38 35 2E 37 2C 37 2C 31 2C 30 2E 30 30 2C 30 2E 30 2C 30 2E 30 30
15:47:38.932    ← RX  0x36 46  hwid=5047 seq=14931
15:47:38.954    GPS → lat=36.058908 lon=-87.384100 alt=285.7m baro=0.0m sats=7 fix=True
15:47:49.095    ← RX  [RAW] 22 69 30 47 50 53 3A 33 36 2E 30 35 38 39 30 34 2C 2D 38 37 2E 33 38 34 30 39 32 2C 32 37 39 2E 34 2C 37 2C 31 2C 30 2E 30 30 2C 30 2E 30 2C 30 2E 30 30
15:47:49.112    ← RX  0x36 46  hwid=5047 seq=14931
15:47:49.118    GPS → lat=36.058904 lon=-87.384092 alt=279.4m baro=0.0m sats=7 fix=True
15:47:59.270    ← RX  [RAW] 22 69 30 47 50 53 3A 33 36 2E 30 35 38 38 39 30 2C 2D 38 37 2E 33 38 34 31 31 30 2C 32 37 32 2E 39 2C 38 2C 31 2C 30 2E 30 30 2C 30 2E 30 2C 30 2E 30 30
15:47:59.287    ← RX  0x36 46  hwid=5047 seq=14931
15:47:59.300    GPS → lat=36.058890 lon=-87.384110 alt=272.9m baro=0.0m sats=8 fix=True
15:48:09.445    ← RX  [RAW] 22 69 30 47 50 53 3A 33 36 2E 30 35 38 38 38 38 2C 2D 38 37 2E 33 38 34 31 32 30 2C 32 36 39 2E 33 2C 38 2C 31 2C 30 2E 30 30 2C 30 2E 30 2C 30 2E 30 30
15:48:09.462    ← RX  0x36 46  hwid=5047 seq=14931
15:48:09.468    GPS → lat=36.058888 lon=-87.384120 alt=269.3m baro=0.0m sats=8 fix=True
15:48:19.620    ← RX  [RAW] 22 69 30 47 50 53 3A 33 36 2E 30 35 38 38 38 34 2C 2D 38 37 2E 33 38 34 31 32 30 2C 32 36 37 2E 37 2C 37 2C 31 2C 30 2E 30 30 2C 30 2E 30 2C 30 2E 30 30
15:48:19.634    ← RX  0x36 46  hwid=5047 seq=14931
15:48:19.664    GPS → lat=36.058884 lon=-87.384120 alt=267.7m baro=0.0m sats=7 fix=True
15:48:29.795    ← RX  [RAW] 22 69 30 47 50 53 3A 33 36 2E 30 35 38 38 38 34 2C 2D 38 37 2E 33 38 34 31 33 32 2C 32 36 37 2E 39 2C 37 2C 31 2C 30 2E 30 30 2C 30 2E 30 2C 30 2E 30 30
15:48:29.820    ← RX  0x36 46  hwid=5047 seq=14931
15:48:29.826    GPS → lat=36.058884 lon=-87.384132 alt=267.9m baro=0.0m sats=7 fix=True
15:48:39.987    ← RX  [RAW] 22 69 30 47 50 53 3A 33 36 2E 30 35 38 38 39 30 2C 2D 38 37 2E 33 38 34 31 33 30 2C 32 36 39 2E 34 2C 37 2C 31 2C 30 2E 30 30 2C 30 2E 30 2C 30 2E 30 30
15:48:39.996    ← RX  0x36 46  hwid=5047 seq=14931
15:48:40.010    GPS → lat=36.058890 lon=-87.384130 alt=269.4m baro=0.0m sats=7 fix=True
15:48:50.146    ← RX  [RAW] 22 69 30 47 50 53 3A 33 36 2E 30 35 38 38 39 30 2C 2D 38 37 2E 33 38 34 31 35 30 2C 32 36 38 2E 37 2C 37 2C 31 2C 30 2E 30 30 2C 30 2E 30 2C 30 2E 30 30
15:48:50.172    ← RX  0x36 46  hwid=5047 seq=14931
15:48:50.177    GPS → lat=36.058890 lon=-87.384150 alt=268.7m baro=0.0m sats=7 fix=True
15:49:00.321    ← RX  [RAW] 22 69 30 47 50 53 3A 33 36 2E 30 35 38 38 39 36 2C 2D 38 37 2E 33 38 34 31 35 30 2C 32 36 34 2E 34 2C 37 2C 31 2C 30 2E 30 30 2C 30 2E 30 2C 30 2E 30 30
15:49:00.338    ← RX  0x36 46  hwid=5047 seq=14931
15:49:00.352    GPS → lat=36.058896 lon=-87.384150 alt=264.4m baro=0.0m sats=7 fix=True
15:49:10.496    ← RX  [RAW] 22 69 30 47 50 53 3A 33 36 2E 30 35 38 38 39 30 2C 2D 38 37 2E 33 38 34 31 33 30 2C 32 36 32 2E 33 2C 37 2C 31 2C 30 2E 30 30 2C 30 2E 30 2C 30 2E 30 30
15:49:10.529    ← RX  0x36 46  hwid=5047 seq=14931
15:49:10.536    GPS → lat=36.058890 lon=-87.384130 alt=262.3m baro=0.0m sats=7 fix=True
15:49:20.735    ← RX  [RAW] 22 69 30 47 50 53 3A 33 36 2E 30 35 38 38 38 34 2C 2D 38 37 2E 33 38 34 31 32 30 2C 32 36 30 2E 34 2C 36 2C 31 2C 30 2E 30 30 2C 30 2E 30 2C 30 2E 30 30
15:49:20.757    ← RX  0x36 46  hwid=5047 seq=14931
15:49:20.772    GPS → lat=36.058884 lon=-87.384120 alt=260.4m baro=0.0m sats=6 fix=True
15:49:30.926    ← RX  [RAW] 22 69 30 47 50 53 3A 33 36 2E 30 35 38 38 38 38 2C 2D 38 37 2E 33 38 34 31 31 30 2C 32 36 30 2E 33 2C 37 2C 31 2C 30 2E 30 30 2C 30 2E 30 2C 30 2E 30 30
15:49:30.938    ← RX  0x36 46  hwid=5047 seq=14931
15:49:30.944    GPS → lat=36.058888 lon=-87.384110 alt=260.3m baro=0.0m sats=7 fix=True
15:49:41.086    ← RX  [RAW] 22 69 30 47 50 53 3A 33 36 2E 30 35 38 38 37 36 2C 2D 38 37 2E 33 38 34 30 39 32 2C 32 35 38 2E 39 2C 37 2C 31 2C 30 2E 30 30 2C 30 2E 30 2C 30 2E 30 30
15:49:41.104    ← RX  0x36 46  hwid=5047 seq=14931
15:49:41.133    GPS → lat=36.058876 lon=-87.384092 alt=258.9m baro=0.0m sats=7 fix=True
15:49:51.325    ← RX  [RAW] 22 69 30 47 50 53 3A 33 36 2E 30 35 38 38 35 30 2C 2D 38 37 2E 33 38 34 30 37 30 2C 32 35 37 2E 33 2C 37 2C 31 2C 30 2E 30 30 2C 30 2E 30 2C 30 2E 30 30
15:49:51.334    ← RX  0x36 46  hwid=5047 seq=14931
15:49:51.339    GPS → lat=36.058850 lon=-87.384070 alt=257.3m baro=0.0m sats=7 fix=True
15:50:01.484    ← RX  [RAW] 22 69 30 47 50 53 3A 33 36 2E 30 35 38 38 35 30 2C 2D 38 37 2E 33 38 34 30 36 30 2C 32 35 37 2E 36 2C 37 2C 31 2C 30 2E 30 30 2C 30 2E 30 2C 30 2E 30 30
15:50:01.505    ← RX  0x36 46  hwid=5047 seq=14931
15:50:01.518    GPS → lat=36.058850 lon=-87.384060 alt=257.6m baro=0.0m sats=7 fix=True
15:50:11.659    ← RX  [RAW] 22 69 30 47 50 53 3A 33 36 2E 30 35 38 38 35 32 2C 2D 38 37 2E 33 38 34 30 37 30 2C 32 35 37 2E 31 2C 37 2C 31 2C 30 2E 30 30 2C 30 2E 30 2C 30 2E 30 30
15:50:11.683    ← RX  0x36 46  hwid=5047 seq=14931
15:50:11.689    GPS → lat=36.058852 lon=-87.384070 alt=257.1m baro=0.0m sats=7 fix=True
15:50:21.835    ← RX  [RAW] 22 69 30 47 50 53 3A 33 36 2E 30 35 38 38 32 38 2C 2D 38 37 2E 33 38 34 30 35 36 2C 32 35 35 2E 33 2C 37 2C 31 2C 30 2E 30 30 2C 30 2E 30 2C 30 2E 30 30
15:50:21.858    ← RX  0x36 46  hwid=5047 seq=14931
15:50:21.887    GPS → lat=36.058828 lon=-87.384056 alt=255.3m baro=0.0m sats=7 fix=True
15:50:32.026    ← RX  [RAW] 22 69 30 47 50 53 3A 33 36 2E 30 35 38 38 31 36 2C 2D 38 37 2E 33 38 34 30 34 30 2C 32 35 33 2E 37 2C 37 2C 31 2C 30 2E 30 30 2C 30 2E 30 2C 30 2E 30 30
15:50:32.040    ← RX  0x36 46  hwid=5047 seq=14931
15:50:32.045    GPS → lat=36.058816 lon=-87.384040 alt=253.7m baro=0.0m sats=7 fix=True
15:50:42.185    ← RX  [RAW] 22 69 30 47 50 53 3A 33 36 2E 30 35 38 38 32 38 2C 2D 38 37 2E 33 38 34 30 35 30 2C 32 35 35 2E 33 2C 37 2C 31 2C 30 2E 30 30 2C 30 2E 30 2C 30 2E 30 30
15:50:42.206    ← RX  0x36 46  hwid=5047 seq=14931
15:50:42.234    GPS → lat=36.058828 lon=-87.384050 alt=255.3m baro=0.0m sats=7 fix=True
15:50:52.361    ← RX  [RAW] 22 69 30 47 50 53 3A 33 36 2E 30 35 38 38 34 34 2C 2D 38 37 2E 33 38 34 30 36 30 2C 32 35 38 2E 33 2C 37 2C 31 2C 30 2E 30 30 2C 30 2E 30 2C 30 2E 30 30
15:50:52.378    ← RX  0x36 46  hwid=5047 seq=14931
15:50:52.383    GPS → lat=36.058844 lon=-87.384060 alt=258.3m baro=0.0m sats=7 fix=True
15:51:02.584    ← RX  [RAW] 22 69 30 47 50 53 3A 33 36 2E 30 35 38 38 35 32 2C 2D 38 37 2E 33 38 34 30 36 30 2C 32 35 36 2E 34 2C 37 2C 31 2C 30 2E 30 30 2C 30 2E 30 2C 30 2E 30 30
15:51:02.615    ← RX  0x36 46  hwid=5047 seq=14931
15:51:02.628    GPS → lat=36.058852 lon=-87.384060 alt=256.4m baro=0.0m sats=7 fix=True
15:51:12.791    ← RX  [RAW] 22 69 30 47 50 53 3A 33 36 2E 30 35 38 38 33 36 2C 2D 38 37 2E 33 38 34 30 35 36 2C 32 35 33 2E 36 2C 37 2C 31 2C 30 2E 30 30 2C 30 2E 30 2C 30 2E 30 30
15:51:12.814    ← RX  0x36 46  hwid=5047 seq=14931
15:51:12.820    GPS → lat=36.058836 lon=-87.384056 alt=253.6m baro=0.0m sats=7 fix=True
15:51:22.966    ← RX  [RAW] 22 69 30 47 50 53 3A 33 36 2E 30 35 38 38 32 34 2C 2D 38 37 2E 33 38 34 30 34 30 2C 32 35 32 2E 38 2C 37 2C 31 2C 30 2E 30 30 2C 30 2E 30 2C 30 2E 30 30
15:51:22.994    ← RX  0x36 46  hwid=5047 seq=14931
15:51:23.023    GPS → lat=36.058824 lon=-87.384040 alt=252.8m baro=0.0m sats=7 fix=True
15:51:32.277    ← RX  [RAW] 22 69 1E 01 00 00 00 01 11 4F 70 65 6E 4C 53 54 20 42 4C 20 63 33 61 35 32 65 61 2D 64 69 72 74 79
15:51:32.309    ← RX  ascii 79  hwid=0001 seq=0
15:51:33.141    ← RX  [RAW] 22 69 30 47 50 53 3A 33 36 2E 30 35 38 38 33 36 2C 2D 38 37 2E 33 38 34 30 35 30 2C 32 35 35 2E 30 2C 37 2C 31 2C 30 2E 30 30 2C 30 2E 30 2C 30 2E 30 30
15:51:33.166    ← RX  0x36 46  hwid=5047 seq=14931
15:51:33.182    GPS → lat=36.058836 lon=-87.384050 alt=255.0m baro=0.0m sats=7 fix=True
15:51:43.316    ← RX  [RAW] 22 69 30 47 50 53 3A 33 36 2E 30 35 38 38 35 30 2C 2D 38 37 2E 33 38 34 30 35 36 2C 32 35 34 2E 31 2C 36 2C 31 2C 30 2E 30 30 2C 30 2E 30 2C 30 2E 30 30
15:51:43.322    ← RX  0x36 46  hwid=5047 seq=14931
15:51:43.335    GPS → lat=36.058850 lon=-87.384056 alt=254.1m baro=0.0m sats=6 fix=True
15:51:53.492    ← RX  [RAW] 22 69 30 47 50 53 3A 33 36 2E 30 35 38 38 36 30 2C 2D 38 37 2E 33 38 34 30 39 30 2C 32 36 32 2E 37 2C 37 2C 31 2C 30 2E 30 30 2C 30 2E 30 2C 30 2E 30 30
15:51:53.510    ← RX  0x36 46  hwid=5047 seq=14931
15:51:53.525    GPS → lat=36.058860 lon=-87.384090 alt=262.7m baro=0.0m sats=7 fix=True
15:52:03.667    ← RX  [RAW] 22 69 30 47 50 53 3A 33 36 2E 30 35 38 38 35 36 2C 2D 38 37 2E 33 38 34 30 38 30 2C 32 36 32 2E 32 2C 37 2C 31 2C 30 2E 30 30 2C 30 2E 30 2C 30 2E 30 30
15:52:03.675    ← RX  0x36 46  hwid=5047 seq=14931
15:52:03.690    GPS → lat=36.058856 lon=-87.384080 alt=262.2m baro=0.0m sats=7 fix=True
15:52:13.842    ← RX  [RAW] 22 69 30 47 50 53 3A 33 36 2E 30 35 38 38 35 36 2C 2D 38 37 2E 33 38 34 30 38 30 2C 32 36 31 2E 35 2C 37 2C 31 2C 30 2E 30 30 2C 30 2E 30 2C 30 2E 30 30
15:52:13.871    ← RX  0x36 46  hwid=5047 seq=14931
15:52:13.889    GPS → lat=36.058856 lon=-87.384080 alt=261.5m baro=0.0m sats=7 fix=True
15:52:24.065    ← RX  [RAW] 22 69 30 47 50 53 3A 33 36 2E 30 35 38 38 35 36 2C 2D 38 37 2E 33 38 34 30 38 30 2C 32 36 31 2E 30 2C 37 2C 31 2C 30 2E 30 30 2C 30 2E 30 2C 30 2E 30 30
15:52:24.073    ← RX  0x36 46  hwid=5047 seq=14931
15:52:24.102    GPS → lat=36.058856 lon=-87.384080 alt=261.0m baro=0.0m sats=7 fix=True
15:52:34.241    ← RX  [RAW] 22 69 30 47 50 53 3A 33 36 2E 30 35 38 38 36 30 2C 2D 38 37 2E 33 38 34 30 39 30 2C 32 36 31 2E 31 2C 37 2C 31 2C 30 2E 30 30 2C 30 2E 30 2C 30 2E 30 30
15:52:34.253    ← RX  0x36 46  hwid=5047 seq=14931
15:52:34.269    GPS → lat=36.058860 lon=-87.384090 alt=261.1m baro=0.0m sats=7 fix=True
15:52:44.464    ← RX  [RAW] 22 69 30 47 50 53 3A 33 36 2E 30 35 38 38 35 36 2C 2D 38 37 2E 33 38 34 30 38 30 2C 32 35 38 2E 35 2C 37 2C 31 2C 30 2E 30 30 2C 30 2E 30 2C 30 2E 30 30
15:52:44.470    ← RX  0x36 46  hwid=5047 seq=14931
15:52:44.492    GPS → lat=36.058856 lon=-87.384080 alt=258.5m baro=0.0m sats=7 fix=True
15:52:54.655    ← RX  [RAW] 22 69 30 47 50 53 3A 33 36 2E 30 35 38 38 35 30 2C 2D 38 37 2E 33 38 34 30 37 30 2C 32 35 37 2E 35 2C 37 2C 31 2C 30 2E 30 30 2C 30 2E 30 2C 30 2E 30 30
15:52:54.686    ← RX  0x36 46  hwid=5047 seq=14931
15:52:54.716    GPS → lat=36.058850 lon=-87.384070 alt=257.5m baro=0.0m sats=7 fix=True
15:53:04.830    ← RX  [RAW] 22 69 30 47 50 53 3A 33 36 2E 30 35 38 38 34 34 2C 2D 38 37 2E 33 38 34 30 36 30 2C 32 35 38 2E 39 2C 37 2C 31 2C 30 2E 30 30 2C 30 2E 30 2C 30 2E 30 30
15:53:04.836    ← RX  0x36 46  hwid=5047 seq=14931
15:53:04.846    GPS → lat=36.058844 lon=-87.384060 alt=258.9m baro=0.0m sats=7 fix=True
15:53:15.006    ← RX  [RAW] 22 69 30 47 50 53 3A 33 36 2E 30 35 38 38 33 36 2C 2D 38 37 2E 33 38 34 30 35 36 2C 32 36 30 2E 34 2C 37 2C 31 2C 30 2E 30 30 2C 30 2E 30 2C 30 2E 30 30
15:53:15.022    ← RX  0x36 46  hwid=5047 seq=14931
15:53:15.038    GPS → lat=36.058836 lon=-87.384056 alt=260.4m baro=0.0m sats=7 fix=True
15:53:25.181    ← RX  [RAW] 22 69 30 47 50 53 3A 33 36 2E 30 35 38 38 33 36 2C 2D 38 37 2E 33 38 34 30 36 30 2C 32 36 32 2E 35 2C 37 2C 31 2C 30 2E 30 30 2C 30 2E 30 2C 30 2E 30 30
15:53:25.192    ← RX  0x36 46  hwid=5047 seq=14931
15:53:25.213    GPS → lat=36.058836 lon=-87.384060 alt=262.5m baro=0.0m sats=7 fix=True
15:53:35.356    ← RX  [RAW] 22 69 30 47 50 53 3A 33 36 2E 30 35 38 38 33 36 2C 2D 38 37 2E 33 38 34 30 38 30 2C 32 36 35 2E 33 2C 37 2C 31 2C 30 2E 30 30 2C 30 2E 30 2C 30 2E 30 30
15:53:35.390    ← RX  0x36 46  hwid=5047 seq=14931
15:53:35.422    GPS → lat=36.058836 lon=-87.384080 alt=265.3m baro=0.0m sats=7 fix=True
15:53:45.532    ← RX  [RAW] 22 69 30 47 50 53 3A 33 36 2E 30 35 38 38 33 36 2C 2D 38 37 2E 33 38 34 30 39 32 2C 32 36 34 2E 36 2C 36 2C 31 2C 30 2E 30 30 2C 30 2E 30 2C 30 2E 30 30
15:53:45.537    ← RX  0x36 46  hwid=5047 seq=14931
15:53:45.556    GPS → lat=36.058836 lon=-87.384092 alt=264.6m baro=0.0m sats=6 fix=True
15:53:55.707    ← RX  [RAW] 22 69 30 47 50 53 3A 33 36 2E 30 35 38 38 34 34 2C 2D 38 37 2E 33 38 34 30 39 32 2C 32 36 33 2E 35 2C 37 2C 31 2C 30 2E 30 30 2C 30 2E 30 2C 30 2E 30 30
15:53:55.721    ← RX  0x36 46  hwid=5047 seq=14931
15:53:55.752    GPS → lat=36.058844 lon=-87.384092 alt=263.5m baro=0.0m sats=7 fix=True
15:54:05.882    ← RX  [RAW] 22 69 30 47 50 53 3A 33 36 2E 30 35 38 38 35 32 2C 2D 38 37 2E 33 38 34 30 39 32 2C 32 36 34 2E 32 2C 37 2C 31 2C 30 2E 30 30 2C 30 2E 30 2C 30 2E 30 30
15:54:05.888    ← RX  0x36 46  hwid=5047 seq=14931
15:54:05.912    GPS → lat=36.058852 lon=-87.384092 alt=264.2m baro=0.0m sats=7 fix=True
15:54:16.057    ← RX  [RAW] 22 69 30 47 50 53 3A 33 36 2E 30 35 38 38 36 30 2C 2D 38 37 2E 33 38 34 30 39 32 2C 32 36 37 2E 38 2C 37 2C 31 2C 30 2E 30 30 2C 30 2E 30 2C 30 2E 30 30
15:54:16.084    ← RX  0x36 46  hwid=5047 seq=14931
15:54:16.100    GPS → lat=36.058860 lon=-87.384092 alt=267.8m baro=0.0m sats=7 fix=True
15:54:26.281    ← RX  [RAW] 22 69 30 47 50 53 3A 33 36 2E 30 35 38 38 36 34 2C 2D 38 37 2E 33 38 34 30 39 30 2C 32 36 38 2E 37 2C 36 2C 31 2C 30 2E 30 30 2C 30 2E 30 2C 30 2E 30 30
15:54:26.292    ← RX  0x36 46  hwid=5047 seq=14931
15:54:26.321    GPS → lat=36.058864 lon=-87.384090 alt=268.7m baro=0.0m sats=6 fix=True
15:54:36.472    ← RX  [RAW] 22 69 30 47 50 53 3A 33 36 2E 30 35 38 38 37 30 2C 2D 38 37 2E 33 38 34 30 38 30 2C 32 36 36 2E 38 2C 36 2C 31 2C 30 2E 30 30 2C 30 2E 30 2C 30 2E 30 30
15:54:36.499    ← RX  0x36 46  hwid=5047 seq=14931
15:54:36.527    GPS → lat=36.058870 lon=-87.384080 alt=266.8m baro=0.0m sats=6 fix=True
15:54:46.631    ← RX  [RAW] 22 69 30 47 50 53 3A 33 36 2E 30 35 38 38 36 34 2C 2D 38 37 2E 33 38 34 30 37 30 2C 32 36 31 2E 32 2C 36 2C 31 2C 30 2E 30 30 2C 30 2E 30 2C 30 2E 30 30
15:54:46.637    ← RX  0x36 46  hwid=5047 seq=14931
15:54:46.657    GPS → lat=36.058864 lon=-87.384070 alt=261.2m baro=0.0m sats=6 fix=True
15:54:56.871    ← RX  [RAW] 22 69 30 47 50 53 3A 33 36 2E 30 35 38 38 36 30 2C 2D 38 37 2E 33 38 34 30 39 30 2C 32 36 34 2E 36 2C 37 2C 31 2C 30 2E 30 30 2C 30 2E 30 2C 30 2E 30 30
15:54:56.894    ← RX  0x36 46  hwid=5047 seq=14931
15:54:56.910    GPS → lat=36.058860 lon=-87.384090 alt=264.6m baro=0.0m sats=7 fix=True
15:55:07.030    ← RX  [RAW] 22 69 30 47 50 53 3A 33 36 2E 30 35 38 38 36 30 2C 2D 38 37 2E 33 38 34 30 39 32 2C 32 36 35 2E 30 2C 37 2C 31 2C 30 2E 30 30 2C 30 2E 30 2C 30 2E 30 30
15:55:07.042    ← RX  0x36 46  hwid=5047 seq=14931
15:55:07.075    GPS → lat=36.058860 lon=-87.384092 alt=265.0m baro=0.0m sats=7 fix=True
15:55:17.205    ← RX  [RAW] 22 69 30 47 50 53 3A 33 36 2E 30 35 38 38 36 34 2C 2D 38 37 2E 33 38 34 30 39 32 2C 32 36 35 2E 31 2C 37 2C 31 2C 30 2E 30 30 2C 30 2E 30 2C 30 2E 30 30
15:55:17.236    ← RX  0x36 46  hwid=5047 seq=14931
15:55:17.259    GPS → lat=36.058864 lon=-87.384092 alt=265.1m baro=0.0m sats=7 fix=True
15:55:37.556    ← RX  [RAW] 22 69 30 47 50 53 3A 33 36 2E 30 35 38 38 35 36 2C 2D 38 37 2E 33 38 34 31 32 30 2C 32 36 35 2E 33 2C 36 2C 31 2C 30 2E 30 30 2C 30 2E 30 2C 30 2E 30 30
15:55:37.567    ← RX  0x36 46  hwid=5047 seq=14931
15:55:37.574    GPS → lat=36.058856 lon=-87.384120 alt=265.3m baro=0.0m sats=6 fix=True
15:55:47.731    ← RX  [RAW] 22 69 30 47 50 53 3A 33 36 2E 30 35 38 38 33 36 2C 2D 38 37 2E 33 38 34 31 33 32 2C 32 35 39 2E 30 2C 36 2C 31 2C 30 2E 30 30 2C 30 2E 30 2C 30 2E 30 30
15:55:47.760    ← RX  0x36 46  hwid=5047 seq=14931
15:55:47.776    GPS → lat=36.058836 lon=-87.384132 alt=259.0m baro=0.0m sats=6 fix=True
15:55:57.906    ← RX  [RAW] 22 69 30 47 50 53 3A 33 36 2E 30 35 38 38 34 34 2C 2D 38 37 2E 33 38 34 31 32 30 2C 32 35 38 2E 30 2C 36 2C 31 2C 30 2E 30 30 2C 30 2E 30 2C 30 2E 30 30
15:55:57.912    ← RX  0x36 46  hwid=5047 seq=14931
15:55:57.941    GPS → lat=36.058844 lon=-87.384120 alt=258.0m baro=0.0m sats=6 fix=True
15:56:08.145    ← RX  [RAW] 22 69 30 47 50 53 3A 33 36 2E 30 35 38 38 34 34 2C 2D 38 37 2E 33 38 34 31 33 32 2C 32 35 36 2E 39 2C 36 2C 31 2C 30 2E 30 30 2C 30 2E 30 2C 30 2E 30 30
15:56:08.161    ← RX  0x36 46  hwid=5047 seq=14931
15:56:08.186    GPS → lat=36.058844 lon=-87.384132 alt=256.9m baro=0.0m sats=6 fix=True
15:56:18.337    ← RX  [RAW] 22 69 30 47 50 53 3A 33 36 2E 30 35 38 38 34 30 2C 2D 38 37 2E 33 38 34 31 35 32 2C 32 36 30 2E 37 2C 36 2C 31 2C 30 2E 30 30 2C 30 2E 30 2C 30 2E 30 30
15:56:18.344    ← RX  0x36 46  hwid=5047 seq=14931
15:56:18.363    GPS → lat=36.058840 lon=-87.384152 alt=260.7m baro=0.0m sats=6 fix=True
15:56:28.512    ← RX  [RAW] 22 69 30 47 50 53 3A 33 36 2E 30 35 38 38 35 30 2C 2D 38 37 2E 33 38 34 31 35 30 2C 32 36 31 2E 32 2C 37 2C 31 2C 30 2E 30 30 2C 30 2E 30 2C 30 2E 30 30
15:56:28.526    ← RX  0x36 46  hwid=5047 seq=14931
15:56:28.544    GPS → lat=36.058850 lon=-87.384150 alt=261.2m baro=0.0m sats=7 fix=True
15:56:38.671    ← RX  [RAW] 22 69 30 47 50 53 3A 33 36 2E 30 35 38 38 35 32 2C 2D 38 37 2E 33 38 34 31 32 30 2C 32 35 36 2E 33 2C 37 2C 31 2C 30 2E 30 30 2C 30 2E 30 2C 30 2E 30 30
15:56:38.680    ← RX  0x36 46  hwid=5047 seq=14931
15:56:38.689    GPS → lat=36.058852 lon=-87.384120 alt=256.3m baro=0.0m sats=7 fix=True
15:56:48.862    ← RX  [RAW] 22 69 30 47 50 53 3A 33 36 2E 30 35 38 38 36 30 2C 2D 38 37 2E 33 38 34 30 39 30 2C 32 35 33 2E 32 2C 36 2C 31 2C 30 2E 30 30 2C 30 2E 30 2C 30 2E 30 30
15:56:48.890    ← RX  0x36 46  hwid=5047 seq=14931
15:56:48.910    GPS → lat=36.058860 lon=-87.384090 alt=253.2m baro=0.0m sats=6 fix=True
15:56:59.037    ← RX  [RAW] 22 69 30 47 50 53 3A 33 36 2E 30 35 38 38 36 34 2C 2D 38 37 2E 33 38 34 30 39 30 2C 32 35 36 2E 31 2C 37 2C 31 2C 30 2E 30 30 2C 30 2E 30 2C 30 2E 30 30
15:56:59.043    ← RX  0x36 46  hwid=5047 seq=14931
15:56:59.066    GPS → lat=36.058864 lon=-87.384090 alt=256.1m baro=0.0m sats=7 fix=True
15:57:09.213    ← RX  [RAW] 22 69 30 47 50 53 3A 33 36 2E 30 35 38 38 37 30 2C 2D 38 37 2E 33 38 34 30 39 30 2C 32 36 30 2E 31 2C 37 2C 31 2C 30 2E 30 30 2C 30 2E 30 2C 30 2E 30 30
15:57:09.226    ← RX  0x36 46  hwid=5047 seq=14931
15:57:09.247    GPS → lat=36.058870 lon=-87.384090 alt=260.1m baro=0.0m sats=7 fix=True
15:57:19.436    ← RX  [RAW] 22 69 30 47 50 53 3A 33 36 2E 30 35 38 38 37 30 2C 2D 38 37 2E 33 38 34 30 39 30 2C 32 35 39 2E 37 2C 37 2C 31 2C 30 2E 30 30 2C 30 2E 30 2C 30 2E 30 30
15:57:19.442    ← RX  0x36 46  hwid=5047 seq=14931
15:57:19.465    GPS → lat=36.058870 lon=-87.384090 alt=259.7m baro=0.0m sats=7 fix=True
15:57:29.611    ← RX  [RAW] 22 69 30 47 50 53 3A 33 36 2E 30 35 38 38 36 34 2C 2D 38 37 2E 33 38 34 30 39 32 2C 32 35 38 2E 33 2C 37 2C 31 2C 30 2E 30 30 2C 30 2E 30 2C 30 2E 30 30
15:57:29.640    ← RX  0x36 46  hwid=5047 seq=14931
15:57:29.671    GPS → lat=36.058864 lon=-87.384092 alt=258.3m baro=0.0m sats=7 fix=True
15:57:39.770    ← RX  [RAW] 22 69 30 47 50 53 3A 33 36 2E 30 35 38 38 36 34 2C 2D 38 37 2E 33 38 34 31 30 30 2C 32 35 37 2E 31 2C 37 2C 31 2C 30 2E 30 30 2C 30 2E 30 2C 30 2E 30 30
15:57:39.777    ← RX  0x36 46  hwid=5047 seq=14931
15:57:39.812    GPS → lat=36.058864 lon=-87.384100 alt=257.1m baro=0.0m sats=7 fix=True
15:57:50.010    ← RX  [RAW] 22 69 30 47 50 53 3A 33 36 2E 30 35 38 38 36 30 2C 2D 38 37 2E 33 38 34 31 31 30 2C 32 36 30 2E 34 2C 37 2C 31 2C 30 2E 30 30 2C 30 2E 30 2C 30 2E 30 30
15:57:50.039    ← RX  0x36 46  hwid=5047 seq=14931
15:57:50.054    GPS → lat=36.058860 lon=-87.384110 alt=260.4m baro=0.0m sats=7 fix=True
15:58:00.217    ← RX  [RAW] 22 69 30 47 50 53 3A 33 36 2E 30 35 38 38 35 36 2C 2D 38 37 2E 33 38 34 31 31 30 2C 32 36 30 2E 37 2C 36 2C 31 2C 30 2E 30 30 2C 30 2E 30 2C 30 2E 30 30
15:58:00.222    ← RX  0x36 46  hwid=5047 seq=14931
15:58:00.239    GPS → lat=36.058856 lon=-87.384110 alt=260.7m baro=0.0m sats=6 fix=True
15:58:10.392    ← RX  [RAW] 22 69 30 47 50 53 3A 33 36 2E 30 35 38 38 35 36 2C 2D 38 37 2E 33 38 34 31 31 30 2C 32 36 30 2E 31 2C 36 2C 31 2C 30 2E 30 30 2C 30 2E 30 2C 30 2E 30 30
15:58:10.417    ← RX  0x36 46  hwid=5047 seq=14931
15:58:10.431    GPS → lat=36.058856 lon=-87.384110 alt=260.1m baro=0.0m sats=6 fix=True
15:58:20.551    ← RX  [RAW] 22 69 30 47 50 53 3A 33 36 2E 30 35 38 38 35 32 2C 2D 38 37 2E 33 38 34 31 30 30 2C 32 36 31 2E 34 2C 35 2C 31 2C 30 2E 30 30 2C 30 2E 30 2C 30 2E 30 30
15:58:20.557    ← RX  0x36 46  hwid=5047 seq=14931
15:58:20.578    GPS → lat=36.058852 lon=-87.384100 alt=261.4m baro=0.0m sats=5 fix=True
15:58:30.727    ← RX  [RAW] 22 69 30 47 50 53 3A 33 36 2E 30 35 38 38 35 36 2C 2D 38 37 2E 33 38 34 31 31 30 2C 32 36 34 2E 38 2C 36 2C 31 2C 30 2E 30 30 2C 30 2E 30 2C 30 2E 30 30
15:58:30.740    ← RX  0x36 46  hwid=5047 seq=14931
15:58:30.755    GPS → lat=36.058856 lon=-87.384110 alt=264.8m baro=0.0m sats=6 fix=True
15:58:40.918    ← RX  [RAW] 22 69 30 47 50 53 3A 33 36 2E 30 35 38 38 35 36 2C 2D 38 37 2E 33 38 34 31 32 30 2C 32 36 39 2E 31 2C 36 2C 31 2C 30 2E 30 30 2C 30 2E 30 2C 30 2E 30 30
15:58:40.929    ← RX  0x36 46  hwid=5047 seq=14931
15:58:40.955    GPS → lat=36.058856 lon=-87.384120 alt=269.1m baro=0.0m sats=6 fix=True
15:58:51.077    ← RX  [RAW] 22 69 30 47 50 53 3A 33 36 2E 30 35 38 38 37 30 2C 2D 38 37 2E 33 38 34 31 33 32 2C 32 37 35 2E 31 2C 37 2C 31 2C 30 2E 30 30 2C 30 2E 30 2C 30 2E 30 30
15:58:51.102    ← RX  0x36 46  hwid=5047 seq=14931
15:58:51.119    GPS → lat=36.058870 lon=-87.384132 alt=275.1m baro=0.0m sats=7 fix=True
15:59:01.252    ← RX  [RAW] 22 69 30 47 50 53 3A 33 36 2E 30 35 38 38 37 36 2C 2D 38 37 2E 33 38 34 31 33 30 2C 32 37 36 2E 30 2C 37 2C 31 2C 30 2E 30 30 2C 30 2E 30 2C 30 2E 30 30
15:59:01.258    ← RX  0x36 46  hwid=5047 seq=14931
15:59:01.270    GPS → lat=36.058876 lon=-87.384130 alt=276.0m baro=0.0m sats=7 fix=True
15:59:11.428    ← RX  [RAW] 22 69 30 47 50 53 3A 33 36 2E 30 35 38 38 38 30 2C 2D 38 37 2E 33 38 34 31 32 30 2C 32 36 39 2E 33 2C 36 2C 31 2C 30 2E 30 30 2C 30 2E 30 2C 30 2E 30 30
15:59:11.445    ← RX  0x36 46  hwid=5047 seq=14931
15:59:11.458    GPS → lat=36.058880 lon=-87.384120 alt=269.3m baro=0.0m sats=6 fix=True
15:59:21.603    ← RX  [RAW] 22 69 30 47 50 53 3A 33 36 2E 30 35 38 38 38 34 2C 2D 38 37 2E 33 38 34 31 32 30 2C 32 37 30 2E 32 2C 37 2C 31 2C 30 2E 30 30 2C 30 2E 30 2C 30 2E 30 30
15:59:21.614    ← RX  0x36 46  hwid=5047 seq=14931
15:59:21.638    GPS → lat=36.058884 lon=-87.384120 alt=270.2m baro=0.0m sats=7 fix=True
15:59:31.826    ← RX  [RAW] 22 69 30 47 50 53 3A 33 36 2E 30 35 38 38 38 38 2C 2D 38 37 2E 33 38 34 31 35 30 2C 32 37 38 2E 30 2C 37 2C 31 2C 30 2E 30 30 2C 30 2E 30 2C 30 2E 30 30
15:59:31.855    ← RX  0x36 46  hwid=5047 seq=14931
15:59:31.870    GPS → lat=36.058888 lon=-87.384150 alt=278.0m baro=0.0m sats=7 fix=True
15:59:42.017    ← RX  [RAW] 22 69 30 47 50 53 3A 33 36 2E 30 35 38 38 39 30 2C 2D 38 37 2E 33 38 34 31 35 30 2C 32 38 34 2E 39 2C 37 2C 31 2C 30 2E 30 30 2C 30 2E 30 2C 30 2E 30 30
15:59:42.023    ← RX  0x36 46  hwid=5047 seq=14931
15:59:42.039    GPS → lat=36.058890 lon=-87.384150 alt=284.9m baro=0.0m sats=7 fix=True
15:59:52.240    ← RX  [RAW] 22 69 30 47 50 53 3A 33 36 2E 30 35 38 39 30 30 2C 2D 38 37 2E 33 38 34 31 35 30 2C 32 38 37 2E 30 2C 37 2C 31 2C 30 2E 30 30 2C 30 2E 30 2C 30 2E 30 30
15:59:52.263    ← RX  0x36 46  hwid=5047 seq=14931
15:59:52.291    GPS → lat=36.058900 lon=-87.384150 alt=287.0m baro=0.0m sats=7 fix=True
16:00:02.399    ← RX  [RAW] 22 69 30 47 50 53 3A 33 36 2E 30 35 38 39 30 30 2C 2D 38 37 2E 33 38 34 31 35 30 2C 32 38 33 2E 33 2C 36 2C 31 2C 30 2E 30 30 2C 30 2E 30 2C 30 2E 30 30
16:00:02.405    ← RX  0x36 46  hwid=5047 seq=14931
16:00:02.429    GPS → lat=36.058900 lon=-87.384150 alt=283.3m baro=0.0m sats=6 fix=True
16:00:12.575    ← RX  [RAW] 22 69 30 47 50 53 3A 33 36 2E 30 35 38 38 39 36 2C 2D 38 37 2E 33 38 34 31 33 32 2C 32 37 33 2E 39 2C 37 2C 31 2C 30 2E 30 30 2C 30 2E 30 2C 30 2E 30 30
16:00:12.588    ← RX  0x36 46  hwid=5047 seq=14931
16:00:12.606    GPS → lat=36.058896 lon=-87.384132 alt=273.9m baro=0.0m sats=7 fix=True
16:00:22.750    ← RX  [RAW] 22 69 30 47 50 53 3A 33 36 2E 30 35 38 38 39 36 2C 2D 38 37 2E 33 38 34 31 31 30 2C 32 37 30 2E 39 2C 37 2C 31 2C 30 2E 30 30 2C 30 2E 30 2C 30 2E 30 30
16:00:22.756    ← RX  0x36 46  hwid=5047 seq=14931
16:00:22.771    GPS → lat=36.058896 lon=-87.384110 alt=270.9m baro=0.0m sats=7 fix=True
16:00:32.925    ← RX  [RAW] 22 69 30 47 50 53 3A 33 36 2E 30 35 38 38 38 38 2C 2D 38 37 2E 33 38 34 31 30 30 2C 32 36 36 2E 32 2C 37 2C 31 2C 30 2E 30 30 2C 30 2E 30 2C 30 2E 30 30
16:00:32.943    ← RX  0x36 46  hwid=5047 seq=14931
16:00:32.963    GPS → lat=36.058888 lon=-87.384100 alt=266.2m baro=0.0m sats=7 fix=True
16:00:43.100    ← RX  [RAW] 22 69 30 47 50 53 3A 33 36 2E 30 35 38 38 38 34 2C 2D 38 37 2E 33 38 34 30 39 32 2C 32 36 33 2E 31 2C 37 2C 31 2C 30 2E 30 30 2C 30 2E 30 2C 30 2E 30 30
16:00:43.106    ← RX  0x36 46  hwid=5047 seq=14931
16:00:43.127    GPS → lat=36.058884 lon=-87.384092 alt=263.1m baro=0.0m sats=7 fix=True
16:00:53.276    ← RX  [RAW] 22 69 30 47 50 53 3A 33 36 2E 30 35 38 38 38 34 2C 2D 38 37 2E 33 38 34 30 39 30 2C 32 36 31 2E 30 2C 37 2C 31 2C 30 2E 30 30 2C 30 2E 30 2C 30 2E 30 30
16:00:53.284    ← RX  0x36 46  hwid=5047 seq=14931
16:00:53.311    GPS → lat=36.058884 lon=-87.384090 alt=261.0m baro=0.0m sats=7 fix=True
16:01:03.451    ← RX  [RAW] 22 69 30 47 50 53 3A 33 36 2E 30 35 38 38 38 38 2C 2D 38 37 2E 33 38 34 30 38 30 2C 32 36 30 2E 38 2C 37 2C 31 2C 30 2E 30 30 2C 30 2E 30 2C 30 2E 30 30
16:01:03.457    ← RX  0x36 46  hwid=5047 seq=14931
16:01:03.474    GPS → lat=36.058888 lon=-87.384080 alt=260.8m baro=0.0m sats=7 fix=True
16:01:13.690    ← RX  [RAW] 22 69 30 47 50 53 3A 33 36 2E 30 35 38 38 39 30 2C 2D 38 37 2E 33 38 34 30 38 30 2C 32 36 35 2E 34 2C 37 2C 31 2C 30 2E 30 30 2C 30 2E 30 2C 30 2E 30 30
16:01:13.710    ← RX  0x36 46  hwid=5047 seq=14931
16:01:13.724    GPS → lat=36.058890 lon=-87.384080 alt=265.4m baro=0.0m sats=7 fix=True
